timestamp,unique_device_id,device_short_id,pc_name,collection_mode,sample_index,true_label,prediction,correct,model_type,framework,pennylane_version,quantum_device,circuit_type,n_qubits,n_layers,parameter_count,circuit_depth_estimate,encoding_gates,trainable_gates,entangling_gates,entangling_type,total_gates,raw_score,confidence_score,score_margin,entropy,execution_time_sec,cpu_energy_kwh,gpu_energy_kwh,ram_energy_kwh,total_energy_kwh,total_emissions_kg,carbon_intensity_kgco2_kwh,codecarbon_version,input_tokens,output_tokens,total_tokens,tokens_per_second,joules_per_token,energy_per_token_kwh,watts_estimated,cpu_model,cpu_core_count,cpu_thread_count,cpu_usage_pct,cpu_clock_mhz,cpu_cores_used,ram_usage_pct,memory_footprint_mb,system_ram_total_gb,os_full_name,os_name,os_architecture,python_version,model_accuracy,model_precision_weighted,model_recall_weighted,model_f1_weighted,model_precision_macro,model_recall_macro,model_macro_f1
2026-07-06 00:35:06,c9160e6539125e06c66b22677b30e1ed0aad8c344173a6c30f97b14607f84244,c9160e65,ubuntu,quantum_circuit_qubit_sweep_codecarbon,0,-1,1,False,RY_RZ_LINEAR_1Q,PennyLane,0.42.3,default.qubit,RY_RZ_LINEAR,1,4,13,6,2,4,0,CNOT_LINEAR,6,0.14839623,0.537031,0.148396,0.690402,0.0220588748,4.583310734069779e-07,0,8.582973198887582e-07,1.3166283932957365e-06,4.845293267906885e-07,0.36800765,3.2.8,1,1,2,90.6665,2.36993111,6.58314e-07,214.87325403,Cortex-A53,4,4,23.1,1200.0,4,47.3,217.5078,0.88,Debian GNU/Linux 13 (trixie) aarch64,Linux,aarch64,3.10.20,0.6666666666666666,0.7222222222222222,0.6666666666666666,0.6444444444444444,0.7222222222222223,0.6666666666666666,0.6444444444444444
2026-07-06 00:35:10,c9160e6539125e06c66b22677b30e1ed0aad8c344173a6c30f97b14607f84244,c9160e65,ubuntu,quantum_circuit_qubit_sweep_codecarbon,1,1,1,True,RY_RZ_LINEAR_1Q,PennyLane,0.42.3,default.qubit,RY_RZ_LINEAR,1,4,13,6,2,4,0,CNOT_LINEAR,6,0.11479166,0.528666,0.114792,0.691503,0.0217121069,4.578518341812822e-07,0,8.574553982665142e-07,1.3153072324477964e-06,4.840431294858954e-07,0.36800765,3.2.8,1,1,2,92.1145,2.36755302,6.57654e-07,218.08597672,Cortex-A53,4,4,23.8,1200.0,1,47.5,218.0625,0.88,Debian GNU/Linux 13 (trixie) aarch64,Linux,aarch64,3.10.20,0.6666666666666666,0.7222222222222222,0.6666666666666666,0.6444444444444444,0.7222222222222223,0.6666666666666666,0.6444444444444444
2026-07-06 00:35:15,c9160e6539125e06c66b22677b30e1ed0aad8c344173a6c30f97b14607f84244,c9160e65,ubuntu,quantum_circuit_qubit_sweep_codecarbon,2,1,1,True,RY_RZ_LINEAR_1Q,PennyLane,0.42.3,default.qubit,RY_RZ_LINEAR,1,4,13,6,2,4,0,CNOT_LINEAR,6,0.33488551,0.582948,0.334886,0.679323,0.0425820842,4.683555143973198e-07,0,8.767512440681458e-07,1.3451067584654656e-06,4.950095831591906e-07,0.36800765,3.2.8,1,1,2,46.9681,2.42119217,6.72553e-07,113.71881913,Cortex-A53,4,4,25.6,1200.0,1,47.6,218.1406,0.88,Debian GNU/Linux 13 (trixie) aarch64,Linux,aarch64,3.10.20,0.6666666666666666,0.7222222222222222,0.6666666666666666,0.6444444444444444,0.7222222222222223,0.6666666666666666,0.6444444444444444
2026-07-06 00:35:20,c9160e6539125e06c66b22677b30e1ed0aad8c344173a6c30f97b14607f84244,c9160e65,ubuntu,quantum_circuit_qubit_sweep_codecarbon,3,1,1,True,RY_RZ_LINEAR_1Q,PennyLane,0.42.3,default.qubit,RY_RZ_LINEAR,1,4,13,6,2,4,0,CNOT_LINEAR,6,0.15948715,0.539787,0.159487,0.689978,0.022014136,4.581107043358195e-07,0,8.579142059898004e-07,1.31602491032562e-06,4.843072404383593e-07,0.36800765,3.2.8,1,1,2,90.8507,2.36884484,6.58012e-07,215.21124816,Cortex-A53,4,4,26.1,1200.0,1,52.4,218.1875,0.88,Debian GNU/Linux 13 (trixie) aarch64,Linux,aarch64,3.10.20,0.6666666666666666,0.7222222222222222,0.6666666666666666,0.6444444444444444,0.7222222222222223,0.6666666666666666,0.6444444444444444
2026-07-06 00:35:25,c9160e6539125e06c66b22677b30e1ed0aad8c344173a6c30f97b14607f84244,c9160e65,ubuntu,quantum_circuit_qubit_sweep_codecarbon,4,-1,1,False,RY_RZ_LINEAR_1Q,PennyLane,0.42.3,default.qubit,RY_RZ_LINEAR,1,4,13,6,2,4,0,CNOT_LINEAR,6,0.05078852,0.512694,0.050789,0.692825,0.021788409,4.580532218226128e-07,0,8.578274441727748e-07,1.3158806659953876e-06,4.842541574207237e-07,0.36800765,3.2.8,1,1,2,91.7919,2.3685852,6.5794e-07,217.4169946,Cortex-A53,4,4,29.2,1200.0,1,52.5,218.2031,0.88,Debian GNU/Linux 13 (trixie) aarch64,Linux,aarch64,3.10.20,0.6666666666666666,0.7222222222222222,0.6666666666666666,0.6444444444444444,0.7222222222222223,0.6666666666666666,0.6444444444444444
2026-07-06 00:35:30,c9160e6539125e06c66b22677b30e1ed0aad8c344173a6c30f97b14607f84244,c9160e65,ubuntu,quantum_circuit_qubit_sweep_codecarbon,5,1,1,True,RY_RZ_LINEAR_1Q,PennyLane,0.42.3,default.qubit,RY_RZ_LINEAR,1,4,13,6,2,4,0,CNOT_LINEAR,6,0.33751437,0.583587,0.337514,0.679108,0.037536073,4.663763649554716e-07,0,8.730496167360494e-07,1.339425981691521e-06,4.929190138231933e-07,0.36800765,3.2.8,1,1,2,53.2821,2.41096677,6.69713e-07,128.46132127,Cortex-A53,4,4,26.8,1200.0,1,52.5,218.2109,0.88,Debian GNU/Linux 13 (trixie) aarch64,Linux,aarch64,3.10.20,0.6666666666666666,0.7222222222222222,0.6666666666666666,0.6444444444444444,0.7222222222222223,0.6666666666666666,0.6444444444444444
2026-07-06 00:35:35,c9160e6539125e06c66b22677b30e1ed0aad8c344173a6c30f97b14607f84244,c9160e65,ubuntu,quantum_circuit_qubit_sweep_codecarbon,6,1,1,True,RY_RZ_LINEAR_1Q,PennyLane,0.42.3,default.qubit,RY_RZ_LINEAR,1,4,13,6,2,4,0,CNOT_LINEAR,6,0.11761147,0.529369,0.117611,0.691421,0.021819554,4.580384995788336e-07,0,8.577921142568812e-07,1.3158306138357148e-06,4.842357378428427e-07,0.36800765,3.2.8,1,1,2,91.6609,2.3684951,6.57915e-07,217.09839724,Cortex-A53,4,4,26.1,1200.0,1,52.6,218.2227,0.88,Debian GNU/Linux 13 (trixie) aarch64,Linux,aarch64,3.10.20,0.6666666666666666,0.7222222222222222,0.6666666666666666,0.6444444444444444,0.7222222222222223,0.6666666666666666,0.6444444444444444
2026-07-06 00:35:40,c9160e6539125e06c66b22677b30e1ed0aad8c344173a6c30f97b14607f84244,c9160e65,ubuntu,quantum_circuit_qubit_sweep_codecarbon,7,1,1,True,RY_RZ_LINEAR_1Q,PennyLane,0.42.3,default.qubit,RY_RZ_LINEAR,1,4,13,6,2,4,0,CNOT_LINEAR,6,0.17806734,0.5444,0.178067,0.689199,0.0216883051,4.579707453441289e-07,0,8.576265774900094e-07,1.3155973228341383e-06,4.841498849685497e-07,0.36800765,3.2.8,1,1,2,92.2156,2.36807518,6.57799e-07,218.37346653,Cortex-A53,4,4,25.0,1200.0,2,48.1,218.2227,0.88,Debian GNU/Linux 13 (trixie) aarch64,Linux,aarch64,3.10.20,0.6666666666666666,0.7222222222222222,0.6666666666666666,0.6444444444444444,0.7222222222222223,0.6666666666666666,0.6444444444444444
2026-07-06 00:35:45,c9160e6539125e06c66b22677b30e1ed0aad8c344173a6c30f97b14607f84244,c9160e65,ubuntu,quantum_circuit_qubit_sweep_codecarbon,8,1,-1,False,RY_RZ_LINEAR_1Q,PennyLane,0.42.3,default.qubit,RY_RZ_LINEAR,1,4,13,6,2,4,0,CNOT_LINEAR,6,-0.03588775,0.508971,0.035888,0.692986,0.040438659,4.67035705889727e-07,0,8.73967493340994e-07,1.341003199230721e-06,4.934994419503416e-07,0.36800765,3.2.8,1,1,2,49.4576,2.41380576,6.70502e-07,119.38109803,Cortex-A53,4,4,24.4,1200.0,1,48.1,218.2266,0.88,Debian GNU/Linux 13 (trixie) aarch64,Linux,aarch64,3.10.20,0.6666666666666666,0.7222222222222222,0.6666666666666666,0.6444444444444444,0.7222222222222223,0.6666666666666666,0.6444444444444444
2026-07-06 00:35:49,c9160e6539125e06c66b22677b30e1ed0aad8c344173a6c30f97b14607f84244,c9160e65,ubuntu,quantum_circuit_qubit_sweep_codecarbon,9,-1,-1,True,RY_RZ_LINEAR_1Q,PennyLane,0.42.3,default.qubit,RY_RZ_LINEAR,1,4,13,6,2,4,0,CNOT_LINEAR,6,-0.22300645,0.555522,0.223006,0.686969,0.0217894502,4.585706625584039e-07,0,8.577310466595615e-07,1.3163017092179657e-06,4.84409104549484e-07,0.36800765,3.2.8,1,1,2,91.7875,2.36934308,6.58151e-07,217.47616897,Cortex-A53,4,4,34.6,1200.0,3,52.7,218.2266,0.88,Debian GNU/Linux 13 (trixie) aarch64,Linux,aarch64,3.10.20,0.6666666666666666,0.7222222222222222,0.6666666666666666,0.6444444444444444,0.7222222222222223,0.6666666666666666,0.6444444444444444
2026-07-06 00:35:54,c9160e6539125e06c66b22677b30e1ed0aad8c344173a6c30f97b14607f84244,c9160e65,ubuntu,quantum_circuit_qubit_sweep_codecarbon,10,1,1,True,RY_RZ_LINEAR_1Q,PennyLane,0.42.3,default.qubit,RY_RZ_LINEAR,1,4,13,6,2,4,0,CNOT_LINEAR,6,0.53307653,0.6302,0.533077,0.658849,0.0242316232,4.5911441867550213e-07,0,8.598201399824271e-07,1.3189345586579292e-06,4.853780132963884e-07,0.36800765,3.2.8,1,1,2,82.5368,2.37408221,6.59467e-07,195.94908603,Cortex-A53,4,4,27.3,1200.0,4,47.9,218.2344,0.88,Debian GNU/Linux 13 (trixie) aarch64,Linux,aarch64,3.10.20,0.6666666666666666,0.7222222222222222,0.6666666666666666,0.6444444444444444,0.7222222222222223,0.6666666666666666,0.6444444444444444
2026-07-06 00:35:59,c9160e6539125e06c66b22677b30e1ed0aad8c344173a6c30f97b14607f84244,c9160e65,ubuntu,quantum_circuit_qubit_sweep_codecarbon,11,1,1,True,RY_RZ_LINEAR_1Q,PennyLane,0.42.3,default.qubit,RY_RZ_LINEAR,1,4,13,6,2,4,0,CNOT_LINEAR,6,0.14477526,0.536131,0.144775,0.690534,0.021975179,4.580984127266517e-07,0,8.578999266804507e-07,1.3159983394071024e-06,4.842974621369593e-07,0.36800765,3.2.8,1,1,2,91.0118,2.36879701,6.57999e-07,215.58841584,Cortex-A53,4,4,25.0,1200.0,2,48.1,218.2344,0.88,Debian GNU/Linux 13 (trixie) aarch64,Linux,aarch64,3.10.20,0.6666666666666666,0.7222222222222222,0.6666666666666666,0.6444444444444444,0.7222222222222223,0.6666666666666666,0.6444444444444444
2026-07-06 00:36:04,c9160e6539125e06c66b22677b30e1ed0aad8c344173a6c30f97b14607f84244,c9160e65,ubuntu,quantum_circuit_qubit_sweep_codecarbon,12,-1,-1,True,RY_RZ_LINEAR_1Q,PennyLane,0.42.3,default.qubit,RY_RZ_LINEAR,1,4,13,6,2,4,0,CNOT_LINEAR,6,-0.01832936,0.504582,0.018329,0.693105,0.037887685,4.664934335492944e-07,0,8.732817776035517e-07,1.339775211152846e-06,4.930475329381181e-07,0.36800765,3.2.8,1,1,2,52.7876,2.41159538,6.69888e-07,127.30233478,Cortex-A53,4,4,25.6,1200.0,1,48.2,218.2344,0.88,Debian GNU/Linux 13 (trixie) aarch64,Linux,aarch64,3.10.20,0.6666666666666666,0.7222222222222222,0.6666666666666666,0.6444444444444444,0.7222222222222223,0.6666666666666666,0.6444444444444444
2026-07-06 00:36:09,c9160e6539125e06c66b22677b30e1ed0aad8c344173a6c30f97b14607f84244,c9160e65,ubuntu,quantum_circuit_qubit_sweep_codecarbon,13,1,1,True,RY_RZ_LINEAR_1Q,PennyLane,0.42.3,default.qubit,RY_RZ_LINEAR,1,4,13,6,2,4,0,CNOT_LINEAR,6,0.19052992,0.547489,0.19053,0.68863,0.0218990331,4.58064986900963e-07,0,8.57830048383524e-07,1.3158950352844869e-06,4.842594454291012e-07,0.36800765,3.2.8,1,1,2,91.3282,2.36861106,6.57948e-07,216.32106332,Cortex-A53,4,4,25.0,1200.0,1,49.3,218.2539,0.88,Debian GNU/Linux 13 (trixie) aarch64,Linux,aarch64,3.10.20,0.6666666666666666,0.7222222222222222,0.6666666666666666,0.6444444444444444,0.7222222222222223,0.6666666666666666,0.6444444444444444
2026-07-06 00:36:14,c9160e6539125e06c66b22677b30e1ed0aad8c344173a6c30f97b14607f84244,c9160e65,ubuntu,quantum_circuit_qubit_sweep_codecarbon,14,1,1,True,RY_RZ_LINEAR_1Q,PennyLane,0.42.3,default.qubit,RY_RZ_LINEAR,1,4,13,6,2,4,0,CNOT_LINEAR,6,0.2721883,0.56763,0.272188,0.683971,0.0217013261,4.579613299609128e-07,0,8.576519251801073e-07,1.31561325514102e-06,4.841557481794352e-07,0.36800765,3.2.8,1,1,2,92.1603,2.36810386,6.57807e-07,218.24508284,Cortex-A53,4,4,25.0,1200.0,2,49.5,218.2578,0.88,Debian GNU/Linux 13 (trixie) aarch64,Linux,aarch64,3.10.20,0.6666666666666666,0.7222222222222222,0.6666666666666666,0.6444444444444444,0.7222222222222223,0.6666666666666666,0.6444444444444444
2026-07-06 00:36:19,c9160e6539125e06c66b22677b30e1ed0aad8c344173a6c30f97b14607f84244,c9160e65,ubuntu,quantum_circuit_qubit_sweep_codecarbon,15,-1,1,False,RY_RZ_LINEAR_1Q,PennyLane,0.42.3,default.qubit,RY_RZ_LINEAR,1,4,13,6,2,4,0,CNOT_LINEAR,6,0.20674847,0.551504,0.206748,0.687832,0.0403441279,4.678528316443114e-07,0,8.754578050381194e-07,1.343310636682431e-06,4.943485965947208e-07,0.36800765,3.2.8,1,1,2,49.5735,2.41795915,6.71655e-07,119.86672018,Cortex-A53,4,4,25.6,700.0,1,49.7,218.2578,0.88,Debian GNU/Linux 13 (trixie) aarch64,Linux,aarch64,3.10.20,0.6666666666666666,0.7222222222222222,0.6666666666666666,0.6444444444444444,0.7222222222222223,0.6666666666666666,0.6444444444444444
2026-07-06 00:36:24,c9160e6539125e06c66b22677b30e1ed0aad8c344173a6c30f97b14607f84244,c9160e65,ubuntu,quantum_circuit_qubit_sweep_codecarbon,16,1,1,True,RY_RZ_LINEAR_1Q,PennyLane,0.42.3,default.qubit,RY_RZ_LINEAR,1,4,13,6,2,4,0,CNOT_LINEAR,6,0.03278968,0.508197,0.03279,0.693013,0.0218451649,4.580203948154836e-07,0,8.577733775988843e-07,1.315793772414368e-06,4.842221799177865e-07,0.36800765,3.2.8,1,1,2,91.5534,2.36842879,6.57897e-07,216.83780339,Cortex-A53,4,4,25.0,1200.0,1,49.8,218.2578,0.88,Debian GNU/Linux 13 (trixie) aarch64,Linux,aarch64,3.10.20,0.6666666666666666,0.7222222222222222,0.6666666666666666,0.6444444444444444,0.7222222222222223,0.6666666666666666,0.6444444444444444
2026-07-06 00:36:29,c9160e6539125e06c66b22677b30e1ed0aad8c344173a6c30f97b14607f84244,c9160e65,ubuntu,quantum_circuit_qubit_sweep_codecarbon,17,1,1,True,RY_RZ_LINEAR_1Q,PennyLane,0.42.3,default.qubit,RY_RZ_LINEAR,1,4,13,6,2,4,0,CNOT_LINEAR,6,0.10715394,0.526763,0.107154,0.691714,0.0216856059,4.58034406726559e-07,0,8.577529533067719e-07,1.3157873600333308e-06,4.842198201124816e-07,0.36800765,3.2.8,1,1,2,92.2271,2.36841725,6.57894e-07,218.43219529,Cortex-A53,4,4,25.0,1200.0,1,49.9,218.2617,0.88,Debian GNU/Linux 13 (trixie) aarch64,Linux,aarch64,3.10.20,0.6666666666666666,0.7222222222222222,0.6666666666666666,0.6444444444444444,0.7222222222222223,0.6666666666666666,0.6444444444444444
2026-07-06 00:36:33,c9160e6539125e06c66b22677b30e1ed0aad8c344173a6c30f97b14607f84244,c9160e65,ubuntu,quantum_circuit_qubit_sweep_codecarbon,18,-1,-1,True,RY_RZ_LINEAR_1Q,PennyLane,0.42.3,default.qubit,RY_RZ_LINEAR,1,4,13,6,2,4,0,CNOT_LINEAR,6,-0.1954202,0.5487,0.19542,0.688396,0.0390794219,4.670908173753156e-07,0,8.742892817826941e-07,1.3413800991580097e-06,4.936381440085432e-07,0.36800765,3.2.8,1,1,2,51.1778,2.41448418,6.7069e-07,123.56806018,Cortex-A53,4,4,27.5,1200.0,2,50.1,218.2695,0.88,Debian GNU/Linux 13 (trixie) aarch64,Linux,aarch64,3.10.20,0.6666666666666666,0.7222222222222222,0.6666666666666666,0.6444444444444444,0.7222222222222223,0.6666666666666666,0.6444444444444444
2026-07-06 00:36:38,c9160e6539125e06c66b22677b30e1ed0aad8c344173a6c30f97b14607f84244,c9160e65,ubuntu,quantum_circuit_qubit_sweep_codecarbon,19,1,1,True,RY_RZ_LINEAR_1Q,PennyLane,0.42.3,default.qubit,RY_RZ_LINEAR,1,4,13,6,2,4,0,CNOT_LINEAR,6,0.32002046,0.579329,0.32002,0.680508,0.021691554,4.580531066490545e-07,0,8.577421292041739e-07,1.3157952358532283e-06,4.842227184744889e-07,0.36800765,3.2.8,1,1,2,92.2018,2.36843142,6.57898e-07,218.37360526,Cortex-A53,4,4,26.9,1200.0,1,50.2,218.2695,0.88,Debian GNU/Linux 13 (trixie) aarch64,Linux,aarch64,3.10.20,0.6666666666666666,0.7222222222222222,0.6666666666666666,0.6444444444444444,0.7222222222222223,0.6666666666666666,0.6444444444444444
2026-07-06 00:36:43,c9160e6539125e06c66b22677b30e1ed0aad8c344173a6c30f97b14607f84244,c9160e65,ubuntu,quantum_circuit_qubit_sweep_codecarbon,20,-1,-1,True,RY_RZ_LINEAR_1Q,PennyLane,0.42.3,default.qubit,RY_RZ_LINEAR,1,4,13,6,2,4,0,CNOT_LINEAR,6,-0.20269868,0.550502,0.202699,0.688038,0.0241798139,4.590901906291644e-07,0,8.597733749775216e-07,1.318863565606686e-06,4.853518873101186e-07,0.36800765,3.2.8,1,1,2,82.7136,2.37395442,6.59432e-07,196.35836952,Cortex-A53,4,4,25.0,1200.0,1,50.2,218.5117,0.88,Debian GNU/Linux 13 (trixie) aarch64,Linux,aarch64,3.10.20,0.6666666666666666,0.7222222222222222,0.6666666666666666,0.6444444444444444,0.7222222222222223,0.6666666666666666,0.6444444444444444
2026-07-06 00:36:48,c9160e6539125e06c66b22677b30e1ed0aad8c344173a6c30f97b14607f84244,c9160e65,ubuntu,quantum_circuit_qubit_sweep_codecarbon,21,1,1,True,RY_RZ_LINEAR_1Q,PennyLane,0.42.3,default.qubit,RY_RZ_LINEAR,1,4,13,6,2,4,0,CNOT_LINEAR,6,0.25267435,0.562835,0.252674,0.68523,0.0217713548,4.580114190984103e-07,0,8.57772941623504e-07,1.3157843607219143e-06,4.842187163429222e-07,0.36800765,3.2.8,1,1,2,91.8638,2.36841185,6.57892e-07,217.57137922,Cortex-A53,4,4,26.9,1200.0,1,50.3,218.5195,0.88,Debian GNU/Linux 13 (trixie) aarch64,Linux,aarch64,3.10.20,0.6666666666666666,0.7222222222222222,0.6666666666666666,0.6444444444444444,0.7222222222222223,0.6666666666666666,0.6444444444444444
2026-07-06 00:36:53,c9160e6539125e06c66b22677b30e1ed0aad8c344173a6c30f97b14607f84244,c9160e65,ubuntu,quantum_circuit_qubit_sweep_codecarbon,22,1,1,True,RY_RZ_LINEAR_1Q,PennyLane,0.42.3,default.qubit,RY_RZ_LINEAR,1,4,13,6,2,4,0,CNOT_LINEAR,6,0.11145542,0.527835,0.111455,0.691597,0.0406427579,4.6768816446678507e-07,0,8.755631958289693e-07,1.3432513602957543e-06,4.943267824306962e-07,0.36800765,3.2.8,1,1,2,49.2093,2.41785245,6.71626e-07,118.98072736,Cortex-A53,4,4,26.2,1200.0,1,50.4,218.5391,0.88,Debian GNU/Linux 13 (trixie) aarch64,Linux,aarch64,3.10.20,0.6666666666666666,0.7222222222222222,0.6666666666666666,0.6444444444444444,0.7222222222222223,0.6666666666666666,0.6444444444444444
2026-07-06 00:36:58,c9160e6539125e06c66b22677b30e1ed0aad8c344173a6c30f97b14607f84244,c9160e65,ubuntu,quantum_circuit_qubit_sweep_codecarbon,23,-1,1,False,RY_RZ_LINEAR_1Q,PennyLane,0.42.3,default.qubit,RY_RZ_LINEAR,1,4,13,6,2,4,0,CNOT_LINEAR,6,0.19090417,0.547582,0.190904,0.688612,0.021754748,4.580766295845269e-07,0,8.578576541428143e-07,1.3159342837273412e-06,4.842738891564965e-07,0.36800765,3.2.8,1,1,2,91.934,2.36868171,6.57967e-07,217.76227567,Cortex-A53,4,4,24.0,1200.0,1,50.5,218.5742,0.88,Debian GNU/Linux 13 (trixie) aarch64,Linux,aarch64,3.10.20,0.6666666666666666,0.7222222222222222,0.6666666666666666,0.6444444444444444,0.7222222222222223,0.6666666666666666,0.6444444444444444
2026-07-06 00:37:03,c9160e6539125e06c66b22677b30e1ed0aad8c344173a6c30f97b14607f84244,c9160e65,ubuntu,quantum_circuit_qubit_sweep_codecarbon,24,1,1,True,RY_RZ_LINEAR_1Q,PennyLane,0.42.3,default.qubit,RY_RZ_LINEAR,1,4,13,6,2,4,0,CNOT_LINEAR,6,0.03747108,0.509367,0.037471,0.692972,0.021630184,4.578004151375758e-07,0,8.573523059021682e-07,1.315152721039744e-06,4.839862681050331e-07,0.36800765,3.2.8,1,1,2,92.4634,2.3672749,6.57576e-07,218.88624664,Cortex-A53,4,4,26.9,1200.0,1,50.4,218.6094,0.88,Debian GNU/Linux 13 (trixie) aarch64,Linux,aarch64,3.10.20,0.6666666666666666,0.7222222222222222,0.6666666666666666,0.6444444444444444,0.7222222222222223,0.6666666666666666,0.6444444444444444
2026-07-06 00:37:08,c9160e6539125e06c66b22677b30e1ed0aad8c344173a6c30f97b14607f84244,c9160e65,ubuntu,quantum_circuit_qubit_sweep_codecarbon,25,1,-1,False,RY_RZ_LINEAR_1Q,PennyLane,0.42.3,default.qubit,RY_RZ_LINEAR,1,4,13,6,2,4,0,CNOT_LINEAR,6,-0.02131155,0.505328,0.021312,0.69309,0.034962856,4.650447705967559e-07,0,8.704432881980514e-07,1.3354880587948073e-06,4.914698280545937e-07,0.36800765,3.2.8,1,1,2,57.2036,2.40387851,6.67744e-07,137.51042005,Cortex-A53,4,4,25.6,900.0,1,50.4,218.6406,0.88,Debian GNU/Linux 13 (trixie) aarch64,Linux,aarch64,3.10.20,0.6666666666666666,0.7222222222222222,0.6666666666666666,0.6444444444444444,0.7222222222222223,0.6666666666666666,0.6444444444444444
2026-07-06 00:37:13,c9160e6539125e06c66b22677b30e1ed0aad8c344173a6c30f97b14607f84244,c9160e65,ubuntu,quantum_circuit_qubit_sweep_codecarbon,26,1,1,True,RY_RZ_LINEAR_1Q,PennyLane,0.42.3,default.qubit,RY_RZ_LINEAR,1,4,13,6,2,4,0,CNOT_LINEAR,6,0.19498016,0.548591,0.19498,0.688418,0.021809163,4.5812968940784533e-07,0,8.579293733540301e-07,1.3160590627618756e-06,4.843198087963193e-07,0.36800765,3.2.8,1,1,2,91.7046,2.36890631,6.5803e-07,217.23954366,Cortex-A53,4,4,24.0,1200.0,2,50.4,218.6641,0.88,Debian GNU/Linux 13 (trixie) aarch64,Linux,aarch64,3.10.20,0.6666666666666666,0.7222222222222222,0.6666666666666666,0.6444444444444444,0.7222222222222223,0.6666666666666666,0.6444444444444444
2026-07-06 00:37:18,c9160e6539125e06c66b22677b30e1ed0aad8c344173a6c30f97b14607f84244,c9160e65,ubuntu,quantum_circuit_qubit_sweep_codecarbon,27,-1,-1,True,RY_RZ_LINEAR_1Q,PennyLane,0.42.3,default.qubit,RY_RZ_LINEAR,1,4,13,6,2,4,0,CNOT_LINEAR,6,-0.21144224,0.552664,0.211442,0.68759,0.0235284811,4.589268067437742e-07,0,8.594510075636208e-07,1.318377814307395e-06,4.851731271138235e-07,0.36800765,3.2.8,1,1,2,85.0034,2.37308007,6.59189e-07,201.71978396,Cortex-A53,4,4,26.9,1200.0,1,50.4,218.7031,0.88,Debian GNU/Linux 13 (trixie) aarch64,Linux,aarch64,3.10.20,0.6666666666666666,0.7222222222222222,0.6666666666666666,0.6444444444444444,0.7222222222222223,0.6666666666666666,0.6444444444444444
2026-07-06 00:37:23,c9160e6539125e06c66b22677b30e1ed0aad8c344173a6c30f97b14607f84244,c9160e65,ubuntu,quantum_circuit_qubit_sweep_codecarbon,28,-1,1,False,RY_RZ_LINEAR_1Q,PennyLane,0.42.3,default.qubit,RY_RZ_LINEAR,1,4,13,6,2,4,0,CNOT_LINEAR,6,0.00559216,0.501398,0.005592,0.693143,0.037269956,4.663563517699208e-07,0,8.729166650058081e-07,1.3392730167757288e-06,4.928627215633204e-07,0.36800765,3.2.8,1,1,2,53.6625,2.41069143,6.69637e-07,129.36379277,Cortex-A53,4,4,26.2,1200.0,1,50.5,218.7383,0.88,Debian GNU/Linux 13 (trixie) aarch64,Linux,aarch64,3.10.20,0.6666666666666666,0.7222222222222222,0.6666666666666666,0.6444444444444444,0.7222222222222223,0.6666666666666666,0.6444444444444444
2026-07-06 00:37:28,c9160e6539125e06c66b22677b30e1ed0aad8c344173a6c30f97b14607f84244,c9160e65,ubuntu,quantum_circuit_qubit_sweep_codecarbon,29,1,1,True,RY_RZ_LINEAR_1Q,PennyLane,0.42.3,default.qubit,RY_RZ_LINEAR,1,4,13,6,2,4,0,CNOT_LINEAR,6,0.35567701,0.587994,0.355677,0.677581,0.021782845,4.580006044771937e-07,0,8.577307525168483e-07,1.315731356994042e-06,4.841992105653512e-07,0.36800765,3.2.8,1,1,2,91.8154,2.36831644,6.57866e-07,217.44785309,Cortex-A53,4,4,25.9,1200.0,1,50.5,218.7852,0.88,Debian GNU/Linux 13 (trixie) aarch64,Linux,aarch64,3.10.20,0.6666666666666666,0.7222222222222222,0.6666666666666666,0.6444444444444444,0.7222222222222223,0.6666666666666666,0.6444444444444444
2026-07-06 00:37:33,c9160e6539125e06c66b22677b30e1ed0aad8c344173a6c30f97b14607f84244,c9160e65,ubuntu,quantum_circuit_qubit_sweep_codecarbon,30,-1,1,False,RY_RZ_LINEAR_1Q,PennyLane,0.42.3,default.qubit,RY_RZ_LINEAR,1,4,13,6,2,4,0,CNOT_LINEAR,6,0.03660359,0.50915,0.036604,0.69298,0.021758626,4.580188350083318e-07,0,8.577517299757649e-07,1.3157705649840968e-06,4.842136394058067e-07,0.36800765,3.2.8,1,1,2,91.9176,2.36838702,6.57885e-07,217.6963765,Cortex-A53,4,4,24.1,1200.0,1,50.5,218.8008,0.88,Debian GNU/Linux 13 (trixie) aarch64,Linux,aarch64,3.10.20,0.6666666666666666,0.7222222222222222,0.6666666666666666,0.6444444444444444,0.7222222222222223,0.6666666666666666,0.6444444444444444
2026-07-06 00:37:38,c9160e6539125e06c66b22677b30e1ed0aad8c344173a6c30f97b14607f84244,c9160e65,ubuntu,quantum_circuit_qubit_sweep_codecarbon,31,-1,1,False,RY_RZ_LINEAR_1Q,PennyLane,0.42.3,default.qubit,RY_RZ_LINEAR,1,4,13,6,2,4,0,CNOT_LINEAR,6,0.05754219,0.514382,0.057542,0.692733,0.021745373,4.580553982199894e-07,0,8.578443707665429e-07,1.3158997689865325e-06,4.842611874676877e-07,0.36800765,3.2.8,1,1,2,91.9736,2.36861958,6.5795e-07,217.85044395,Cortex-A53,4,4,25.9,1200.0,1,50.5,218.8008,0.88,Debian GNU/Linux 13 (trixie) aarch64,Linux,aarch64,3.10.20,0.6666666666666666,0.7222222222222222,0.6666666666666666,0.6444444444444444,0.7222222222222223,0.6666666666666666,0.6444444444444444
2026-07-06 00:37:43,c9160e6539125e06c66b22677b30e1ed0aad8c344173a6c30f97b14607f84244,c9160e65,ubuntu,quantum_circuit_qubit_sweep_codecarbon,32,-1,1,False,RY_RZ_LINEAR_1Q,PennyLane,0.42.3,default.qubit,RY_RZ_LINEAR,1,4,13,6,2,4,0,CNOT_LINEAR,6,0.04985323,0.512461,0.049853,0.692837,0.0404119352,4.678537779725921e-07,0,8.755043899873272e-07,1.3433581679599193e-06,4.943660884686621e-07,0.36800765,3.2.8,1,1,2,49.4903,2.4180447,6.71679e-07,119.66982977,Cortex-A53,4,4,25.0,1200.0,1,50.5,218.8281,0.88,Debian GNU/Linux 13 (trixie) aarch64,Linux,aarch64,3.10.20,0.6666666666666666,0.7222222222222222,0.6666666666666666,0.6444444444444444,0.7222222222222223,0.6666666666666666,0.6444444444444444
2026-07-06 00:37:48,c9160e6539125e06c66b22677b30e1ed0aad8c344173a6c30f97b14607f84244,c9160e65,ubuntu,quantum_circuit_qubit_sweep_codecarbon,33,-1,-1,True,RY_RZ_LINEAR_1Q,PennyLane,0.42.3,default.qubit,RY_RZ_LINEAR,1,4,13,6,2,4,0,CNOT_LINEAR,6,-0.12124075,0.530273,0.121241,0.691313,0.021791985,4.5811137447490593e-07,0,8.578892816634228e-07,1.3160006561383288e-06,4.842983147117839e-07,0.36800765,3.2.8,1,1,2,91.7769,2.36880118,6.58e-07,217.40113884,Cortex-A53,4,4,23.1,1200.0,2,50.4,218.8281,0.88,Debian GNU/Linux 13 (trixie) aarch64,Linux,aarch64,3.10.20,0.6666666666666666,0.7222222222222222,0.6666666666666666,0.6444444444444444,0.7222222222222223,0.6666666666666666,0.6444444444444444
2026-07-06 00:37:53,c9160e6539125e06c66b22677b30e1ed0aad8c344173a6c30f97b14607f84244,c9160e65,ubuntu,quantum_circuit_qubit_sweep_codecarbon,34,1,1,True,RY_RZ_LINEAR_1Q,PennyLane,0.42.3,default.qubit,RY_RZ_LINEAR,1,4,13,6,2,4,0,CNOT_LINEAR,6,0.14789587,0.536907,0.147896,0.69042,0.021834566,4.580799657851458e-07,0,8.578384700619306e-07,1.3159184358470764e-06,4.842680570152524e-07,0.36800765,3.2.8,1,1,2,91.5979,2.36865318,6.57959e-07,216.96361465,Cortex-A53,4,4,25.9,1200.0,1,50.4,218.8281,0.88,Debian GNU/Linux 13 (trixie) aarch64,Linux,aarch64,3.10.20,0.6666666666666666,0.7222222222222222,0.6666666666666666,0.6444444444444444,0.7222222222222223,0.6666666666666666,0.6444444444444444
2026-07-06 00:37:58,c9160e6539125e06c66b22677b30e1ed0aad8c344173a6c30f97b14607f84244,c9160e65,ubuntu,quantum_circuit_qubit_sweep_codecarbon,35,-1,1,False,RY_RZ_LINEAR_1Q,PennyLane,0.42.3,default.qubit,RY_RZ_LINEAR,1,4,13,6,2,4,0,CNOT_LINEAR,6,0.18765264,0.546776,0.187653,0.688765,0.021777919,4.580338815198196e-07,0,8.577845117542892e-07,1.3158183932741088e-06,4.842312405826301e-07,0.36800765,3.2.8,1,1,2,91.8361,2.36847311,6.57909e-07,217.51142566,Cortex-A53,4,4,25.0,1200.0,1,50.5,218.8516,0.88,Debian GNU/Linux 13 (trixie) aarch64,Linux,aarch64,3.10.20,0.6666666666666666,0.7222222222222222,0.6666666666666666,0.6444444444444444,0.7222222222222223,0.6666666666666666,0.6444444444444444
2026-07-06 00:38:02,c9160e6539125e06c66b22677b30e1ed0aad8c344173a6c30f97b14607f84244,c9160e65,ubuntu,quantum_circuit_qubit_sweep_codecarbon,36,1,1,True,RY_RZ_LINEAR_1Q,PennyLane,0.42.3,default.qubit,RY_RZ_LINEAR,1,4,13,6,2,4,0,CNOT_LINEAR,6,0.24255694,0.560344,0.242557,0.685847,0.040111627,4.673525942489505e-07,0,8.749990407765533e-07,1.3423516350255038e-06,4.939956766443475e-07,0.36800765,3.2.8,1,1,2,49.8609,2.41623294,6.71176e-07,120.47543946,Cortex-A53,4,4,24.4,1200.0,2,50.3,218.9062,0.88,Debian GNU/Linux 13 (trixie) aarch64,Linux,aarch64,3.10.20,0.6666666666666666,0.7222222222222222,0.6666666666666666,0.6444444444444444,0.7222222222222223,0.6666666666666666,0.6444444444444444
2026-07-06 00:38:07,c9160e6539125e06c66b22677b30e1ed0aad8c344173a6c30f97b14607f84244,c9160e65,ubuntu,quantum_circuit_qubit_sweep_codecarbon,37,-1,1,False,RY_RZ_LINEAR_1Q,PennyLane,0.42.3,default.qubit,RY_RZ_LINEAR,1,4,13,6,2,4,0,CNOT_LINEAR,6,0.2168331,0.553997,0.216833,0.687304,0.0217985502,4.581812053090997e-07,0,8.579892674849058e-07,1.3161704727940055e-06,4.84360808540925e-07,0.36800765,3.2.8,1,1,2,91.7492,2.36910685,6.58085e-07,217.36370856,Cortex-A53,4,4,25.0,1200.0,1,50.5,218.9453,0.88,Debian GNU/Linux 13 (trixie) aarch64,Linux,aarch64,3.10.20,0.6666666666666666,0.7222222222222222,0.6666666666666666,0.6444444444444444,0.7222222222222223,0.6666666666666666,0.6444444444444444
2026-07-06 00:38:12,c9160e6539125e06c66b22677b30e1ed0aad8c344173a6c30f97b14607f84244,c9160e65,ubuntu,quantum_circuit_qubit_sweep_codecarbon,38,-1,1,False,RY_RZ_LINEAR_1Q,PennyLane,0.42.3,default.qubit,RY_RZ_LINEAR,1,4,13,6,2,4,0,CNOT_LINEAR,6,0.05345196,0.51336,0.053452,0.69279,0.0214233419,4.579062897696356e-07,0,8.57548915858691e-07,1.3154552056283265e-06,4.840975847489828e-07,0.36800765,3.2.8,1,1,2,93.3561,2.36781937,6.57728e-07,221.05042032,Cortex-A53,4,4,21.4,1200.0,1,50.5,218.957,0.88,Debian GNU/Linux 13 (trixie) aarch64,Linux,aarch64,3.10.20,0.6666666666666666,0.7222222222222222,0.6666666666666666,0.6444444444444444,0.7222222222222223,0.6666666666666666,0.6444444444444444
2026-07-06 00:38:17,c9160e6539125e06c66b22677b30e1ed0aad8c344173a6c30f97b14607f84244,c9160e65,ubuntu,quantum_circuit_qubit_sweep_codecarbon,39,-1,1,False,RY_RZ_LINEAR_1Q,PennyLane,0.42.3,default.qubit,RY_RZ_LINEAR,1,4,13,6,2,4,0,CNOT_LINEAR,6,0.2337902,0.558183,0.23379,0.686361,0.0394995911,4.6727074662016505e-07,0,8.746588975191117e-07,1.3419296441392768e-06,4.938403807681105e-07,0.36800765,3.2.8,1,1,2,50.6334,2.41547336,6.70965e-07,122.30371464,Cortex-A53,4,4,24.4,1200.0,1,50.5,218.9766,0.88,Debian GNU/Linux 13 (trixie) aarch64,Linux,aarch64,3.10.20,0.6666666666666666,0.7222222222222222,0.6666666666666666,0.6444444444444444,0.7222222222222223,0.6666666666666666,0.6444444444444444
2026-07-06 00:38:22,c9160e6539125e06c66b22677b30e1ed0aad8c344173a6c30f97b14607f84244,c9160e65,ubuntu,quantum_circuit_qubit_sweep_codecarbon,40,-1,-1,True,RY_RZ_LINEAR_1Q,PennyLane,0.42.3,default.qubit,RY_RZ_LINEAR,1,4,13,6,2,4,0,CNOT_LINEAR,6,-0.19886021,0.549552,0.19886,0.688228,0.0217330381,4.580958284851578e-07,0,8.57856480870396e-07,1.3159523093555538e-06,4.84280522725655e-07,0.36800765,3.2.8,1,1,2,92.0258,2.36871416,6.57976e-07,217.98279126,Cortex-A53,4,4,25.0,1200.0,3,50.0,219.0117,0.88,Debian GNU/Linux 13 (trixie) aarch64,Linux,aarch64,3.10.20,0.6666666666666666,0.7222222222222222,0.6666666666666666,0.6444444444444444,0.7222222222222223,0.6666666666666666,0.6444444444444444
2026-07-06 00:38:27,c9160e6539125e06c66b22677b30e1ed0aad8c344173a6c30f97b14607f84244,c9160e65,ubuntu,quantum_circuit_qubit_sweep_codecarbon,41,-1,1,False,RY_RZ_LINEAR_1Q,PennyLane,0.42.3,default.qubit,RY_RZ_LINEAR,1,4,13,6,2,4,0,CNOT_LINEAR,6,0.10866447,0.527139,0.108664,0.691673,0.0217867622,4.581644581630826e-07,0,8.579894131980836e-07,1.3161538713611662e-06,4.843546990865654e-07,0.36800765,3.2.8,1,1,2,91.7989,2.36907697,6.58077e-07,217.47857255,Cortex-A53,4,4,27.6,1200.0,1,50.3,219.0195,0.88,Debian GNU/Linux 13 (trixie) aarch64,Linux,aarch64,3.10.20,0.6666666666666666,0.7222222222222222,0.6666666666666666,0.6444444444444444,0.7222222222222223,0.6666666666666666,0.6444444444444444
2026-07-06 00:38:32,c9160e6539125e06c66b22677b30e1ed0aad8c344173a6c30f97b14607f84244,c9160e65,ubuntu,quantum_circuit_qubit_sweep_codecarbon,42,-1,-1,True,RY_RZ_LINEAR_1Q,PennyLane,0.42.3,default.qubit,RY_RZ_LINEAR,1,4,13,6,2,4,0,CNOT_LINEAR,6,-0.14910485,0.537207,0.149105,0.690376,0.0217764722,4.580485476937832e-07,0,8.578178141033276e-07,1.3158663617971108e-06,4.842488933662672e-07,0.36800765,3.2.8,1,1,2,91.8422,2.36855945,6.57933e-07,217.5338069,Cortex-A53,4,4,25.0,1200.0,2,50.0,219.0195,0.88,Debian GNU/Linux 13 (trixie) aarch64,Linux,aarch64,3.10.20,0.6666666666666666,0.7222222222222222,0.6666666666666666,0.6444444444444444,0.7222222222222223,0.6666666666666666,0.6444444444444444
2026-07-06 00:38:37,c9160e6539125e06c66b22677b30e1ed0aad8c344173a6c30f97b14607f84244,c9160e65,ubuntu,quantum_circuit_qubit_sweep_codecarbon,43,1,1,True,RY_RZ_LINEAR_1Q,PennyLane,0.42.3,default.qubit,RY_RZ_LINEAR,1,4,13,6,2,4,0,CNOT_LINEAR,6,0.29806176,0.573969,0.298062,0.682164,0.03528162,4.6516746706846694e-07,0,8.708112908061593e-07,1.3359787578746262e-06,4.916504090719955e-07,0.36800765,3.2.8,1,1,2,56.6867,2.40476176,6.67989e-07,136.31810359,Cortex-A53,4,4,25.0,1200.0,2,48.4,219.0391,0.88,Debian GNU/Linux 13 (trixie) aarch64,Linux,aarch64,3.10.20,0.6666666666666666,0.7222222222222222,0.6666666666666666,0.6444444444444444,0.7222222222222223,0.6666666666666666,0.6444444444444444
2026-07-06 00:38:42,c9160e6539125e06c66b22677b30e1ed0aad8c344173a6c30f97b14607f84244,c9160e65,ubuntu,quantum_circuit_qubit_sweep_codecarbon,44,1,1,True,RY_RZ_LINEAR_1Q,PennyLane,0.42.3,default.qubit,RY_RZ_LINEAR,1,4,13,6,2,4,0,CNOT_LINEAR,6,0.34550897,0.585528,0.345509,0.678445,0.0226469079,4.5852704511060354e-07,0,8.586113065636407e-07,1.317138351674244e-06,4.847169953774271e-07,0.36800765,3.2.8,1,1,2,88.3123,2.37084903,6.58569e-07,209.37507569,Cortex-A53,4,4,25.0,1200.0,1,48.4,219.0703,0.88,Debian GNU/Linux 13 (trixie) aarch64,Linux,aarch64,3.10.20,0.6666666666666666,0.7222222222222222,0.6666666666666666,0.6444444444444444,0.7222222222222223,0.6666666666666666,0.6444444444444444
2026-07-06 00:38:47,c9160e6539125e06c66b22677b30e1ed0aad8c344173a6c30f97b14607f84244,c9160e65,ubuntu,quantum_circuit_qubit_sweep_codecarbon,45,1,1,True,RY_RZ_LINEAR_1Q,PennyLane,0.42.3,default.qubit,RY_RZ_LINEAR,1,4,13,6,2,4,0,CNOT_LINEAR,6,0.06641436,0.516597,0.066414,0.692596,0.0216573039,4.580058085283906e-07,0,8.577390214971578e-07,1.3157448300255484e-06,4.842041687440741e-07,0.36800765,3.2.8,1,1,2,92.3476,2.36834069,6.57872e-07,218.71057489,Cortex-A53,4,4,25.0,1200.0,2,48.4,219.0938,0.88,Debian GNU/Linux 13 (trixie) aarch64,Linux,aarch64,3.10.20,0.6666666666666666,0.7222222222222222,0.6666666666666666,0.6444444444444444,0.7222222222222223,0.6666666666666666,0.6444444444444444
2026-07-06 00:38:52,c9160e6539125e06c66b22677b30e1ed0aad8c344173a6c30f97b14607f84244,c9160e65,ubuntu,quantum_circuit_qubit_sweep_codecarbon,46,1,1,True,RY_RZ_LINEAR_1Q,PennyLane,0.42.3,default.qubit,RY_RZ_LINEAR,1,4,13,6,2,4,0,CNOT_LINEAR,6,0.44260855,0.60888,0.442609,0.669246,0.0216194529,4.579440819509073e-07,0,8.576359566844378e-07,1.315580038635345e-06,4.841435242510928e-07,0.36800765,3.2.8,1,1,2,92.5093,2.36804407,6.5779e-07,219.06604988,Cortex-A53,4,4,27.6,1200.0,2,48.5,219.125,0.88,Debian GNU/Linux 13 (trixie) aarch64,Linux,aarch64,3.10.20,0.6666666666666666,0.7222222222222222,0.6666666666666666,0.6444444444444444,0.7222222222222223,0.6666666666666666,0.6444444444444444
2026-07-06 00:38:57,c9160e6539125e06c66b22677b30e1ed0aad8c344173a6c30f97b14607f84244,c9160e65,ubuntu,quantum_circuit_qubit_sweep_codecarbon,47,1,1,True,RY_RZ_LINEAR_1Q,PennyLane,0.42.3,default.qubit,RY_RZ_LINEAR,1,4,13,6,2,4,0,CNOT_LINEAR,6,0.22572733,0.556193,0.225727,0.686818,0.0396428339,4.6724424976855513e-07,0,8.747349857973557e-07,1.3419792355659107e-06,4.938586307927066e-07,0.36800765,3.2.8,1,1,2,50.4505,2.41556262,6.7099e-07,121.86629401,Cortex-A53,4,4,26.1,1200.0,1,48.7,219.1406,0.88,Debian GNU/Linux 13 (trixie) aarch64,Linux,aarch64,3.10.20,0.6666666666666666,0.7222222222222222,0.6666666666666666,0.6444444444444444,0.7222222222222223,0.6666666666666666,0.6444444444444444
2026-07-06 00:39:02,c9160e6539125e06c66b22677b30e1ed0aad8c344173a6c30f97b14607f84244,c9160e65,ubuntu,quantum_circuit_qubit_sweep_codecarbon,48,1,1,True,RY_RZ_LINEAR_1Q,PennyLane,0.42.3,default.qubit,RY_RZ_LINEAR,1,4,13,6,2,4,0,CNOT_LINEAR,6,0.26893229,0.566831,0.268932,0.684188,0.0216466591,4.5805933397353613e-07,0,8.57795110011163e-07,1.315854443984699e-06,4.842445075200754e-07,0.36800765,3.2.8,1,1,2,92.393,2.368538,6.57927e-07,218.83635583,Cortex-A53,4,4,25.0,1200.0,1,48.7,219.1406,0.88,Debian GNU/Linux 13 (trixie) aarch64,Linux,aarch64,3.10.20,0.6666666666666666,0.7222222222222222,0.6666666666666666,0.6444444444444444,0.7222222222222223,0.6666666666666666,0.6444444444444444
2026-07-06 00:39:07,c9160e6539125e06c66b22677b30e1ed0aad8c344173a6c30f97b14607f84244,c9160e65,ubuntu,quantum_circuit_qubit_sweep_codecarbon,49,-1,1,False,RY_RZ_LINEAR_1Q,PennyLane,0.42.3,default.qubit,RY_RZ_LINEAR,1,4,13,6,2,4,0,CNOT_LINEAR,6,0.13474216,0.533635,0.134742,0.690883,0.021759999,4.582014106627968e-07,0,8.580947609152646e-07,1.3162961715780612e-06,4.844070666556117e-07,0.36800765,3.2.8,1,1,2,91.9118,2.36933311,6.58148e-07,217.76959737,Cortex-A53,4,4,24.1,1200.0,1,48.7,219.1523,0.88,Debian GNU/Linux 13 (trixie) aarch64,Linux,aarch64,3.10.20,0.6666666666666666,0.7222222222222222,0.6666666666666666,0.6444444444444444,0.7222222222222223,0.6666666666666666,0.6444444444444444
2026-07-06 00:39:12,c9160e6539125e06c66b22677b30e1ed0aad8c344173a6c30f97b14607f84244,c9160e65,ubuntu,quantum_circuit_qubit_sweep_codecarbon,50,-1,1,False,RY_RZ_LINEAR_1Q,PennyLane,0.42.3,default.qubit,RY_RZ_LINEAR,1,4,13,6,2,4,0,CNOT_LINEAR,6,0.07959074,0.519887,0.079591,0.692356,0.0217167248,4.581287371411977e-07,0,8.579056657617912e-07,1.3160344029029888e-06,4.843107337794915e-07,0.36800765,3.2.8,1,1,2,92.0949,2.36886193,6.58017e-07,218.1601454,Cortex-A53,4,4,26.7,1200.0,1,48.6,219.2227,0.88,Debian GNU/Linux 13 (trixie) aarch64,Linux,aarch64,3.10.20,0.6666666666666666,0.7222222222222222,0.6666666666666666,0.6444444444444444,0.7222222222222223,0.6666666666666666,0.6444444444444444
2026-07-06 00:39:17,c9160e6539125e06c66b22677b30e1ed0aad8c344173a6c30f97b14607f84244,c9160e65,ubuntu,quantum_circuit_qubit_sweep_codecarbon,51,1,-1,False,RY_RZ_LINEAR_1Q,PennyLane,0.42.3,default.qubit,RY_RZ_LINEAR,1,4,13,6,2,4,0,CNOT_LINEAR,6,-0.05731291,0.514324,0.057313,0.692737,0.0379719732,4.666005067429138e-07,0,8.734323216291765e-07,1.3400328283720903e-06,4.931423380467165e-07,0.36800765,3.2.8,1,1,2,52.6704,2.41205909,6.70016e-07,127.04417962,Cortex-A53,4,4,25.0,1200.0,1,48.8,219.2227,0.88,Debian GNU/Linux 13 (trixie) aarch64,Linux,aarch64,3.10.20,0.6666666666666666,0.7222222222222222,0.6666666666666666,0.6444444444444444,0.7222222222222223,0.6666666666666666,0.6444444444444444
2026-07-06 00:39:22,c9160e6539125e06c66b22677b30e1ed0aad8c344173a6c30f97b14607f84244,c9160e65,ubuntu,quantum_circuit_qubit_sweep_codecarbon,52,1,1,True,RY_RZ_LINEAR_1Q,PennyLane,0.42.3,default.qubit,RY_RZ_LINEAR,1,4,13,6,2,4,0,CNOT_LINEAR,6,0.44770288,0.610093,0.447703,0.668706,0.0216502261,4.578107447618163e-07,0,8.573348632004733e-07,1.3151456079622896e-06,4.839836504380834e-07,0.36800765,3.2.8,1,1,2,92.3778,2.36726209,6.57573e-07,218.68243636,Cortex-A53,4,4,24.1,1200.0,1,48.8,219.2383,0.88,Debian GNU/Linux 13 (trixie) aarch64,Linux,aarch64,3.10.20,0.6666666666666666,0.7222222222222222,0.6666666666666666,0.6444444444444444,0.7222222222222223,0.6666666666666666,0.6444444444444444
2026-07-06 00:39:27,c9160e6539125e06c66b22677b30e1ed0aad8c344173a6c30f97b14607f84244,c9160e65,ubuntu,quantum_circuit_qubit_sweep_codecarbon,53,1,1,True,RY_RZ_LINEAR_1Q,PennyLane,0.42.3,default.qubit,RY_RZ_LINEAR,1,4,13,6,2,4,0,CNOT_LINEAR,6,0.02128501,0.505321,0.021285,0.693091,0.0217126769,4.581308050935607e-07,0,8.579390990780667e-07,1.3160699041716274e-06,4.843237985180929e-07,0.36800765,3.2.8,1,1,2,92.1121,2.36892583,6.58035e-07,218.20670416,Cortex-A53,4,4,24.1,1200.0,1,48.8,219.25,0.88,Debian GNU/Linux 13 (trixie) aarch64,Linux,aarch64,3.10.20,0.6666666666666666,0.7222222222222222,0.6666666666666666,0.6444444444444444,0.7222222222222223,0.6666666666666666,0.6444444444444444
2026-07-06 00:39:31,c9160e6539125e06c66b22677b30e1ed0aad8c344173a6c30f97b14607f84244,c9160e65,ubuntu,quantum_circuit_qubit_sweep_codecarbon,54,-1,-1,True,RY_RZ_LINEAR_1Q,PennyLane,0.42.3,default.qubit,RY_RZ_LINEAR,1,4,13,6,2,4,0,CNOT_LINEAR,6,-0.08809065,0.522008,0.088091,0.692178,0.0217575759,4.580710600647662e-07,0,8.578502218006179e-07,1.315921281865384e-06,4.842691043717743e-07,0.36800765,3.2.8,1,1,2,91.922,2.36865831,6.57961e-07,217.73182054,Cortex-A53,4,4,26.7,1200.0,1,49.0,219.2812,0.88,Debian GNU/Linux 13 (trixie) aarch64,Linux,aarch64,3.10.20,0.6666666666666666,0.7222222222222222,0.6666666666666666,0.6444444444444444,0.7222222222222223,0.6666666666666666,0.6444444444444444
2026-07-06 00:39:36,c9160e6539125e06c66b22677b30e1ed0aad8c344173a6c30f97b14607f84244,c9160e65,ubuntu,quantum_circuit_qubit_sweep_codecarbon,55,-1,1,False,RY_RZ_LINEAR_1Q,PennyLane,0.42.3,default.qubit,RY_RZ_LINEAR,1,4,13,6,2,4,0,CNOT_LINEAR,6,0.21060423,0.552457,0.210604,0.687634,0.0370747771,4.662483573580782e-07,0,8.728483067049335e-07,1.3390966640630116e-06,4.927978224151586e-07,0.36800765,3.2.8,1,1,2,53.945,2.410374,6.69548e-07,130.02770002,Cortex-A53,4,4,26.7,1200.0,1,48.9,219.3047,0.88,Debian GNU/Linux 13 (trixie) aarch64,Linux,aarch64,3.10.20,0.6666666666666666,0.7222222222222222,0.6666666666666666,0.6444444444444444,0.7222222222222223,0.6666666666666666,0.6444444444444444
2026-07-06 00:39:41,c9160e6539125e06c66b22677b30e1ed0aad8c344173a6c30f97b14607f84244,c9160e65,ubuntu,quantum_circuit_qubit_sweep_codecarbon,56,1,1,True,RY_RZ_LINEAR_1Q,PennyLane,0.42.3,default.qubit,RY_RZ_LINEAR,1,4,13,6,2,4,0,CNOT_LINEAR,6,0.15972325,0.539846,0.159723,0.689968,0.0217167512,4.58104408863518e-07,0,8.579313698767995e-07,1.3160357787403176e-06,4.843112400981598e-07,0.36800765,3.2.8,1,1,2,92.0948,2.3688644,6.58018e-07,218.16010917,Cortex-A53,4,4,23.3,1200.0,1,49.1,219.3203,0.88,Debian GNU/Linux 13 (trixie) aarch64,Linux,aarch64,3.10.20,0.6666666666666666,0.7222222222222222,0.6666666666666666,0.6444444444444444,0.7222222222222223,0.6666666666666666,0.6444444444444444
2026-07-06 00:39:46,c9160e6539125e06c66b22677b30e1ed0aad8c344173a6c30f97b14607f84244,c9160e65,ubuntu,quantum_circuit_qubit_sweep_codecarbon,57,1,1,True,RY_RZ_LINEAR_1Q,PennyLane,0.42.3,default.qubit,RY_RZ_LINEAR,1,4,13,6,2,4,0,CNOT_LINEAR,6,0.30146709,0.574801,0.301467,0.681915,0.0216699692,4.580473932955001e-07,0,8.578280274135371e-07,1.3158754207090373e-06,4.842522271151971e-07,0.36800765,3.2.8,1,1,2,92.2936,2.36857576,6.57938e-07,218.60444156,Cortex-A53,4,4,26.7,1200.0,1,49.0,219.3203,0.88,Debian GNU/Linux 13 (trixie) aarch64,Linux,aarch64,3.10.20,0.6666666666666666,0.7222222222222222,0.6666666666666666,0.6444444444444444,0.7222222222222223,0.6666666666666666,0.6444444444444444
2026-07-06 00:39:51,c9160e6539125e06c66b22677b30e1ed0aad8c344173a6c30f97b14607f84244,c9160e65,ubuntu,quantum_circuit_qubit_sweep_codecarbon,58,-1,-1,True,RY_RZ_LINEAR_1Q,PennyLane,0.42.3,default.qubit,RY_RZ_LINEAR,1,4,13,6,2,4,0,CNOT_LINEAR,6,-0.03551265,0.508877,0.035513,0.69299,0.0215907439,4.579936462557978e-07,0,8.576899276037391e-07,1.3156835738595368e-06,4.841816260061e-07,0.36800765,3.2.8,1,1,2,92.6323,2.36823043,6.57842e-07,219.37460261,Cortex-A53,4,4,25.8,1200.0,2,48.3,219.3555,0.88,Debian GNU/Linux 13 (trixie) aarch64,Linux,aarch64,3.10.20,0.6666666666666666,0.7222222222222222,0.6666666666666666,0.6444444444444444,0.7222222222222223,0.6666666666666666,0.6444444444444444
2026-07-06 00:39:56,c9160e6539125e06c66b22677b30e1ed0aad8c344173a6c30f97b14607f84244,c9160e65,ubuntu,quantum_circuit_qubit_sweep_codecarbon,59,1,1,True,RY_RZ_LINEAR_1Q,PennyLane,0.42.3,default.qubit,RY_RZ_LINEAR,1,4,13,6,2,4,0,CNOT_LINEAR,6,0.19484776,0.548558,0.194848,0.688424,0.040381789,4.677635725173686e-07,0,8.753245417028667e-07,1.3430881142202351e-06,4.942667066253472e-07,0.36800765,3.2.8,1,1,2,49.5273,2.41755861,6.71544e-07,119.73509183,Cortex-A53,4,4,26.2,1200.0,3,48.4,219.3555,0.88,Debian GNU/Linux 13 (trixie) aarch64,Linux,aarch64,3.10.20,0.6666666666666666,0.7222222222222222,0.6666666666666666,0.6444444444444444,0.7222222222222223,0.6666666666666666,0.6444444444444444
2026-07-06 00:40:01,c9160e6539125e06c66b22677b30e1ed0aad8c344173a6c30f97b14607f84244,c9160e65,ubuntu,quantum_circuit_qubit_sweep_codecarbon,60,-1,1,False,RY_RZ_LINEAR_1Q,PennyLane,0.42.3,default.qubit,RY_RZ_LINEAR,1,4,13,6,2,4,0,CNOT_LINEAR,6,0.19968672,0.549756,0.199687,0.688188,0.0217942412,4.581408737641242e-07,0,8.579688916991775e-07,1.3161097654633018e-06,4.843384677785451e-07,0.36800765,3.2.8,1,1,2,91.7674,2.36899758,6.58055e-07,217.39665639,Cortex-A53,4,4,26.2,700.0,1,48.6,219.4141,0.88,Debian GNU/Linux 13 (trixie) aarch64,Linux,aarch64,3.10.20,0.6666666666666666,0.7222222222222222,0.6666666666666666,0.6444444444444444,0.7222222222222223,0.6666666666666666,0.6444444444444444
2026-07-06 00:40:06,c9160e6539125e06c66b22677b30e1ed0aad8c344173a6c30f97b14607f84244,c9160e65,ubuntu,quantum_circuit_qubit_sweep_codecarbon,61,-1,-1,True,RY_RZ_LINEAR_1Q,PennyLane,0.42.3,default.qubit,RY_RZ_LINEAR,1,4,13,6,2,4,0,CNOT_LINEAR,6,-0.02144991,0.505362,0.02145,0.69309,0.0216916942,4.578259351352852e-07,0,8.573926199460401e-07,1.3152185550813251e-06,4.840104955362581e-07,0.36800765,3.2.8,1,1,2,92.2012,2.3673934,6.57609e-07,218.27648703,Cortex-A53,4,4,25.8,1200.0,1,48.6,219.4219,0.88,Debian GNU/Linux 13 (trixie) aarch64,Linux,aarch64,3.10.20,0.6666666666666666,0.7222222222222222,0.6666666666666666,0.6444444444444444,0.7222222222222223,0.6666666666666666,0.6444444444444444
2026-07-06 00:40:11,c9160e6539125e06c66b22677b30e1ed0aad8c344173a6c30f97b14607f84244,c9160e65,ubuntu,quantum_circuit_qubit_sweep_codecarbon,62,-1,-1,True,RY_RZ_LINEAR_1Q,PennyLane,0.42.3,default.qubit,RY_RZ_LINEAR,1,4,13,6,2,4,0,CNOT_LINEAR,6,-0.08512738,0.521269,0.085127,0.692242,0.0216812422,4.578007341711604e-07,0,8.57357859883147e-07,1.3151585940543074e-06,4.839884294193472e-07,0.36800765,3.2.8,1,1,2,92.2456,2.36728547,6.57579e-07,218.37175676,Cortex-A53,4,4,22.6,1200.0,1,48.5,219.4453,0.88,Debian GNU/Linux 13 (trixie) aarch64,Linux,aarch64,3.10.20,0.6666666666666666,0.7222222222222222,0.6666666666666666,0.6444444444444444,0.7222222222222223,0.6666666666666666,0.6444444444444444
2026-07-06 00:40:16,c9160e6539125e06c66b22677b30e1ed0aad8c344173a6c30f97b14607f84244,c9160e65,ubuntu,quantum_circuit_qubit_sweep_codecarbon,63,-1,1,False,RY_RZ_LINEAR_1Q,PennyLane,0.42.3,default.qubit,RY_RZ_LINEAR,1,4,13,6,2,4,0,CNOT_LINEAR,6,0.11644106,0.529077,0.116441,0.691455,0.0423327598,4.687106597595264e-07,0,8.771241817157715e-07,1.345834841475298e-06,4.952775232798793e-07,0.36800765,3.2.8,1,1,2,47.2447,2.42250271,6.72917e-07,114.45049766,Cortex-A53,4,4,26.0,1200.0,1,48.7,219.4648,0.88,Debian GNU/Linux 13 (trixie) aarch64,Linux,aarch64,3.10.20,0.6666666666666666,0.7222222222222222,0.6666666666666666,0.6444444444444444,0.7222222222222223,0.6666666666666666,0.6444444444444444
2026-07-06 00:40:21,c9160e6539125e06c66b22677b30e1ed0aad8c344173a6c30f97b14607f84244,c9160e65,ubuntu,quantum_circuit_qubit_sweep_codecarbon,64,1,1,True,RY_RZ_LINEAR_1Q,PennyLane,0.42.3,default.qubit,RY_RZ_LINEAR,1,4,13,6,2,4,0,CNOT_LINEAR,6,0.23229257,0.557813,0.232293,0.686447,0.021525126,4.580694758186488e-07,0,8.578048590182637e-07,1.3158743348369124e-06,4.842518275059434e-07,0.36800765,3.2.8,1,1,2,92.9147,2.3685738,6.57937e-07,220.07525607,Cortex-A53,4,4,25.0,1200.0,1,48.8,219.4883,0.88,Debian GNU/Linux 13 (trixie) aarch64,Linux,aarch64,3.10.20,0.6666666666666666,0.7222222222222222,0.6666666666666666,0.6444444444444444,0.7222222222222223,0.6666666666666666,0.6444444444444444
2026-07-06 00:40:26,c9160e6539125e06c66b22677b30e1ed0aad8c344173a6c30f97b14607f84244,c9160e65,ubuntu,quantum_circuit_qubit_sweep_codecarbon,65,-1,1,False,RY_RZ_LINEAR_1Q,PennyLane,0.42.3,default.qubit,RY_RZ_LINEAR,1,4,13,6,2,4,0,CNOT_LINEAR,6,0.06308584,0.515766,0.063086,0.69265,0.021654574,4.581634118718638e-07,0,8.579792466480286e-07,1.3161426585198922e-06,4.843505726751485e-07,0.36800765,3.2.8,1,1,2,92.3592,2.36905679,6.58071e-07,218.80428485,Cortex-A53,4,4,23.3,1200.0,1,48.7,219.5078,0.88,Debian GNU/Linux 13 (trixie) aarch64,Linux,aarch64,3.10.20,0.6666666666666666,0.7222222222222222,0.6666666666666666,0.6444444444444444,0.7222222222222223,0.6666666666666666,0.6444444444444444
2026-07-06 00:40:31,c9160e6539125e06c66b22677b30e1ed0aad8c344173a6c30f97b14607f84244,c9160e65,ubuntu,quantum_circuit_qubit_sweep_codecarbon,66,-1,1,False,RY_RZ_LINEAR_1Q,PennyLane,0.42.3,default.qubit,RY_RZ_LINEAR,1,4,13,6,2,4,0,CNOT_LINEAR,6,0.02787633,0.506969,0.027876,0.69305,0.0404912962,4.676557496994475e-07,0,8.755415516983097e-07,1.343197301397757e-06,4.943068883424425e-07,0.36800765,3.2.8,1,1,2,49.3933,2.41775514,6.71599e-07,119.42098025,Cortex-A53,4,4,25.0,1200.0,1,48.6,219.5273,0.88,Debian GNU/Linux 13 (trixie) aarch64,Linux,aarch64,3.10.20,0.6666666666666666,0.7222222222222222,0.6666666666666666,0.6444444444444444,0.7222222222222223,0.6666666666666666,0.6444444444444444
2026-07-06 00:40:36,c9160e6539125e06c66b22677b30e1ed0aad8c344173a6c30f97b14607f84244,c9160e65,ubuntu,quantum_circuit_qubit_sweep_codecarbon,67,1,1,True,RY_RZ_LINEAR_1Q,PennyLane,0.42.3,default.qubit,RY_RZ_LINEAR,1,4,13,6,2,4,0,CNOT_LINEAR,6,0.21013018,0.55234,0.21013,0.687658,0.0221075919,4.583321965203915e-07,0,8.583495866817733e-07,1.3166817832021649e-06,4.845489746849243e-07,0.36800765,3.2.8,1,1,2,90.4667,2.37002721,6.58341e-07,214.40844625,Cortex-A53,4,4,25.0,1200.0,1,48.6,219.5547,0.88,Debian GNU/Linux 13 (trixie) aarch64,Linux,aarch64,3.10.20,0.6666666666666666,0.7222222222222222,0.6666666666666666,0.6444444444444444,0.7222222222222223,0.6666666666666666,0.6444444444444444
2026-07-06 00:40:41,c9160e6539125e06c66b22677b30e1ed0aad8c344173a6c30f97b14607f84244,c9160e65,ubuntu,quantum_circuit_qubit_sweep_codecarbon,68,-1,-1,True,RY_RZ_LINEAR_1Q,PennyLane,0.42.3,default.qubit,RY_RZ_LINEAR,1,4,13,6,2,4,0,CNOT_LINEAR,6,-0.19930133,0.549661,0.199301,0.688207,0.0217755311,4.5808335114270453e-07,0,8.57900720826971e-07,1.3159840719696756e-06,4.842922116107769e-07,0.36800765,3.2.8,1,1,2,91.8462,2.36877133,6.57992e-07,217.56266856,Cortex-A53,4,4,25.0,1200.0,1,48.6,219.5703,0.88,Debian GNU/Linux 13 (trixie) aarch64,Linux,aarch64,3.10.20,0.6666666666666666,0.7222222222222222,0.6666666666666666,0.6444444444444444,0.7222222222222223,0.6666666666666666,0.6444444444444444
2026-07-06 00:40:46,c9160e6539125e06c66b22677b30e1ed0aad8c344173a6c30f97b14607f84244,c9160e65,ubuntu,quantum_circuit_qubit_sweep_codecarbon,69,-1,-1,True,RY_RZ_LINEAR_1Q,PennyLane,0.42.3,default.qubit,RY_RZ_LINEAR,1,4,13,6,2,4,0,CNOT_LINEAR,6,-0.17626735,0.543953,0.176267,0.689278,0.0217995171,4.58143471405266e-07,0,8.580182091100142e-07,1.31616168051528e-06,4.843575729150539e-07,0.36800765,3.2.8,1,1,2,91.7452,2.36909102,6.58081e-07,217.35261514,Cortex-A53,4,4,25.0,1200.0,1,48.7,219.5703,0.88,Debian GNU/Linux 13 (trixie) aarch64,Linux,aarch64,3.10.20,0.6666666666666666,0.7222222222222222,0.6666666666666666,0.6444444444444444,0.7222222222222223,0.6666666666666666,0.6444444444444444
2026-07-06 00:40:51,c9160e6539125e06c66b22677b30e1ed0aad8c344173a6c30f97b14607f84244,c9160e65,ubuntu,quantum_circuit_qubit_sweep_codecarbon,70,-1,1,False,RY_RZ_LINEAR_1Q,PennyLane,0.42.3,default.qubit,RY_RZ_LINEAR,1,4,13,6,2,4,0,CNOT_LINEAR,6,0.09892427,0.524711,0.098924,0.691925,0.04024793,4.678818317166662e-07,0,8.754991825359563e-07,1.3433810142526226e-06,4.943744960792525e-07,0.36800765,3.2.8,1,1,2,49.692,2.41808583,6.71691e-07,120.15951264,Cortex-A53,4,4,26.0,1200.0,1,48.9,219.6055,0.88,Debian GNU/Linux 13 (trixie) aarch64,Linux,aarch64,3.10.20,0.6666666666666666,0.7222222222222222,0.6666666666666666,0.6444444444444444,0.7222222222222223,0.6666666666666666,0.6444444444444444
2026-07-06 00:40:56,c9160e6539125e06c66b22677b30e1ed0aad8c344173a6c30f97b14607f84244,c9160e65,ubuntu,quantum_circuit_qubit_sweep_codecarbon,71,-1,-1,True,RY_RZ_LINEAR_1Q,PennyLane,0.42.3,default.qubit,RY_RZ_LINEAR,1,4,13,6,2,4,0,CNOT_LINEAR,6,-0.03282917,0.508207,0.032829,0.693012,0.0215497329,4.572342359978293e-07,0,8.56279639992863e-07,1.3135138759906923e-06,4.833831605825352e-07,0.36800765,3.2.8,1,1,2,92.8086,2.36432498,6.56757e-07,219.42963181,Cortex-A53,4,4,27.3,1200.0,1,49.0,219.6289,0.88,Debian GNU/Linux 13 (trixie) aarch64,Linux,aarch64,3.10.20,0.6666666666666666,0.7222222222222222,0.6666666666666666,0.6444444444444444,0.7222222222222223,0.6666666666666666,0.6444444444444444
2026-07-06 00:41:04,c9160e6539125e06c66b22677b30e1ed0aad8c344173a6c30f97b14607f84244,c9160e65,ubuntu,quantum_circuit_qubit_sweep_codecarbon,0,-1,1,False,RY_RZ_LINEAR_2Q,PennyLane,0.42.3,default.qubit,RY_RZ_LINEAR,2,4,25,10,4,8,4,CNOT_LINEAR,16,0.03575913,0.508939,0.035759,0.692987,0.0443032631,4.682136325599061e-07,0,8.76858585785764e-07,1.34507221834567e-06,4.949968721307205e-07,0.36800765,3.2.8,2,1,3,67.7151,1.61408666,4.48357e-07,109.29804376,Cortex-A53,4,4,23.3,1200.0,3,48.8,219.8672,0.88,Debian GNU/Linux 13 (trixie) aarch64,Linux,aarch64,3.10.20,0.6111111111111112,0.78125,0.6111111111111112,0.5418181818181818,0.78125,0.6111111111111112,0.5418181818181818
2026-07-06 00:41:09,c9160e6539125e06c66b22677b30e1ed0aad8c344173a6c30f97b14607f84244,c9160e65,ubuntu,quantum_circuit_qubit_sweep_codecarbon,1,1,1,True,RY_RZ_LINEAR_2Q,PennyLane,0.42.3,default.qubit,RY_RZ_LINEAR,2,4,25,10,4,8,4,CNOT_LINEAR,16,0.21086096,0.552521,0.210861,0.68762,0.0467752151,4.693868373417192e-07,0,8.789246657397598e-07,1.348311503081479e-06,4.961889537084207e-07,0.36800765,3.2.8,2,1,3,64.1365,1.6179738,4.49437e-07,103.77122593,Cortex-A53,4,4,23.5,1200.0,1,48.9,219.9375,0.88,Debian GNU/Linux 13 (trixie) aarch64,Linux,aarch64,3.10.20,0.6111111111111112,0.78125,0.6111111111111112,0.5418181818181818,0.78125,0.6111111111111112,0.5418181818181818
2026-07-06 00:41:14,c9160e6539125e06c66b22677b30e1ed0aad8c344173a6c30f97b14607f84244,c9160e65,ubuntu,quantum_circuit_qubit_sweep_codecarbon,2,1,1,True,RY_RZ_LINEAR_2Q,PennyLane,0.42.3,default.qubit,RY_RZ_LINEAR,2,4,25,10,4,8,4,CNOT_LINEAR,16,0.16508315,0.541177,0.165083,0.689752,0.079389662,4.850469825839303e-07,0,9.0807487082202e-07,1.3931218534059503e-06,5.126795056261281e-07,0.36800765,3.2.8,2,1,3,37.7883,1.67174622,4.64374e-07,63.17244015,Cortex-A53,4,4,23.8,1200.0,1,48.8,220.0039,0.88,Debian GNU/Linux 13 (trixie) aarch64,Linux,aarch64,3.10.20,0.6111111111111112,0.78125,0.6111111111111112,0.5418181818181818,0.78125,0.6111111111111112,0.5418181818181818
2026-07-06 00:41:19,c9160e6539125e06c66b22677b30e1ed0aad8c344173a6c30f97b14607f84244,c9160e65,ubuntu,quantum_circuit_qubit_sweep_codecarbon,3,1,1,True,RY_RZ_LINEAR_2Q,PennyLane,0.42.3,default.qubit,RY_RZ_LINEAR,2,4,25,10,4,8,4,CNOT_LINEAR,16,0.0160431,0.504011,0.016043,0.693115,0.0468044209,4.6933010313659913e-07,0,8.789670325738068e-07,1.348297135710406e-06,4.961836664058916e-07,0.36800765,3.2.8,2,1,3,64.0965,1.61795656,4.49432e-07,103.70536793,Cortex-A53,4,4,25.0,1200.0,1,49.0,220.0273,0.88,Debian GNU/Linux 13 (trixie) aarch64,Linux,aarch64,3.10.20,0.6111111111111112,0.78125,0.6111111111111112,0.5418181818181818,0.78125,0.6111111111111112,0.5418181818181818
2026-07-06 00:41:24,c9160e6539125e06c66b22677b30e1ed0aad8c344173a6c30f97b14607f84244,c9160e65,ubuntu,quantum_circuit_qubit_sweep_codecarbon,4,-1,1,False,RY_RZ_LINEAR_2Q,PennyLane,0.42.3,default.qubit,RY_RZ_LINEAR,2,4,25,10,4,8,4,CNOT_LINEAR,16,0.08045227,0.520102,0.080452,0.692339,0.046609601,4.693000111836222e-07,0,8.786300790961832e-07,1.3479300902798054e-06,4.96048590877902e-07,0.36800765,3.2.8,2,1,3,64.3644,1.61751611,4.4931e-07,104.1104884,Cortex-A53,4,4,25.0,1200.0,1,49.0,220.0508,0.88,Debian GNU/Linux 13 (trixie) aarch64,Linux,aarch64,3.10.20,0.6111111111111112,0.78125,0.6111111111111112,0.5418181818181818,0.78125,0.6111111111111112,0.5418181818181818
2026-07-06 00:41:29,c9160e6539125e06c66b22677b30e1ed0aad8c344173a6c30f97b14607f84244,c9160e65,ubuntu,quantum_circuit_qubit_sweep_codecarbon,5,1,1,True,RY_RZ_LINEAR_2Q,PennyLane,0.42.3,default.qubit,RY_RZ_LINEAR,2,4,25,10,4,8,4,CNOT_LINEAR,16,0.17968008,0.5448,0.17968,0.689128,0.04647822,4.690820908674757e-07,0,8.784991983945171e-07,1.3475812892619928e-06,4.959202294334692e-07,0.36800765,3.2.8,2,1,3,64.5464,1.61709755,4.49194e-07,104.37776314,Cortex-A53,4,4,25.0,1200.0,2,49.0,220.1055,0.88,Debian GNU/Linux 13 (trixie) aarch64,Linux,aarch64,3.10.20,0.6111111111111112,0.78125,0.6111111111111112,0.5418181818181818,0.78125,0.6111111111111112,0.5418181818181818
2026-07-06 00:41:34,c9160e6539125e06c66b22677b30e1ed0aad8c344173a6c30f97b14607f84244,c9160e65,ubuntu,quantum_circuit_qubit_sweep_codecarbon,6,1,1,True,RY_RZ_LINEAR_2Q,PennyLane,0.42.3,default.qubit,RY_RZ_LINEAR,2,4,25,10,4,8,4,CNOT_LINEAR,16,0.05113734,0.512782,0.051137,0.69282,0.0792219748,4.855328026879519e-07,0,9.093471566059938e-07,1.3948799592939456e-06,5.133265020502328e-07,0.36800765,3.2.8,2,1,3,37.8683,1.67385595,4.6496e-07,63.38604743,Cortex-A53,4,4,25.0,1200.0,1,49.1,220.1406,0.88,Debian GNU/Linux 13 (trixie) aarch64,Linux,aarch64,3.10.20,0.6111111111111112,0.78125,0.6111111111111112,0.5418181818181818,0.78125,0.6111111111111112,0.5418181818181818
2026-07-06 00:41:39,c9160e6539125e06c66b22677b30e1ed0aad8c344173a6c30f97b14607f84244,c9160e65,ubuntu,quantum_circuit_qubit_sweep_codecarbon,7,1,1,True,RY_RZ_LINEAR_2Q,PennyLane,0.42.3,default.qubit,RY_RZ_LINEAR,2,4,25,10,4,8,4,CNOT_LINEAR,16,0.01872255,0.504681,0.018723,0.693103,0.0476928588,4.6971212378662585e-07,0,8.796193208157395e-07,1.3493314446023654e-06,4.965642999951918e-07,0.36800765,3.2.8,2,1,3,62.9025,1.61919773,4.49777e-07,101.85158361,Cortex-A53,4,4,25.6,1200.0,1,49.1,220.2227,0.88,Debian GNU/Linux 13 (trixie) aarch64,Linux,aarch64,3.10.20,0.6111111111111112,0.78125,0.6111111111111112,0.5418181818181818,0.78125,0.6111111111111112,0.5418181818181818
2026-07-06 00:41:44,c9160e6539125e06c66b22677b30e1ed0aad8c344173a6c30f97b14607f84244,c9160e65,ubuntu,quantum_circuit_qubit_sweep_codecarbon,8,1,1,True,RY_RZ_LINEAR_2Q,PennyLane,0.42.3,default.qubit,RY_RZ_LINEAR,2,4,25,10,4,8,4,CNOT_LINEAR,16,0.13339344,0.533299,0.133393,0.690928,0.0465710689,4.6926967820359603e-07,0,8.788043891157334e-07,1.3480740673193294e-06,4.96101575530511e-07,0.36800765,3.2.8,2,1,3,64.4177,1.61768888,4.49358e-07,104.20775717,Cortex-A53,4,4,26.5,1200.0,1,49.1,220.2227,0.88,Debian GNU/Linux 13 (trixie) aarch64,Linux,aarch64,3.10.20,0.6111111111111112,0.78125,0.6111111111111112,0.5418181818181818,0.78125,0.6111111111111112,0.5418181818181818
2026-07-06 00:41:49,c9160e6539125e06c66b22677b30e1ed0aad8c344173a6c30f97b14607f84244,c9160e65,ubuntu,quantum_circuit_qubit_sweep_codecarbon,9,-1,-1,True,RY_RZ_LINEAR_2Q,PennyLane,0.42.3,default.qubit,RY_RZ_LINEAR,2,4,25,10,4,8,4,CNOT_LINEAR,16,-0.02287566,0.505719,0.022876,0.693082,0.0465728729,4.692658447434605e-07,0,8.78858669117714e-07,1.3481245138611743e-06,4.961201402440502e-07,0.36800765,3.2.8,2,1,3,64.4152,1.61774942,4.49375e-07,104.20762017,Cortex-A53,4,4,28.1,1200.0,1,49.0,220.2695,0.88,Debian GNU/Linux 13 (trixie) aarch64,Linux,aarch64,3.10.20,0.6111111111111112,0.78125,0.6111111111111112,0.5418181818181818,0.78125,0.6111111111111112,0.5418181818181818
2026-07-06 00:41:54,c9160e6539125e06c66b22677b30e1ed0aad8c344173a6c30f97b14607f84244,c9160e65,ubuntu,quantum_circuit_qubit_sweep_codecarbon,10,1,1,True,RY_RZ_LINEAR_2Q,PennyLane,0.42.3,default.qubit,RY_RZ_LINEAR,2,4,25,10,4,8,4,CNOT_LINEAR,16,0.30365587,0.575336,0.303656,0.681753,0.0468547288,4.6933246708226594e-07,0,8.789677440654486e-07,1.3483002111477146e-06,4.961847981903619e-07,0.36800765,3.2.8,2,1,3,64.0277,1.61796025,4.49433e-07,103.59425571,Cortex-A53,4,4,22.9,1200.0,1,48.9,220.3555,0.88,Debian GNU/Linux 13 (trixie) aarch64,Linux,aarch64,3.10.20,0.6111111111111112,0.78125,0.6111111111111112,0.5418181818181818,0.78125,0.6111111111111112,0.5418181818181818
2026-07-06 00:41:59,c9160e6539125e06c66b22677b30e1ed0aad8c344173a6c30f97b14607f84244,c9160e65,ubuntu,quantum_circuit_qubit_sweep_codecarbon,11,1,1,True,RY_RZ_LINEAR_2Q,PennyLane,0.42.3,default.qubit,RY_RZ_LINEAR,2,4,25,10,4,8,4,CNOT_LINEAR,16,0.00954487,0.502386,0.009545,0.693136,0.0461972149,4.690331805448006e-07,0,8.784256367168079e-07,1.3474588172616085e-06,4.958751587998728e-07,0.36800765,3.2.8,2,1,3,64.939,1.61695058,4.49153e-07,105.003121,Cortex-A53,4,4,26.5,1200.0,1,49.1,220.3828,0.88,Debian GNU/Linux 13 (trixie) aarch64,Linux,aarch64,3.10.20,0.6111111111111112,0.78125,0.6111111111111112,0.5418181818181818,0.78125,0.6111111111111112,0.5418181818181818
2026-07-06 00:42:04,c9160e6539125e06c66b22677b30e1ed0aad8c344173a6c30f97b14607f84244,c9160e65,ubuntu,quantum_circuit_qubit_sweep_codecarbon,12,-1,1,False,RY_RZ_LINEAR_2Q,PennyLane,0.42.3,default.qubit,RY_RZ_LINEAR,2,4,25,10,4,8,4,CNOT_LINEAR,16,0.0064985,0.501625,0.006499,0.693142,0.0873554549,4.888154658610852e-07,0,9.148119574335092e-07,1.4036274232945943e-06,5.16545635759442e-07,0.36800765,3.2.8,2,1,3,34.3424,1.68435291,4.67876e-07,57.84479892,Cortex-A53,4,4,24.2,1200.0,1,49.1,220.3828,0.88,Debian GNU/Linux 13 (trixie) aarch64,Linux,aarch64,3.10.20,0.6111111111111112,0.78125,0.6111111111111112,0.5418181818181818,0.78125,0.6111111111111112,0.5418181818181818
2026-07-06 00:42:09,c9160e6539125e06c66b22677b30e1ed0aad8c344173a6c30f97b14607f84244,c9160e65,ubuntu,quantum_circuit_qubit_sweep_codecarbon,13,1,1,True,RY_RZ_LINEAR_2Q,PennyLane,0.42.3,default.qubit,RY_RZ_LINEAR,2,4,25,10,4,8,4,CNOT_LINEAR,16,0.07781483,0.519444,0.077815,0.692391,0.047581451,4.697055697091567e-07,0,8.79664447469016e-07,1.3493700171781729e-06,4.965784949983405e-07,0.36800765,3.2.8,2,1,3,63.0498,1.61924402,4.4979e-07,102.09297864,Cortex-A53,4,4,26.1,1200.0,2,48.6,220.4375,0.88,Debian GNU/Linux 13 (trixie) aarch64,Linux,aarch64,3.10.20,0.6111111111111112,0.78125,0.6111111111111112,0.5418181818181818,0.78125,0.6111111111111112,0.5418181818181818
2026-07-06 00:42:14,c9160e6539125e06c66b22677b30e1ed0aad8c344173a6c30f97b14607f84244,c9160e65,ubuntu,quantum_circuit_qubit_sweep_codecarbon,14,1,1,True,RY_RZ_LINEAR_2Q,PennyLane,0.42.3,default.qubit,RY_RZ_LINEAR,2,4,25,10,4,8,4,CNOT_LINEAR,16,0.332482,0.582363,0.332482,0.679518,0.049348098,4.704279137273706e-07,0,8.810386758220072e-07,1.3514665895493777e-06,4.97350049679039e-07,0.36800765,3.2.8,2,1,3,60.7926,1.62175991,4.50489e-07,98.59102823,Cortex-A53,4,4,24.2,1200.0,1,48.7,220.4375,0.88,Debian GNU/Linux 13 (trixie) aarch64,Linux,aarch64,3.10.20,0.6111111111111112,0.78125,0.6111111111111112,0.5418181818181818,0.78125,0.6111111111111112,0.5418181818181818
2026-07-06 00:42:19,c9160e6539125e06c66b22677b30e1ed0aad8c344173a6c30f97b14607f84244,c9160e65,ubuntu,quantum_circuit_qubit_sweep_codecarbon,15,-1,1,False,RY_RZ_LINEAR_2Q,PennyLane,0.42.3,default.qubit,RY_RZ_LINEAR,2,4,25,10,4,8,4,CNOT_LINEAR,16,0.13243277,0.53306,0.132433,0.69096,0.0465864821,4.692117818113831e-07,0,8.787763050834958e-07,1.347988086894879e-06,4.960699340761809e-07,0.36800765,3.2.8,2,1,3,64.3964,1.6175857,4.49329e-07,104.1666358,Cortex-A53,4,4,26.5,1200.0,1,48.8,220.4375,0.88,Debian GNU/Linux 13 (trixie) aarch64,Linux,aarch64,3.10.20,0.6111111111111112,0.78125,0.6111111111111112,0.5418181818181818,0.78125,0.6111111111111112,0.5418181818181818
2026-07-06 00:42:24,c9160e6539125e06c66b22677b30e1ed0aad8c344173a6c30f97b14607f84244,c9160e65,ubuntu,quantum_circuit_qubit_sweep_codecarbon,16,1,1,True,RY_RZ_LINEAR_2Q,PennyLane,0.42.3,default.qubit,RY_RZ_LINEAR,2,4,25,10,4,8,4,CNOT_LINEAR,16,0.01329741,0.503324,0.013297,0.693125,0.046464856,4.6888393376123e-07,0,8.781158091733232e-07,1.3469997429345532e-06,4.957062159335579e-07,0.36800765,3.2.8,2,1,3,64.5649,1.61639969,4.49e-07,104.36272681,Cortex-A53,4,4,26.5,1200.0,1,49.0,220.4375,0.88,Debian GNU/Linux 13 (trixie) aarch64,Linux,aarch64,3.10.20,0.6111111111111112,0.78125,0.6111111111111112,0.5418181818181818,0.78125,0.6111111111111112,0.5418181818181818
2026-07-06 00:42:29,c9160e6539125e06c66b22677b30e1ed0aad8c344173a6c30f97b14607f84244,c9160e65,ubuntu,quantum_circuit_qubit_sweep_codecarbon,17,1,1,True,RY_RZ_LINEAR_2Q,PennyLane,0.42.3,default.qubit,RY_RZ_LINEAR,2,4,25,10,4,8,4,CNOT_LINEAR,16,0.06323508,0.515804,0.063235,0.692648,0.0469060938,4.693878751463738e-07,0,8.790815757432332e-07,1.3484694508896072e-06,4.962470797108145e-07,0.36800765,3.2.8,2,1,3,63.9576,1.61816334,4.4949e-07,103.49380275,Cortex-A53,4,4,26.5,1200.0,1,48.9,220.457,0.88,Debian GNU/Linux 13 (trixie) aarch64,Linux,aarch64,3.10.20,0.6111111111111112,0.78125,0.6111111111111112,0.5418181818181818,0.78125,0.6111111111111112,0.5418181818181818
2026-07-06 00:42:34,c9160e6539125e06c66b22677b30e1ed0aad8c344173a6c30f97b14607f84244,c9160e65,ubuntu,quantum_circuit_qubit_sweep_codecarbon,18,-1,-1,True,RY_RZ_LINEAR_2Q,PennyLane,0.42.3,default.qubit,RY_RZ_LINEAR,2,4,25,10,4,8,4,CNOT_LINEAR,16,-0.02227183,0.505568,0.022272,0.693085,0.087081576,4.891705809035338e-07,0,9.161563116746644e-07,1.4053268925781983e-06,5.171710534643001e-07,0.36800765,3.2.8,2,1,3,34.4505,1.68639227,4.68442e-07,58.09698269,Cortex-A53,4,4,23.5,1200.0,1,49.0,220.457,0.88,Debian GNU/Linux 13 (trixie) aarch64,Linux,aarch64,3.10.20,0.6111111111111112,0.78125,0.6111111111111112,0.5418181818181818,0.78125,0.6111111111111112,0.5418181818181818
2026-07-06 00:42:39,c9160e6539125e06c66b22677b30e1ed0aad8c344173a6c30f97b14607f84244,c9160e65,ubuntu,quantum_circuit_qubit_sweep_codecarbon,19,1,1,True,RY_RZ_LINEAR_2Q,PennyLane,0.42.3,default.qubit,RY_RZ_LINEAR,2,4,25,10,4,8,4,CNOT_LINEAR,16,0.09023981,0.522545,0.09024,0.69213,0.0463761832,4.691236923552222e-07,0,8.785613548631469e-07,1.3476850472183692e-06,4.959584131556252e-07,0.36800765,3.2.8,2,1,3,64.6884,1.61722206,4.49228e-07,104.61546939,Cortex-A53,4,4,25.0,1200.0,1,49.0,220.4883,0.88,Debian GNU/Linux 13 (trixie) aarch64,Linux,aarch64,3.10.20,0.6111111111111112,0.78125,0.6111111111111112,0.5418181818181818,0.78125,0.6111111111111112,0.5418181818181818
2026-07-06 00:42:44,c9160e6539125e06c66b22677b30e1ed0aad8c344173a6c30f97b14607f84244,c9160e65,ubuntu,quantum_circuit_qubit_sweep_codecarbon,20,-1,-1,True,RY_RZ_LINEAR_2Q,PennyLane,0.42.3,default.qubit,RY_RZ_LINEAR,2,4,25,10,4,8,4,CNOT_LINEAR,16,-0.02787592,0.506969,0.027876,0.69305,0.0462946121,4.691687664665177e-07,0,8.785680574753011e-07,1.3477368239418188e-06,4.959774673861766e-07,0.36800765,3.2.8,2,1,3,64.8024,1.61728419,4.49246e-07,104.80382802,Cortex-A53,4,4,26.4,1200.0,2,49.2,220.5859,0.88,Debian GNU/Linux 13 (trixie) aarch64,Linux,aarch64,3.10.20,0.6111111111111112,0.78125,0.6111111111111112,0.5418181818181818,0.78125,0.6111111111111112,0.5418181818181818
2026-07-06 00:42:49,c9160e6539125e06c66b22677b30e1ed0aad8c344173a6c30f97b14607f84244,c9160e65,ubuntu,quantum_circuit_qubit_sweep_codecarbon,21,1,1,True,RY_RZ_LINEAR_2Q,PennyLane,0.42.3,default.qubit,RY_RZ_LINEAR,2,4,25,10,4,8,4,CNOT_LINEAR,16,0.36641398,0.590592,0.366414,0.676642,0.0466431961,4.6943424140335393e-07,0,8.791376966595028e-07,1.3485719380628568e-06,4.962847957750526e-07,0.36800765,3.2.8,2,1,3,64.3181,1.61828633,4.49524e-07,104.08504088,Cortex-A53,4,4,25.0,1200.0,1,49.3,220.5859,0.88,Debian GNU/Linux 13 (trixie) aarch64,Linux,aarch64,3.10.20,0.6111111111111112,0.78125,0.6111111111111112,0.5418181818181818,0.78125,0.6111111111111112,0.5418181818181818
2026-07-06 00:42:54,c9160e6539125e06c66b22677b30e1ed0aad8c344173a6c30f97b14607f84244,c9160e65,ubuntu,quantum_circuit_qubit_sweep_codecarbon,22,1,1,True,RY_RZ_LINEAR_2Q,PennyLane,0.42.3,default.qubit,RY_RZ_LINEAR,2,4,25,10,4,8,4,CNOT_LINEAR,16,0.02542855,0.506357,0.025429,0.693066,0.04814589,4.698903316424953e-07,0,8.800188558719431e-07,1.3499091875144384e-06,4.967769138091353e-07,0.36800765,3.2.8,2,1,3,62.3106,1.61989103,4.4997e-07,100.93640547,Cortex-A53,4,4,26.5,1200.0,1,49.3,220.5898,0.88,Debian GNU/Linux 13 (trixie) aarch64,Linux,aarch64,3.10.20,0.6111111111111112,0.78125,0.6111111111111112,0.5418181818181818,0.78125,0.6111111111111112,0.5418181818181818
2026-07-06 00:42:59,c9160e6539125e06c66b22677b30e1ed0aad8c344173a6c30f97b14607f84244,c9160e65,ubuntu,quantum_circuit_qubit_sweep_codecarbon,23,-1,1,False,RY_RZ_LINEAR_2Q,PennyLane,0.42.3,default.qubit,RY_RZ_LINEAR,2,4,25,10,4,8,4,CNOT_LINEAR,16,0.08000423,0.51999,0.080004,0.692348,0.0475209909,4.696605923689075e-07,0,8.795255958102643e-07,1.3491861881791718e-06,4.965108445195994e-07,0.36800765,3.2.8,2,1,3,63.13,1.61902343,4.49729e-07,102.20894347,Cortex-A53,4,4,27.8,1200.0,2,49.3,220.6055,0.88,Debian GNU/Linux 13 (trixie) aarch64,Linux,aarch64,3.10.20,0.6111111111111112,0.78125,0.6111111111111112,0.5418181818181818,0.78125,0.6111111111111112,0.5418181818181818
2026-07-06 00:43:04,c9160e6539125e06c66b22677b30e1ed0aad8c344173a6c30f97b14607f84244,c9160e65,ubuntu,quantum_circuit_qubit_sweep_codecarbon,24,1,1,True,RY_RZ_LINEAR_2Q,PennyLane,0.42.3,default.qubit,RY_RZ_LINEAR,2,4,25,10,4,8,4,CNOT_LINEAR,16,0.02168998,0.505422,0.02169,0.693088,0.0479975969,4.6984196661247154e-07,0,8.798691882596662e-07,1.3497111548721375e-06,4.967040362809389e-07,0.36800765,3.2.8,2,1,3,62.5031,1.61965339,4.49904e-07,101.23340481,Cortex-A53,4,4,25.7,1200.0,2,49.2,220.6133,0.88,Debian GNU/Linux 13 (trixie) aarch64,Linux,aarch64,3.10.20,0.6111111111111112,0.78125,0.6111111111111112,0.5418181818181818,0.78125,0.6111111111111112,0.5418181818181818
2026-07-06 00:43:09,c9160e6539125e06c66b22677b30e1ed0aad8c344173a6c30f97b14607f84244,c9160e65,ubuntu,quantum_circuit_qubit_sweep_codecarbon,25,1,1,True,RY_RZ_LINEAR_2Q,PennyLane,0.42.3,default.qubit,RY_RZ_LINEAR,2,4,25,10,4,8,4,CNOT_LINEAR,16,0.00739095,0.501848,0.007391,0.69314,0.0788028329,4.854017541640335e-07,0,9.089846757706256e-07,1.3943864299346589e-06,5.131448794683226e-07,0.36800765,3.2.8,2,1,3,38.0697,1.67326372,4.64795e-07,63.7006433,Cortex-A53,4,4,26.3,1200.0,1,49.1,220.6445,0.88,Debian GNU/Linux 13 (trixie) aarch64,Linux,aarch64,3.10.20,0.6111111111111112,0.78125,0.6111111111111112,0.5418181818181818,0.78125,0.6111111111111112,0.5418181818181818
2026-07-06 00:43:14,c9160e6539125e06c66b22677b30e1ed0aad8c344173a6c30f97b14607f84244,c9160e65,ubuntu,quantum_circuit_qubit_sweep_codecarbon,26,1,1,True,RY_RZ_LINEAR_2Q,PennyLane,0.42.3,default.qubit,RY_RZ_LINEAR,2,4,25,10,4,8,4,CNOT_LINEAR,16,0.03351828,0.508379,0.033518,0.693007,0.051177776,4.714081001748943e-07,0,8.826511801453308e-07,1.354059280320225e-06,4.983041797283163e-07,0.36800765,3.2.8,2,1,3,58.6192,1.62487114,4.51353e-07,95.2486371,Cortex-A53,4,4,25.5,900.0,1,49.3,220.6484,0.88,Debian GNU/Linux 13 (trixie) aarch64,Linux,aarch64,3.10.20,0.6111111111111112,0.78125,0.6111111111111112,0.5418181818181818,0.78125,0.6111111111111112,0.5418181818181818
2026-07-06 00:43:19,c9160e6539125e06c66b22677b30e1ed0aad8c344173a6c30f97b14607f84244,c9160e65,ubuntu,quantum_circuit_qubit_sweep_codecarbon,27,-1,1,False,RY_RZ_LINEAR_2Q,PennyLane,0.42.3,default.qubit,RY_RZ_LINEAR,2,4,25,10,4,8,4,CNOT_LINEAR,16,0.00766529,0.501916,0.007665,0.69314,0.0467487869,4.693541045239841e-07,0,8.790207308872293e-07,1.3483748354112137e-06,4.962122604905367e-07,0.36800765,3.2.8,2,1,3,64.1728,1.6180498,4.49458e-07,103.83476719,Cortex-A53,4,4,25.7,1200.0,2,49.3,220.6523,0.88,Debian GNU/Linux 13 (trixie) aarch64,Linux,aarch64,3.10.20,0.6111111111111112,0.78125,0.6111111111111112,0.5418181818181818,0.78125,0.6111111111111112,0.5418181818181818
2026-07-06 00:43:24,c9160e6539125e06c66b22677b30e1ed0aad8c344173a6c30f97b14607f84244,c9160e65,ubuntu,quantum_circuit_qubit_sweep_codecarbon,28,-1,1,False,RY_RZ_LINEAR_2Q,PennyLane,0.42.3,default.qubit,RY_RZ_LINEAR,2,4,25,10,4,8,4,CNOT_LINEAR,16,0.01293529,0.503234,0.012935,0.693126,0.0467409182,4.693147939929326e-07,0,8.78929850878194e-07,1.3482446448711266e-06,4.961643493752486e-07,0.36800765,3.2.8,2,1,3,64.1836,1.61789357,4.49415e-07,103.84222026,Cortex-A53,4,4,25.0,1200.0,1,49.2,220.6523,0.88,Debian GNU/Linux 13 (trixie) aarch64,Linux,aarch64,3.10.20,0.6111111111111112,0.78125,0.6111111111111112,0.5418181818181818,0.78125,0.6111111111111112,0.5418181818181818
2026-07-06 00:43:29,c9160e6539125e06c66b22677b30e1ed0aad8c344173a6c30f97b14607f84244,c9160e65,ubuntu,quantum_circuit_qubit_sweep_codecarbon,29,1,1,True,RY_RZ_LINEAR_2Q,PennyLane,0.42.3,default.qubit,RY_RZ_LINEAR,2,4,25,10,4,8,4,CNOT_LINEAR,16,0.1737432,0.543327,0.173743,0.689388,0.0468440391,4.693576591089369e-07,0,8.790387158902983e-07,1.3483963749992353e-06,4.962201872238023e-07,0.36800765,3.2.8,2,1,3,64.0423,1.61807565,4.49465e-07,103.62528599,Cortex-A53,4,4,27.0,1200.0,1,49.0,220.6562,0.88,Debian GNU/Linux 13 (trixie) aarch64,Linux,aarch64,3.10.20,0.6111111111111112,0.78125,0.6111111111111112,0.5418181818181818,0.78125,0.6111111111111112,0.5418181818181818
2026-07-06 00:43:34,c9160e6539125e06c66b22677b30e1ed0aad8c344173a6c30f97b14607f84244,c9160e65,ubuntu,quantum_circuit_qubit_sweep_codecarbon,30,-1,1,False,RY_RZ_LINEAR_2Q,PennyLane,0.42.3,default.qubit,RY_RZ_LINEAR,2,4,25,10,4,8,4,CNOT_LINEAR,16,0.01353395,0.503383,0.013534,0.693124,0.048297463,4.699589599751764e-07,0,8.80091415795808e-07,1.3500503757709843e-06,4.968288721682617e-07,0.36800765,3.2.8,2,1,3,62.1151,1.62006045,4.50017e-07,100.63015845,Cortex-A53,4,4,25.7,1200.0,3,48.8,220.7305,0.88,Debian GNU/Linux 13 (trixie) aarch64,Linux,aarch64,3.10.20,0.6111111111111112,0.78125,0.6111111111111112,0.5418181818181818,0.78125,0.6111111111111112,0.5418181818181818
2026-07-06 00:43:39,c9160e6539125e06c66b22677b30e1ed0aad8c344173a6c30f97b14607f84244,c9160e65,ubuntu,quantum_circuit_qubit_sweep_codecarbon,31,-1,1,False,RY_RZ_LINEAR_2Q,PennyLane,0.42.3,default.qubit,RY_RZ_LINEAR,2,4,25,10,4,8,4,CNOT_LINEAR,16,0.01612384,0.504031,0.016124,0.693115,0.077148478,4.840315356031818e-07,0,9.06172960724992e-07,1.390204496328174e-06,5.116058958907609e-07,0.36800765,3.2.8,2,1,3,38.8861,1.6682454,4.63401e-07,64.87148309,Cortex-A53,4,4,24.5,1200.0,2,49.0,220.7422,0.88,Debian GNU/Linux 13 (trixie) aarch64,Linux,aarch64,3.10.20,0.6111111111111112,0.78125,0.6111111111111112,0.5418181818181818,0.78125,0.6111111111111112,0.5418181818181818
2026-07-06 00:43:44,c9160e6539125e06c66b22677b30e1ed0aad8c344173a6c30f97b14607f84244,c9160e65,ubuntu,quantum_circuit_qubit_sweep_codecarbon,32,-1,1,False,RY_RZ_LINEAR_2Q,PennyLane,0.42.3,default.qubit,RY_RZ_LINEAR,2,4,25,10,4,8,4,CNOT_LINEAR,16,0.04712954,0.51178,0.04713,0.69287,0.046794706,4.692546812776406e-07,0,8.787789308310797e-07,1.3480336121087205e-06,4.960866877033447e-07,0.36800765,3.2.8,2,1,3,64.1098,1.61764033,4.49345e-07,103.70662444,Cortex-A53,4,4,22.9,700.0,2,49.1,220.7422,0.88,Debian GNU/Linux 13 (trixie) aarch64,Linux,aarch64,3.10.20,0.6111111111111112,0.78125,0.6111111111111112,0.5418181818181818,0.78125,0.6111111111111112,0.5418181818181818
2026-07-06 00:43:49,c9160e6539125e06c66b22677b30e1ed0aad8c344173a6c30f97b14607f84244,c9160e65,ubuntu,quantum_circuit_qubit_sweep_codecarbon,33,-1,1,False,RY_RZ_LINEAR_2Q,PennyLane,0.42.3,default.qubit,RY_RZ_LINEAR,2,4,25,10,4,8,4,CNOT_LINEAR,16,0.05434533,0.513583,0.054345,0.692778,0.0465513181,4.692004435799189e-07,0,8.787093883923566e-07,1.3479098319722757e-06,4.960411356656649e-07,0.36800765,3.2.8,2,1,3,64.445,1.6174918,4.49303e-07,104.23926945,Cortex-A53,4,4,25.0,1200.0,1,49.1,220.7539,0.88,Debian GNU/Linux 13 (trixie) aarch64,Linux,aarch64,3.10.20,0.6111111111111112,0.78125,0.6111111111111112,0.5418181818181818,0.78125,0.6111111111111112,0.5418181818181818
2026-07-06 00:43:54,c9160e6539125e06c66b22677b30e1ed0aad8c344173a6c30f97b14607f84244,c9160e65,ubuntu,quantum_circuit_qubit_sweep_codecarbon,34,1,1,True,RY_RZ_LINEAR_2Q,PennyLane,0.42.3,default.qubit,RY_RZ_LINEAR,2,4,25,10,4,8,4,CNOT_LINEAR,16,0.24468057,0.560867,0.244681,0.685719,0.0471019582,4.6955775485273314e-07,0,8.791582367848604e-07,1.3487159916375934e-06,4.963378085932057e-07,0.36800765,3.2.8,2,1,3,63.6916,1.61845919,4.49572e-07,103.08228695,Cortex-A53,4,4,25.0,1200.0,2,49.1,220.7539,0.88,Debian GNU/Linux 13 (trixie) aarch64,Linux,aarch64,3.10.20,0.6111111111111112,0.78125,0.6111111111111112,0.5418181818181818,0.78125,0.6111111111111112,0.5418181818181818
2026-07-06 00:43:59,c9160e6539125e06c66b22677b30e1ed0aad8c344173a6c30f97b14607f84244,c9160e65,ubuntu,quantum_circuit_qubit_sweep_codecarbon,35,-1,1,False,RY_RZ_LINEAR_2Q,PennyLane,0.42.3,default.qubit,RY_RZ_LINEAR,2,4,25,10,4,8,4,CNOT_LINEAR,16,0.05486611,0.513713,0.054866,0.692771,0.073602133,4.828963974974985e-07,0,9.044283058028668e-07,1.3873247033003653e-06,5.105461100133139e-07,0.36800765,3.2.8,2,1,3,40.7597,1.66478964,4.62442e-07,67.85630702,Cortex-A53,4,4,23.7,1200.0,1,49.1,220.7812,0.88,Debian GNU/Linux 13 (trixie) aarch64,Linux,aarch64,3.10.20,0.6111111111111112,0.78125,0.6111111111111112,0.5418181818181818,0.78125,0.6111111111111112,0.5418181818181818
2026-07-06 00:44:04,c9160e6539125e06c66b22677b30e1ed0aad8c344173a6c30f97b14607f84244,c9160e65,ubuntu,quantum_circuit_qubit_sweep_codecarbon,36,1,1,True,RY_RZ_LINEAR_2Q,PennyLane,0.42.3,default.qubit,RY_RZ_LINEAR,2,4,25,10,4,8,4,CNOT_LINEAR,16,0.12181979,0.530417,0.12182,0.691296,0.0463944268,4.692330315169289e-07,0,8.786832816743602e-07,1.347916313191289e-06,4.960435208038721e-07,0.36800765,3.2.8,2,1,3,64.6629,1.61749958,4.49305e-07,104.59227666,Cortex-A53,4,4,23.7,1200.0,2,49.1,220.8164,0.88,Debian GNU/Linux 13 (trixie) aarch64,Linux,aarch64,3.10.20,0.6111111111111112,0.78125,0.6111111111111112,0.5418181818181818,0.78125,0.6111111111111112,0.5418181818181818
2026-07-06 00:44:09,c9160e6539125e06c66b22677b30e1ed0aad8c344173a6c30f97b14607f84244,c9160e65,ubuntu,quantum_circuit_qubit_sweep_codecarbon,37,-1,1,False,RY_RZ_LINEAR_2Q,PennyLane,0.42.3,default.qubit,RY_RZ_LINEAR,2,4,25,10,4,8,4,CNOT_LINEAR,16,0.10377205,0.52592,0.103772,0.691803,0.046863596,4.693846311392364e-07,0,8.789687741470212e-07,1.3483534052862577e-06,4.962043740405173e-07,0.36800765,3.2.8,2,1,3,64.0156,1.61802409,4.49451e-07,103.57874081,Cortex-A53,4,4,24.3,1200.0,1,53.7,220.8555,0.88,Debian GNU/Linux 13 (trixie) aarch64,Linux,aarch64,3.10.20,0.6111111111111112,0.78125,0.6111111111111112,0.5418181818181818,0.78125,0.6111111111111112,0.5418181818181818
2026-07-06 00:44:14,c9160e6539125e06c66b22677b30e1ed0aad8c344173a6c30f97b14607f84244,c9160e65,ubuntu,quantum_circuit_qubit_sweep_codecarbon,38,-1,1,False,RY_RZ_LINEAR_2Q,PennyLane,0.42.3,default.qubit,RY_RZ_LINEAR,2,4,25,10,4,8,4,CNOT_LINEAR,16,0.02529628,0.506324,0.025296,0.693067,0.0499684641,4.7112750531070763e-07,0,8.822873050424581e-07,1.3534148103531657e-06,4.980670098473794e-07,0.36800765,3.2.8,2,1,3,60.0379,1.62409777,4.51138e-07,97.50736606,Cortex-A53,4,4,25.0,600.0,1,48.5,220.8555,0.88,Debian GNU/Linux 13 (trixie) aarch64,Linux,aarch64,3.10.20,0.6111111111111112,0.78125,0.6111111111111112,0.5418181818181818,0.78125,0.6111111111111112,0.5418181818181818
2026-07-06 00:44:19,c9160e6539125e06c66b22677b30e1ed0aad8c344173a6c30f97b14607f84244,c9160e65,ubuntu,quantum_circuit_qubit_sweep_codecarbon,39,-1,1,False,RY_RZ_LINEAR_2Q,PennyLane,0.42.3,default.qubit,RY_RZ_LINEAR,2,4,25,10,4,8,4,CNOT_LINEAR,16,0.15451754,0.538553,0.154518,0.690172,0.048718327,4.702416030276154e-07,0,8.806283640054365e-07,1.350869967033052e-06,4.971304880262177e-07,0.36800765,3.2.8,2,1,3,61.5785,1.62104396,4.5029e-07,99.82140572,Cortex-A53,4,4,26.3,1200.0,1,48.7,220.8555,0.88,Debian GNU/Linux 13 (trixie) aarch64,Linux,aarch64,3.10.20,0.6111111111111112,0.78125,0.6111111111111112,0.5418181818181818,0.78125,0.6111111111111112,0.5418181818181818
2026-07-06 00:44:24,c9160e6539125e06c66b22677b30e1ed0aad8c344173a6c30f97b14607f84244,c9160e65,ubuntu,quantum_circuit_qubit_sweep_codecarbon,40,-1,-1,True,RY_RZ_LINEAR_2Q,PennyLane,0.42.3,default.qubit,RY_RZ_LINEAR,2,4,25,10,4,8,4,CNOT_LINEAR,16,-0.01127916,0.50282,0.011279,0.693131,0.0466284091,4.690482954805097e-07,0,8.78402588229316e-07,1.3474508837098255e-06,4.958722391920897e-07,0.36800765,3.2.8,2,1,3,64.3385,1.61694106,4.4915e-07,104.03149665,Cortex-A53,4,4,25.6,1200.0,1,48.8,221.0,0.88,Debian GNU/Linux 13 (trixie) aarch64,Linux,aarch64,3.10.20,0.6111111111111112,0.78125,0.6111111111111112,0.5418181818181818,0.78125,0.6111111111111112,0.5418181818181818
2026-07-06 00:44:29,c9160e6539125e06c66b22677b30e1ed0aad8c344173a6c30f97b14607f84244,c9160e65,ubuntu,quantum_circuit_qubit_sweep_codecarbon,41,-1,1,False,RY_RZ_LINEAR_2Q,PennyLane,0.42.3,default.qubit,RY_RZ_LINEAR,2,4,25,10,4,8,4,CNOT_LINEAR,16,0.06878019,0.517188,0.06878,0.692556,0.04628649,4.690874428738922e-07,0,8.784810758273428e-07,1.347568518701235e-06,4.959155297693589e-07,0.36800765,3.2.8,2,1,3,64.8137,1.61708222,4.4919e-07,104.80912816,Cortex-A53,4,4,23.7,1200.0,1,48.8,221.0234,0.88,Debian GNU/Linux 13 (trixie) aarch64,Linux,aarch64,3.10.20,0.6111111111111112,0.78125,0.6111111111111112,0.5418181818181818,0.78125,0.6111111111111112,0.5418181818181818
2026-07-06 00:44:34,c9160e6539125e06c66b22677b30e1ed0aad8c344173a6c30f97b14607f84244,c9160e65,ubuntu,quantum_circuit_qubit_sweep_codecarbon,42,-1,1,False,RY_RZ_LINEAR_2Q,PennyLane,0.42.3,default.qubit,RY_RZ_LINEAR,2,4,25,10,4,8,4,CNOT_LINEAR,16,0.01994763,0.504987,0.019948,0.693097,0.046765137,4.68477252456877e-07,0,8.773418217121312e-07,1.3458190741690083e-06,4.952717207904748e-07,0.36800765,3.2.8,2,1,3,64.1504,1.61498289,4.48606e-07,103.60172081,Cortex-A53,4,4,27.0,1200.0,1,48.8,221.0391,0.88,Debian GNU/Linux 13 (trixie) aarch64,Linux,aarch64,3.10.20,0.6111111111111112,0.78125,0.6111111111111112,0.5418181818181818,0.78125,0.6111111111111112,0.5418181818181818
2026-07-06 00:44:39,c9160e6539125e06c66b22677b30e1ed0aad8c344173a6c30f97b14607f84244,c9160e65,ubuntu,quantum_circuit_qubit_sweep_codecarbon,43,1,1,True,RY_RZ_LINEAR_2Q,PennyLane,0.42.3,default.qubit,RY_RZ_LINEAR,2,4,25,10,4,8,4,CNOT_LINEAR,16,0.02700012,0.50675,0.027,0.693056,0.0883436699,4.901933285097281e-07,0,9.17399096651934e-07,1.4075924251616622e-06,5.180047867964063e-07,0.36800765,3.2.8,2,1,3,33.9583,1.68911091,4.69197e-07,57.35931886,Cortex-A53,4,4,25.0,1200.0,1,48.8,221.0391,0.88,Debian GNU/Linux 13 (trixie) aarch64,Linux,aarch64,3.10.20,0.6111111111111112,0.78125,0.6111111111111112,0.5418181818181818,0.78125,0.6111111111111112,0.5418181818181818
2026-07-06 00:44:44,c9160e6539125e06c66b22677b30e1ed0aad8c344173a6c30f97b14607f84244,c9160e65,ubuntu,quantum_circuit_qubit_sweep_codecarbon,44,1,1,True,RY_RZ_LINEAR_2Q,PennyLane,0.42.3,default.qubit,RY_RZ_LINEAR,2,4,25,10,4,8,4,CNOT_LINEAR,16,0.1058303,0.526433,0.10583,0.691749,0.046668845,4.693592369449865e-07,0,8.789626941628135e-07,1.3483219311078e-06,4.961927913019276e-07,0.36800765,3.2.8,2,1,3,64.2827,1.61798632,4.49441e-07,104.00855115,Cortex-A53,4,4,24.5,1200.0,1,48.8,221.043,0.88,Debian GNU/Linux 13 (trixie) aarch64,Linux,aarch64,3.10.20,0.6111111111111112,0.78125,0.6111111111111112,0.5418181818181818,0.78125,0.6111111111111112,0.5418181818181818
2026-07-06 00:44:49,c9160e6539125e06c66b22677b30e1ed0aad8c344173a6c30f97b14607f84244,c9160e65,ubuntu,quantum_circuit_qubit_sweep_codecarbon,45,1,1,True,RY_RZ_LINEAR_2Q,PennyLane,0.42.3,default.qubit,RY_RZ_LINEAR,2,4,25,10,4,8,4,CNOT_LINEAR,16,0.25018849,0.562223,0.250188,0.685384,0.0465035911,4.683889746665955e-07,0,8.77186325766767e-07,1.3455753004333624e-06,4.951820101898047e-07,0.36800765,3.2.8,2,1,3,64.5111,1.61469036,4.48525e-07,104.16552711,Cortex-A53,4,4,26.0,600.0,1,48.8,221.043,0.88,Debian GNU/Linux 13 (trixie) aarch64,Linux,aarch64,3.10.20,0.6111111111111112,0.78125,0.6111111111111112,0.5418181818181818,0.78125,0.6111111111111112,0.5418181818181818
2026-07-06 00:44:54,c9160e6539125e06c66b22677b30e1ed0aad8c344173a6c30f97b14607f84244,c9160e65,ubuntu,quantum_circuit_qubit_sweep_codecarbon,46,1,1,True,RY_RZ_LINEAR_2Q,PennyLane,0.42.3,default.qubit,RY_RZ_LINEAR,2,4,25,10,4,8,4,CNOT_LINEAR,16,0.25676906,0.563842,0.256769,0.684973,0.04702083,4.69507615734941e-07,0,8.791883433392893e-07,1.3486959590742303e-06,4.963304364565499e-07,0.36800765,3.2.8,2,1,3,63.8015,1.61843515,4.49565e-07,103.25860804,Cortex-A53,4,4,24.3,1200.0,1,48.8,221.0859,0.88,Debian GNU/Linux 13 (trixie) aarch64,Linux,aarch64,3.10.20,0.6111111111111112,0.78125,0.6111111111111112,0.5418181818181818,0.78125,0.6111111111111112,0.5418181818181818
2026-07-06 00:44:59,c9160e6539125e06c66b22677b30e1ed0aad8c344173a6c30f97b14607f84244,c9160e65,ubuntu,quantum_circuit_qubit_sweep_codecarbon,47,1,1,True,RY_RZ_LINEAR_2Q,PennyLane,0.42.3,default.qubit,RY_RZ_LINEAR,2,4,25,10,4,8,4,CNOT_LINEAR,16,0.00395798,0.500989,0.003958,0.693145,0.0488164411,4.701745782254471e-07,0,8.805162766172241e-07,1.3506908548426713e-06,4.970645733691535e-07,0.36800765,3.2.8,2,1,3,61.4547,1.62082903,4.5023e-07,99.60757008,Cortex-A53,4,4,24.4,1200.0,1,48.8,221.0859,0.88,Debian GNU/Linux 13 (trixie) aarch64,Linux,aarch64,3.10.20,0.6111111111111112,0.78125,0.6111111111111112,0.5418181818181818,0.78125,0.6111111111111112,0.5418181818181818
2026-07-06 00:45:04,c9160e6539125e06c66b22677b30e1ed0aad8c344173a6c30f97b14607f84244,c9160e65,ubuntu,quantum_circuit_qubit_sweep_codecarbon,48,1,1,True,RY_RZ_LINEAR_2Q,PennyLane,0.42.3,default.qubit,RY_RZ_LINEAR,2,4,25,10,4,8,4,CNOT_LINEAR,16,0.01962248,0.504905,0.019622,0.693099,0.046888652,4.6981512937832564e-07,0,8.798206166829914e-07,1.349635746061317e-06,4.966762852613444e-07,0.36800765,3.2.8,2,1,3,63.9814,1.6195629,4.49879e-07,103.62184614,Cortex-A53,4,4,25.0,1200.0,1,48.8,221.1211,0.88,Debian GNU/Linux 13 (trixie) aarch64,Linux,aarch64,3.10.20,0.6111111111111112,0.78125,0.6111111111111112,0.5418181818181818,0.78125,0.6111111111111112,0.5418181818181818
2026-07-06 00:45:09,c9160e6539125e06c66b22677b30e1ed0aad8c344173a6c30f97b14607f84244,c9160e65,ubuntu,quantum_circuit_qubit_sweep_codecarbon,49,-1,1,False,RY_RZ_LINEAR_2Q,PennyLane,0.42.3,default.qubit,RY_RZ_LINEAR,2,4,25,10,4,8,4,CNOT_LINEAR,16,0.04773725,0.511932,0.047737,0.692862,0.0790681329,4.849121556099919e-07,0,9.076793608255684e-07,1.3925915164355602e-06,5.1248433756159e-07,0.36800765,3.2.8,2,1,3,37.942,1.67110982,4.64197e-07,63.40518329,Cortex-A53,4,4,25.6,1200.0,2,48.8,221.125,0.88,Debian GNU/Linux 13 (trixie) aarch64,Linux,aarch64,3.10.20,0.6111111111111112,0.78125,0.6111111111111112,0.5418181818181818,0.78125,0.6111111111111112,0.5418181818181818
2026-07-06 00:45:14,c9160e6539125e06c66b22677b30e1ed0aad8c344173a6c30f97b14607f84244,c9160e65,ubuntu,quantum_circuit_qubit_sweep_codecarbon,50,-1,1,False,RY_RZ_LINEAR_2Q,PennyLane,0.42.3,default.qubit,RY_RZ_LINEAR,2,4,25,10,4,8,4,CNOT_LINEAR,16,0.05555448,0.513885,0.055554,0.692762,0.0737520461,4.817071817815305e-07,0,9.016219016242152e-07,1.3833290834057456e-06,5.090756913078465e-07,0.36800765,3.2.8,2,1,3,40.6768,1.6599949,4.6111e-07,67.52334293,Cortex-A53,4,4,25.0,1200.0,1,49.0,221.2539,0.88,Debian GNU/Linux 13 (trixie) aarch64,Linux,aarch64,3.10.20,0.6111111111111112,0.78125,0.6111111111111112,0.5418181818181818,0.78125,0.6111111111111112,0.5418181818181818
2026-07-06 00:45:19,c9160e6539125e06c66b22677b30e1ed0aad8c344173a6c30f97b14607f84244,c9160e65,ubuntu,quantum_circuit_qubit_sweep_codecarbon,51,1,1,True,RY_RZ_LINEAR_2Q,PennyLane,0.42.3,default.qubit,RY_RZ_LINEAR,2,4,25,10,4,8,4,CNOT_LINEAR,16,0.02448764,0.506122,0.024488,0.693072,0.047658396,4.697669413354662e-07,0,8.797343358552705e-07,1.3495012771907368e-06,4.966267996876864e-07,0.36800765,3.2.8,2,1,3,62.948,1.61940153,4.49834e-07,101.9380636,Cortex-A53,4,4,25.9,1200.0,1,49.0,221.2578,0.88,Debian GNU/Linux 13 (trixie) aarch64,Linux,aarch64,3.10.20,0.6111111111111112,0.78125,0.6111111111111112,0.5418181818181818,0.78125,0.6111111111111112,0.5418181818181818
2026-07-06 00:45:24,c9160e6539125e06c66b22677b30e1ed0aad8c344173a6c30f97b14607f84244,c9160e65,ubuntu,quantum_circuit_qubit_sweep_codecarbon,52,1,1,True,RY_RZ_LINEAR_2Q,PennyLane,0.42.3,default.qubit,RY_RZ_LINEAR,2,4,25,10,4,8,4,CNOT_LINEAR,16,0.2801208,0.569576,0.280121,0.683434,0.050515977,4.707738427031372e-07,0,8.816764426107208e-07,1.352450285313858e-06,4.977120572500115e-07,0.36800765,3.2.8,2,1,3,59.3872,1.62294034,4.50817e-07,96.38180472,Cortex-A53,4,4,25.6,1200.0,1,49.2,221.2617,0.88,Debian GNU/Linux 13 (trixie) aarch64,Linux,aarch64,3.10.20,0.6111111111111112,0.78125,0.6111111111111112,0.5418181818181818,0.78125,0.6111111111111112,0.5418181818181818
2026-07-06 00:45:29,c9160e6539125e06c66b22677b30e1ed0aad8c344173a6c30f97b14607f84244,c9160e65,ubuntu,quantum_circuit_qubit_sweep_codecarbon,53,1,1,True,RY_RZ_LINEAR_2Q,PennyLane,0.42.3,default.qubit,RY_RZ_LINEAR,2,4,25,10,4,8,4,CNOT_LINEAR,16,0.0139858,0.503496,0.013986,0.693123,0.0463025828,4.6896907945887924e-07,0,8.7824220827315e-07,1.3472112877320291e-06,4.957840660382867e-07,0.36800765,3.2.8,2,1,3,64.7912,1.61665355,4.4907e-07,104.7449265,Cortex-A53,4,4,27.5,1200.0,1,49.3,221.2695,0.88,Debian GNU/Linux 13 (trixie) aarch64,Linux,aarch64,3.10.20,0.6111111111111112,0.78125,0.6111111111111112,0.5418181818181818,0.78125,0.6111111111111112,0.5418181818181818
2026-07-06 00:45:34,c9160e6539125e06c66b22677b30e1ed0aad8c344173a6c30f97b14607f84244,c9160e65,ubuntu,quantum_circuit_qubit_sweep_codecarbon,54,-1,-1,True,RY_RZ_LINEAR_2Q,PennyLane,0.42.3,default.qubit,RY_RZ_LINEAR,2,4,25,10,4,8,4,CNOT_LINEAR,16,-0.00489957,0.501225,0.0049,0.693144,0.0470503389,4.686970499135113e-07,0,8.777333774681513e-07,1.3464304273816628e-06,4.954967034523003e-07,0.36800765,3.2.8,2,1,3,63.7615,1.61571651,4.4881e-07,103.02050204,Cortex-A53,4,4,25.6,1200.0,1,49.3,221.2695,0.88,Debian GNU/Linux 13 (trixie) aarch64,Linux,aarch64,3.10.20,0.6111111111111112,0.78125,0.6111111111111112,0.5418181818181818,0.78125,0.6111111111111112,0.5418181818181818
2026-07-06 00:45:39,c9160e6539125e06c66b22677b30e1ed0aad8c344173a6c30f97b14607f84244,c9160e65,ubuntu,quantum_circuit_qubit_sweep_codecarbon,55,-1,1,False,RY_RZ_LINEAR_2Q,PennyLane,0.42.3,default.qubit,RY_RZ_LINEAR,2,4,25,10,4,8,4,CNOT_LINEAR,16,0.17303175,0.54315,0.173032,0.689419,0.0771416759,4.845217542929782e-07,0,9.072100716487816e-07,1.39173182594176e-06,5.121679648794191e-07,0.36800765,3.2.8,2,1,3,38.8895,1.67007819,4.63911e-07,64.94847976,Cortex-A53,4,4,22.8,1200.0,1,49.3,221.2695,0.88,Debian GNU/Linux 13 (trixie) aarch64,Linux,aarch64,3.10.20,0.6111111111111112,0.78125,0.6111111111111112,0.5418181818181818,0.78125,0.6111111111111112,0.5418181818181818
2026-07-06 00:45:44,c9160e6539125e06c66b22677b30e1ed0aad8c344173a6c30f97b14607f84244,c9160e65,ubuntu,quantum_circuit_qubit_sweep_codecarbon,56,1,1,True,RY_RZ_LINEAR_2Q,PennyLane,0.42.3,default.qubit,RY_RZ_LINEAR,2,4,25,10,4,8,4,CNOT_LINEAR,16,0.07958594,0.519886,0.079586,0.692356,0.0467067028,4.69395788085791e-07,0,8.790763651874538e-07,1.3484721532732448e-06,4.962480742086783e-07,0.36800765,3.2.8,2,1,3,64.2306,1.61816658,4.49491e-07,103.93582637,Cortex-A53,4,4,25.0,700.0,1,49.3,221.2695,0.88,Debian GNU/Linux 13 (trixie) aarch64,Linux,aarch64,3.10.20,0.6111111111111112,0.78125,0.6111111111111112,0.5418181818181818,0.78125,0.6111111111111112,0.5418181818181818
2026-07-06 00:45:49,c9160e6539125e06c66b22677b30e1ed0aad8c344173a6c30f97b14607f84244,c9160e65,ubuntu,quantum_circuit_qubit_sweep_codecarbon,57,1,1,True,RY_RZ_LINEAR_2Q,PennyLane,0.42.3,default.qubit,RY_RZ_LINEAR,2,4,25,10,4,8,4,CNOT_LINEAR,16,0.05278112,0.513192,0.052781,0.692799,0.04823789,4.699803033480443e-07,0,8.801709408483778e-07,1.3501512441964222e-06,4.968659925209145e-07,0.36800765,3.2.8,2,1,3,62.1918,1.62018149,4.5005e-07,100.76196282,Cortex-A53,4,4,25.6,1200.0,1,49.1,221.2695,0.88,Debian GNU/Linux 13 (trixie) aarch64,Linux,aarch64,3.10.20,0.6111111111111112,0.78125,0.6111111111111112,0.5418181818181818,0.78125,0.6111111111111112,0.5418181818181818
2026-07-06 00:45:54,c9160e6539125e06c66b22677b30e1ed0aad8c344173a6c30f97b14607f84244,c9160e65,ubuntu,quantum_circuit_qubit_sweep_codecarbon,58,-1,1,False,RY_RZ_LINEAR_2Q,PennyLane,0.42.3,default.qubit,RY_RZ_LINEAR,2,4,25,10,4,8,4,CNOT_LINEAR,16,0.00305434,0.500764,0.003054,0.693146,0.0469589459,4.694957925763462e-07,0,8.792441809782758e-07,1.348739973554622e-06,4.963466341222404e-07,0.36800765,3.2.8,2,1,3,63.8856,1.61848797,4.4958e-07,103.39805993,Cortex-A53,4,4,25.0,1200.0,1,49.1,221.2695,0.88,Debian GNU/Linux 13 (trixie) aarch64,Linux,aarch64,3.10.20,0.6111111111111112,0.78125,0.6111111111111112,0.5418181818181818,0.78125,0.6111111111111112,0.5418181818181818
2026-07-06 00:45:59,c9160e6539125e06c66b22677b30e1ed0aad8c344173a6c30f97b14607f84244,c9160e65,ubuntu,quantum_circuit_qubit_sweep_codecarbon,59,1,1,True,RY_RZ_LINEAR_2Q,PennyLane,0.42.3,default.qubit,RY_RZ_LINEAR,2,4,25,10,4,8,4,CNOT_LINEAR,16,0.27363562,0.567985,0.273636,0.683875,0.0744370848,4.835228097314636e-07,0,9.055874824601536e-07,1.389110292191617e-06,5.112032203929841e-07,0.36800765,3.2.8,2,1,3,40.3025,1.66693235,4.63037e-07,67.18152736,Cortex-A53,4,4,25.6,1200.0,1,49.1,221.3086,0.88,Debian GNU/Linux 13 (trixie) aarch64,Linux,aarch64,3.10.20,0.6111111111111112,0.78125,0.6111111111111112,0.5418181818181818,0.78125,0.6111111111111112,0.5418181818181818
2026-07-06 00:46:04,c9160e6539125e06c66b22677b30e1ed0aad8c344173a6c30f97b14607f84244,c9160e65,ubuntu,quantum_circuit_qubit_sweep_codecarbon,60,-1,1,False,RY_RZ_LINEAR_2Q,PennyLane,0.42.3,default.qubit,RY_RZ_LINEAR,2,4,25,10,4,8,4,CNOT_LINEAR,16,0.0794332,0.519848,0.079433,0.692359,0.067091218,4.788311502246495e-07,0,8.967676058333988e-07,1.3755987560580484e-06,5.062308716725387e-07,0.36800765,3.2.8,2,1,3,44.7152,1.65071851,4.58533e-07,73.81227636,Cortex-A53,4,4,23.3,1200.0,1,49.1,221.4375,0.88,Debian GNU/Linux 13 (trixie) aarch64,Linux,aarch64,3.10.20,0.6111111111111112,0.78125,0.6111111111111112,0.5418181818181818,0.78125,0.6111111111111112,0.5418181818181818
2026-07-06 00:46:09,c9160e6539125e06c66b22677b30e1ed0aad8c344173a6c30f97b14607f84244,c9160e65,ubuntu,quantum_circuit_qubit_sweep_codecarbon,61,-1,1,False,RY_RZ_LINEAR_2Q,PennyLane,0.42.3,default.qubit,RY_RZ_LINEAR,2,4,25,10,4,8,4,CNOT_LINEAR,16,0.01046248,0.502616,0.010462,0.693133,0.046478594,4.692607186347627e-07,0,8.788309649874768e-07,1.3480916836222396e-06,4.961080584648249e-07,0.36800765,3.2.8,2,1,3,64.5458,1.61771002,4.49364e-07,104.41645601,Cortex-A53,4,4,23.7,1200.0,1,49.1,221.4375,0.88,Debian GNU/Linux 13 (trixie) aarch64,Linux,aarch64,3.10.20,0.6111111111111112,0.78125,0.6111111111111112,0.5418181818181818,0.78125,0.6111111111111112,0.5418181818181818
2026-07-06 00:46:14,c9160e6539125e06c66b22677b30e1ed0aad8c344173a6c30f97b14607f84244,c9160e65,ubuntu,quantum_circuit_qubit_sweep_codecarbon,62,-1,-1,True,RY_RZ_LINEAR_2Q,PennyLane,0.42.3,default.qubit,RY_RZ_LINEAR,2,4,25,10,4,8,4,CNOT_LINEAR,16,-0.01078874,0.502697,0.010789,0.693133,0.04958034,4.705887187544966e-07,0,8.813162757238994e-07,1.351904994478396e-06,4.975113860486635e-07,0.36800765,3.2.8,2,1,3,60.5079,1.62228599,4.50635e-07,98.1610448,Cortex-A53,4,4,26.8,1200.0,1,49.1,221.457,0.88,Debian GNU/Linux 13 (trixie) aarch64,Linux,aarch64,3.10.20,0.6111111111111112,0.78125,0.6111111111111112,0.5418181818181818,0.78125,0.6111111111111112,0.5418181818181818
2026-07-06 00:46:19,c9160e6539125e06c66b22677b30e1ed0aad8c344173a6c30f97b14607f84244,c9160e65,ubuntu,quantum_circuit_qubit_sweep_codecarbon,63,-1,1,False,RY_RZ_LINEAR_2Q,PennyLane,0.42.3,default.qubit,RY_RZ_LINEAR,2,4,25,10,4,8,4,CNOT_LINEAR,16,0.07674158,0.519176,0.076742,0.692412,0.0466612012,4.692496550275312e-07,0,8.787983293101812e-07,1.3480479843377123e-06,4.960919767936252e-07,0.36800765,3.2.8,2,1,3,64.2932,1.61765758,4.49349e-07,104.00445386,Cortex-A53,4,4,25.0,1200.0,2,49.3,221.457,0.88,Debian GNU/Linux 13 (trixie) aarch64,Linux,aarch64,3.10.20,0.6111111111111112,0.78125,0.6111111111111112,0.5418181818181818,0.78125,0.6111111111111112,0.5418181818181818
2026-07-06 00:46:24,c9160e6539125e06c66b22677b30e1ed0aad8c344173a6c30f97b14607f84244,c9160e65,ubuntu,quantum_circuit_qubit_sweep_codecarbon,64,1,1,True,RY_RZ_LINEAR_2Q,PennyLane,0.42.3,default.qubit,RY_RZ_LINEAR,2,4,25,10,4,8,4,CNOT_LINEAR,16,0.12445053,0.531073,0.124451,0.691215,0.0467404742,4.693634079562293e-07,0,8.790108266596994e-07,1.348374234615929e-06,4.962120393932731e-07,0.36800765,3.2.8,2,1,3,64.1842,1.61804908,4.49458e-07,103.85318784,Cortex-A53,4,4,63.0,1200.0,4,49.4,221.4609,0.88,Debian GNU/Linux 13 (trixie) aarch64,Linux,aarch64,3.10.20,0.6111111111111112,0.78125,0.6111111111111112,0.5418181818181818,0.78125,0.6111111111111112,0.5418181818181818
2026-07-06 00:46:29,c9160e6539125e06c66b22677b30e1ed0aad8c344173a6c30f97b14607f84244,c9160e65,ubuntu,quantum_circuit_qubit_sweep_codecarbon,65,-1,1,False,RY_RZ_LINEAR_2Q,PennyLane,0.42.3,default.qubit,RY_RZ_LINEAR,2,4,25,10,4,8,4,CNOT_LINEAR,16,0.02048523,0.505121,0.020485,0.693095,0.0702383951,4.812149005010725e-07,0,9.009853275104736e-07,1.382200228011546e-06,5.08660263882021e-07,0.36800765,3.2.8,2,1,3,42.7117,1.65864027,4.60733e-07,70.84331599,Cortex-A53,4,4,26.3,1200.0,4,50.3,221.4648,0.88,Debian GNU/Linux 13 (trixie) aarch64,Linux,aarch64,3.10.20,0.6111111111111112,0.78125,0.6111111111111112,0.5418181818181818,0.78125,0.6111111111111112,0.5418181818181818
2026-07-06 00:46:34,c9160e6539125e06c66b22677b30e1ed0aad8c344173a6c30f97b14607f84244,c9160e65,ubuntu,quantum_circuit_qubit_sweep_codecarbon,66,-1,1,False,RY_RZ_LINEAR_2Q,PennyLane,0.42.3,default.qubit,RY_RZ_LINEAR,2,4,25,10,4,8,4,CNOT_LINEAR,16,0.02248949,0.505622,0.022489,0.693084,0.046964278,4.694685422711903e-07,0,8.792374232628694e-07,1.3487059655340596e-06,4.96334118910361e-07,0.36800765,3.2.8,2,1,3,63.8783,1.61844716,4.49569e-07,103.38371385,Cortex-A53,4,4,25.0,700.0,1,50.5,221.4648,0.88,Debian GNU/Linux 13 (trixie) aarch64,Linux,aarch64,3.10.20,0.6111111111111112,0.78125,0.6111111111111112,0.5418181818181818,0.78125,0.6111111111111112,0.5418181818181818
2026-07-06 00:46:39,c9160e6539125e06c66b22677b30e1ed0aad8c344173a6c30f97b14607f84244,c9160e65,ubuntu,quantum_circuit_qubit_sweep_codecarbon,67,1,1,True,RY_RZ_LINEAR_2Q,PennyLane,0.42.3,default.qubit,RY_RZ_LINEAR,2,4,25,10,4,8,4,CNOT_LINEAR,16,0.12744132,0.531817,0.127441,0.691121,0.046340171,4.691458799772792e-07,0,8.78576485750576e-07,1.3477223657278552e-06,4.959721466527684e-07,0.36800765,3.2.8,2,1,3,64.7386,1.61726684,4.49241e-07,104.69966792,Cortex-A53,4,4,26.8,1200.0,2,50.6,221.4766,0.88,Debian GNU/Linux 13 (trixie) aarch64,Linux,aarch64,3.10.20,0.6111111111111112,0.78125,0.6111111111111112,0.5418181818181818,0.78125,0.6111111111111112,0.5418181818181818
2026-07-06 00:46:44,c9160e6539125e06c66b22677b30e1ed0aad8c344173a6c30f97b14607f84244,c9160e65,ubuntu,quantum_circuit_qubit_sweep_codecarbon,68,-1,-1,True,RY_RZ_LINEAR_2Q,PennyLane,0.42.3,default.qubit,RY_RZ_LINEAR,2,4,25,10,4,8,4,CNOT_LINEAR,16,-0.01531932,0.50383,0.015319,0.693118,0.0466195971,4.693706200147669e-07,0,8.789726125542075e-07,1.3483432325689745e-06,4.962006304026905e-07,0.36800765,3.2.8,2,1,3,64.3506,1.61801188,4.49448e-07,104.12006831,Cortex-A53,4,4,26.2,1200.0,1,50.6,221.4766,0.88,Debian GNU/Linux 13 (trixie) aarch64,Linux,aarch64,3.10.20,0.6111111111111112,0.78125,0.6111111111111112,0.5418181818181818,0.78125,0.6111111111111112,0.5418181818181818
2026-07-06 00:46:49,c9160e6539125e06c66b22677b30e1ed0aad8c344173a6c30f97b14607f84244,c9160e65,ubuntu,quantum_circuit_qubit_sweep_codecarbon,69,-1,-1,True,RY_RZ_LINEAR_2Q,PennyLane,0.42.3,default.qubit,RY_RZ_LINEAR,2,4,25,10,4,8,4,CNOT_LINEAR,16,-0.03304524,0.508261,0.033045,0.693011,0.0843187019,4.881320506748226e-07,0,9.14213055705962e-07,1.4023451063807848e-06,5.160737333197374e-07,0.36800765,3.2.8,2,1,3,35.5793,1.68281413,4.67448e-07,59.87334092,Cortex-A53,4,4,23.3,1200.0,2,50.6,221.4766,0.88,Debian GNU/Linux 13 (trixie) aarch64,Linux,aarch64,3.10.20,0.6111111111111112,0.78125,0.6111111111111112,0.5418181818181818,0.78125,0.6111111111111112,0.5418181818181818
2026-07-06 00:46:54,c9160e6539125e06c66b22677b30e1ed0aad8c344173a6c30f97b14607f84244,c9160e65,ubuntu,quantum_circuit_qubit_sweep_codecarbon,70,-1,1,False,RY_RZ_LINEAR_2Q,PennyLane,0.42.3,default.qubit,RY_RZ_LINEAR,2,4,25,10,4,8,4,CNOT_LINEAR,16,0.0516362,0.512906,0.051636,0.692814,0.0672674971,4.789285603910685e-07,0,8.969258257032683e-07,1.3758543860943368e-06,5.063249454825986e-07,0.36800765,3.2.8,2,1,3,44.5981,1.65102526,4.58618e-07,73.63252694,Cortex-A53,4,4,26.2,1200.0,1,50.8,221.5117,0.88,Debian GNU/Linux 13 (trixie) aarch64,Linux,aarch64,3.10.20,0.6111111111111112,0.78125,0.6111111111111112,0.5418181818181818,0.78125,0.6111111111111112,0.5418181818181818
2026-07-06 00:46:59,c9160e6539125e06c66b22677b30e1ed0aad8c344173a6c30f97b14607f84244,c9160e65,ubuntu,quantum_circuit_qubit_sweep_codecarbon,71,-1,1,False,RY_RZ_LINEAR_2Q,PennyLane,0.42.3,default.qubit,RY_RZ_LINEAR,2,4,25,10,4,8,4,CNOT_LINEAR,16,0.00460491,0.501151,0.004605,0.693145,0.046661373,4.690160697533026e-07,0,8.7834042593992e-07,1.3473564956932226e-06,4.958375036794921e-07,0.36800765,3.2.8,2,1,3,64.293,1.61682779,4.49119e-07,103.9507214,Cortex-A53,4,4,25.4,1200.0,4,49.3,221.5117,0.88,Debian GNU/Linux 13 (trixie) aarch64,Linux,aarch64,3.10.20,0.6111111111111112,0.78125,0.6111111111111112,0.5418181818181818,0.78125,0.6111111111111112,0.5418181818181818
2026-07-06 00:47:09,c9160e6539125e06c66b22677b30e1ed0aad8c344173a6c30f97b14607f84244,c9160e65,ubuntu,quantum_circuit_qubit_sweep_codecarbon,0,-1,-1,True,RY_RZ_LINEAR_3Q,PennyLane,0.42.3,default.qubit,RY_RZ_LINEAR,3,4,37,10,6,12,8,CNOT_LINEAR,26,-0.078395,0.519589,0.078395,0.69238,0.0680948929,4.78018016450935e-07,0,8.952365241323909e-07,1.373254540583326e-06,5.053681824341756e-07,0.36800765,3.2.8,3,1,4,58.7416,1.23592909,3.43314e-07,72.6003983,Cortex-A53,4,4,26.2,1200.0,2,49.5,221.6016,0.88,Debian GNU/Linux 13 (trixie) aarch64,Linux,aarch64,3.10.20,0.6944444444444444,0.695046439628483,0.6944444444444444,0.6942084942084943,0.695046439628483,0.6944444444444444,0.6942084942084943
2026-07-06 00:47:14,c9160e6539125e06c66b22677b30e1ed0aad8c344173a6c30f97b14607f84244,c9160e65,ubuntu,quantum_circuit_qubit_sweep_codecarbon,1,1,1,True,RY_RZ_LINEAR_3Q,PennyLane,0.42.3,default.qubit,RY_RZ_LINEAR,3,4,37,10,6,12,8,CNOT_LINEAR,26,0.31872386,0.579013,0.318724,0.680609,0.0708076849,4.800371354859737e-07,0,8.989674683349827e-07,1.3790046038209563e-06,5.074842497191587e-07,0.36800765,3.2.8,3,1,4,56.491,1.24110414,3.44751e-07,70.11126801,Cortex-A53,4,4,27.9,1200.0,1,49.4,221.6172,0.88,Debian GNU/Linux 13 (trixie) aarch64,Linux,aarch64,3.10.20,0.6944444444444444,0.695046439628483,0.6944444444444444,0.6942084942084943,0.695046439628483,0.6944444444444444,0.6942084942084943
2026-07-06 00:47:19,c9160e6539125e06c66b22677b30e1ed0aad8c344173a6c30f97b14607f84244,c9160e65,ubuntu,quantum_circuit_qubit_sweep_codecarbon,2,1,1,True,RY_RZ_LINEAR_3Q,PennyLane,0.42.3,default.qubit,RY_RZ_LINEAR,3,4,37,10,6,12,8,CNOT_LINEAR,26,0.22669271,0.556432,0.226693,0.686765,0.0683222399,4.78919289385279e-07,0,8.969238066735368e-07,1.375843096058816e-06,5.06320790663108e-07,0.36800765,3.2.8,3,1,4,58.5461,1.23825879,3.43961e-07,72.49521023,Cortex-A53,4,4,25.0,1200.0,2,49.3,221.6172,0.88,Debian GNU/Linux 13 (trixie) aarch64,Linux,aarch64,3.10.20,0.6944444444444444,0.695046439628483,0.6944444444444444,0.6942084942084943,0.695046439628483,0.6944444444444444,0.6942084942084943
2026-07-06 00:47:24,c9160e6539125e06c66b22677b30e1ed0aad8c344173a6c30f97b14607f84244,c9160e65,ubuntu,quantum_circuit_qubit_sweep_codecarbon,3,1,-1,False,RY_RZ_LINEAR_3Q,PennyLane,0.42.3,default.qubit,RY_RZ_LINEAR,3,4,37,10,6,12,8,CNOT_LINEAR,26,-0.05327694,0.513316,0.053277,0.692793,0.0967479409,4.933670533614026e-07,0,9.240294234283888e-07,1.4173964767897914e-06,5.216127528401186e-07,0.36800765,3.2.8,3,1,4,41.3445,1.27565683,3.54349e-07,52.74145652,Cortex-A53,4,4,24.4,1200.0,2,49.4,221.6172,0.88,Debian GNU/Linux 13 (trixie) aarch64,Linux,aarch64,3.10.20,0.6944444444444444,0.695046439628483,0.6944444444444444,0.6942084942084943,0.695046439628483,0.6944444444444444,0.6942084942084943
2026-07-06 00:47:29,c9160e6539125e06c66b22677b30e1ed0aad8c344173a6c30f97b14607f84244,c9160e65,ubuntu,quantum_circuit_qubit_sweep_codecarbon,4,-1,1,False,RY_RZ_LINEAR_3Q,PennyLane,0.42.3,default.qubit,RY_RZ_LINEAR,3,4,37,10,6,12,8,CNOT_LINEAR,26,0.08229234,0.520561,0.082292,0.692301,0.0797064709,4.839949236354895e-07,0,9.059547308910018e-07,1.3899496545264913e-06,5.115121121570695e-07,0.36800765,3.2.8,3,1,4,50.1841,1.25095469,3.47487e-07,62.77807431,Cortex-A53,4,4,25.9,1200.0,1,49.4,221.6172,0.88,Debian GNU/Linux 13 (trixie) aarch64,Linux,aarch64,3.10.20,0.6944444444444444,0.695046439628483,0.6944444444444444,0.6942084942084943,0.695046439628483,0.6944444444444444,0.6942084942084943
2026-07-06 00:47:34,c9160e6539125e06c66b22677b30e1ed0aad8c344173a6c30f97b14607f84244,c9160e65,ubuntu,quantum_circuit_qubit_sweep_codecarbon,5,1,1,True,RY_RZ_LINEAR_3Q,PennyLane,0.42.3,default.qubit,RY_RZ_LINEAR,3,4,37,10,6,12,8,CNOT_LINEAR,26,0.24376189,0.56064,0.243762,0.685775,0.0681711009,4.779764453156128e-07,0,8.951861816846456e-07,1.3731626270002582e-06,5.053343575320594e-07,0.36800765,3.2.8,3,1,4,58.6759,1.23584636,3.43291e-07,72.51438498,Cortex-A53,4,4,26.8,700.0,2,48.9,221.6172,0.88,Debian GNU/Linux 13 (trixie) aarch64,Linux,aarch64,3.10.20,0.6944444444444444,0.695046439628483,0.6944444444444444,0.6942084942084943,0.695046439628483,0.6944444444444444,0.6942084942084943
2026-07-06 00:47:39,c9160e6539125e06c66b22677b30e1ed0aad8c344173a6c30f97b14607f84244,c9160e65,ubuntu,quantum_circuit_qubit_sweep_codecarbon,6,1,1,True,RY_RZ_LINEAR_3Q,PennyLane,0.42.3,default.qubit,RY_RZ_LINEAR,3,4,37,10,6,12,8,CNOT_LINEAR,26,0.00939006,0.502347,0.00939,0.693136,0.0680966761,4.779990737636884e-07,0,8.952273083074639e-07,1.3732263820711525e-06,5.053578198861581e-07,0.36800765,3.2.8,3,1,4,58.74,1.23590374,3.43307e-07,72.59700848,Cortex-A53,4,4,27.3,1200.0,1,49.0,221.6172,0.88,Debian GNU/Linux 13 (trixie) aarch64,Linux,aarch64,3.10.20,0.6944444444444444,0.695046439628483,0.6944444444444444,0.6942084942084943,0.695046439628483,0.6944444444444444,0.6942084942084943
2026-07-06 00:47:44,c9160e6539125e06c66b22677b30e1ed0aad8c344173a6c30f97b14607f84244,c9160e65,ubuntu,quantum_circuit_qubit_sweep_codecarbon,7,1,-1,False,RY_RZ_LINEAR_3Q,PennyLane,0.42.3,default.qubit,RY_RZ_LINEAR,3,4,37,10,6,12,8,CNOT_LINEAR,26,-0.03553914,0.508884,0.035539,0.692989,0.067977356,4.78866023114986e-07,0,8.96812083471256e-07,1.375678106586242e-06,5.062600732742981e-07,0.36800765,3.2.8,3,1,4,58.8431,1.2381103,3.4392e-07,72.85427785,Cortex-A53,4,4,26.7,1200.0,1,48.9,221.6172,0.88,Debian GNU/Linux 13 (trixie) aarch64,Linux,aarch64,3.10.20,0.6944444444444444,0.695046439628483,0.6944444444444444,0.6942084942084943,0.695046439628483,0.6944444444444444,0.6942084942084943
2026-07-06 00:47:49,c9160e6539125e06c66b22677b30e1ed0aad8c344173a6c30f97b14607f84244,c9160e65,ubuntu,quantum_circuit_qubit_sweep_codecarbon,8,1,1,True,RY_RZ_LINEAR_3Q,PennyLane,0.42.3,default.qubit,RY_RZ_LINEAR,3,4,37,10,6,12,8,CNOT_LINEAR,26,0.31014465,0.576921,0.310145,0.681267,0.067929076,4.787325871487459e-07,0,8.966012134139116e-07,1.3753338005626575e-06,5.06133366022148e-07,0.36800765,3.2.8,3,1,4,58.8849,1.23780042,3.43833e-07,72.8878114,Cortex-A53,4,4,26.7,1200.0,1,49.0,221.6172,0.88,Debian GNU/Linux 13 (trixie) aarch64,Linux,aarch64,3.10.20,0.6944444444444444,0.695046439628483,0.6944444444444444,0.6942084942084943,0.695046439628483,0.6944444444444444,0.6942084942084943
2026-07-06 00:47:54,c9160e6539125e06c66b22677b30e1ed0aad8c344173a6c30f97b14607f84244,c9160e65,ubuntu,quantum_circuit_qubit_sweep_codecarbon,9,-1,-1,True,RY_RZ_LINEAR_3Q,PennyLane,0.42.3,default.qubit,RY_RZ_LINEAR,3,4,37,10,6,12,8,CNOT_LINEAR,26,-0.16565172,0.541318,0.165652,0.689729,0.0686069371,4.798285848357611e-07,0,8.985733974259347e-07,1.378401982261696e-06,5.072624803726181e-07,0.36800765,3.2.8,3,1,4,58.3031,1.24056178,3.446e-07,72.32864996,Cortex-A53,4,4,26.7,1200.0,3,49.0,221.6172,0.88,Debian GNU/Linux 13 (trixie) aarch64,Linux,aarch64,3.10.20,0.6944444444444444,0.695046439628483,0.6944444444444444,0.6942084942084943,0.695046439628483,0.6944444444444444,0.6942084942084943
2026-07-06 00:48:00,c9160e6539125e06c66b22677b30e1ed0aad8c344173a6c30f97b14607f84244,c9160e65,ubuntu,quantum_circuit_qubit_sweep_codecarbon,10,1,1,True,RY_RZ_LINEAR_3Q,PennyLane,0.42.3,default.qubit,RY_RZ_LINEAR,3,4,37,10,6,12,8,CNOT_LINEAR,26,0.42921751,0.605687,0.429218,0.670638,0.0680827771,4.785572463951094e-07,0,8.962378466579442e-07,1.3747950930530535e-06,5.059351175351076e-07,0.36800765,3.2.8,3,1,4,58.752,1.23731558,3.43699e-07,72.69477755,Cortex-A53,4,4,23.9,1200.0,2,48.9,220.2305,0.88,Debian GNU/Linux 13 (trixie) aarch64,Linux,aarch64,3.10.20,0.6944444444444444,0.695046439628483,0.6944444444444444,0.6942084942084943,0.695046439628483,0.6944444444444444,0.6942084942084943
2026-07-06 00:48:05,c9160e6539125e06c66b22677b30e1ed0aad8c344173a6c30f97b14607f84244,c9160e65,ubuntu,quantum_circuit_qubit_sweep_codecarbon,11,1,1,True,RY_RZ_LINEAR_3Q,PennyLane,0.42.3,default.qubit,RY_RZ_LINEAR,3,4,37,10,6,12,8,CNOT_LINEAR,26,0.0122223,0.503056,0.012222,0.693129,0.0959986961,4.917462173228463e-07,0,9.210119699127972e-07,1.4127581872356436e-06,5.199058267806662e-07,0.36800765,3.2.8,3,1,4,41.6672,1.27148237,3.5319e-07,52.97915163,Cortex-A53,4,4,27.7,1200.0,1,49.0,220.2305,0.88,Debian GNU/Linux 13 (trixie) aarch64,Linux,aarch64,3.10.20,0.6944444444444444,0.695046439628483,0.6944444444444444,0.6942084942084943,0.695046439628483,0.6944444444444444,0.6942084942084943
2026-07-06 00:48:10,c9160e6539125e06c66b22677b30e1ed0aad8c344173a6c30f97b14607f84244,c9160e65,ubuntu,quantum_circuit_qubit_sweep_codecarbon,12,-1,-1,True,RY_RZ_LINEAR_3Q,PennyLane,0.42.3,default.qubit,RY_RZ_LINEAR,3,4,37,10,6,12,8,CNOT_LINEAR,26,-0.14767548,0.536852,0.147675,0.690429,0.07922998,4.840363136803111e-07,0,9.060894115827978e-07,1.3901257252631088e-06,5.115769075358684e-07,0.36800765,3.2.8,3,1,4,50.4859,1.25111315,3.47531e-07,63.1636233,Cortex-A53,4,4,25.4,1200.0,1,49.0,220.2969,0.88,Debian GNU/Linux 13 (trixie) aarch64,Linux,aarch64,3.10.20,0.6944444444444444,0.695046439628483,0.6944444444444444,0.6942084942084943,0.695046439628483,0.6944444444444444,0.6942084942084943
2026-07-06 00:48:15,c9160e6539125e06c66b22677b30e1ed0aad8c344173a6c30f97b14607f84244,c9160e65,ubuntu,quantum_circuit_qubit_sweep_codecarbon,13,1,1,True,RY_RZ_LINEAR_3Q,PennyLane,0.42.3,default.qubit,RY_RZ_LINEAR,3,4,37,10,6,12,8,CNOT_LINEAR,26,0.04926174,0.512313,0.049262,0.692844,0.0709834341,4.800873043843442e-07,0,8.991356225063402e-07,1.3792229268906846e-06,5.075645942799603e-07,0.36800765,3.2.8,3,1,4,56.3512,1.24130063,3.44806e-07,69.94875072,Cortex-A53,4,4,27.6,700.0,1,48.9,220.3008,0.88,Debian GNU/Linux 13 (trixie) aarch64,Linux,aarch64,3.10.20,0.6944444444444444,0.695046439628483,0.6944444444444444,0.6942084942084943,0.695046439628483,0.6944444444444444,0.6942084942084943
2026-07-06 00:48:20,c9160e6539125e06c66b22677b30e1ed0aad8c344173a6c30f97b14607f84244,c9160e65,ubuntu,quantum_circuit_qubit_sweep_codecarbon,14,1,1,True,RY_RZ_LINEAR_3Q,PennyLane,0.42.3,default.qubit,RY_RZ_LINEAR,3,4,37,10,6,12,8,CNOT_LINEAR,26,0.42003609,0.603492,0.420036,0.67157,0.0683263212,4.789330640600787e-07,0,8.969123075560978e-07,1.3758453716161766e-06,5.063216280856348e-07,0.36800765,3.2.8,3,1,4,58.5426,1.23826083,3.43961e-07,72.49099982,Cortex-A53,4,4,24.4,1200.0,1,48.8,220.3008,0.88,Debian GNU/Linux 13 (trixie) aarch64,Linux,aarch64,3.10.20,0.6944444444444444,0.695046439628483,0.6944444444444444,0.6942084942084943,0.695046439628483,0.6944444444444444,0.6942084942084943
2026-07-06 00:48:25,c9160e6539125e06c66b22677b30e1ed0aad8c344173a6c30f97b14607f84244,c9160e65,ubuntu,quantum_circuit_qubit_sweep_codecarbon,15,-1,1,False,RY_RZ_LINEAR_3Q,PennyLane,0.42.3,default.qubit,RY_RZ_LINEAR,3,4,37,10,6,12,8,CNOT_LINEAR,26,0.11549437,0.528842,0.115494,0.691483,0.068723612,4.79085462523509e-07,0,8.972470440979427e-07,1.3763325066214518e-06,5.065008974963235e-07,0.36800765,3.2.8,3,1,4,58.2042,1.23869926,3.44083e-07,72.09744773,Cortex-A53,4,4,24.4,1200.0,1,48.9,220.3008,0.88,Debian GNU/Linux 13 (trixie) aarch64,Linux,aarch64,3.10.20,0.6944444444444444,0.695046439628483,0.6944444444444444,0.6942084942084943,0.695046439628483,0.6944444444444444,0.6942084942084943
2026-07-06 00:48:30,c9160e6539125e06c66b22677b30e1ed0aad8c344173a6c30f97b14607f84244,c9160e65,ubuntu,quantum_circuit_qubit_sweep_codecarbon,16,1,-1,False,RY_RZ_LINEAR_3Q,PennyLane,0.42.3,default.qubit,RY_RZ_LINEAR,3,4,37,10,6,12,8,CNOT_LINEAR,26,-0.05797675,0.51449,0.057977,0.692727,0.0682770531,4.789065076038241e-07,0,8.968567857906844e-07,1.3757632933945083e-06,5.062914226717979e-07,0.36800765,3.2.8,3,1,4,58.5848,1.23818696,3.43941e-07,72.53898101,Cortex-A53,4,4,24.4,1200.0,1,49.0,220.3047,0.88,Debian GNU/Linux 13 (trixie) aarch64,Linux,aarch64,3.10.20,0.6944444444444444,0.695046439628483,0.6944444444444444,0.6942084942084943,0.695046439628483,0.6944444444444444,0.6942084942084943
2026-07-06 00:48:35,c9160e6539125e06c66b22677b30e1ed0aad8c344173a6c30f97b14607f84244,c9160e65,ubuntu,quantum_circuit_qubit_sweep_codecarbon,17,1,-1,False,RY_RZ_LINEAR_3Q,PennyLane,0.42.3,default.qubit,RY_RZ_LINEAR,3,4,37,10,6,12,8,CNOT_LINEAR,26,-0.0091157,0.502279,0.009116,0.693137,0.0682182531,4.788912853433026e-07,0,8.969022874953225e-07,1.375793572838625e-06,5.06302565739005e-07,0.36800765,3.2.8,3,1,4,58.6353,1.23821422,3.43948e-07,72.6031031,Cortex-A53,4,4,26.1,1200.0,1,49.2,220.3047,0.88,Debian GNU/Linux 13 (trixie) aarch64,Linux,aarch64,3.10.20,0.6944444444444444,0.695046439628483,0.6944444444444444,0.6942084942084943,0.695046439628483,0.6944444444444444,0.6942084942084943
2026-07-06 00:48:40,c9160e6539125e06c66b22677b30e1ed0aad8c344173a6c30f97b14607f84244,c9160e65,ubuntu,quantum_circuit_qubit_sweep_codecarbon,18,-1,-1,True,RY_RZ_LINEAR_3Q,PennyLane,0.42.3,default.qubit,RY_RZ_LINEAR,3,4,37,10,6,12,8,CNOT_LINEAR,26,-0.17783308,0.544341,0.177833,0.68921,0.1180512919,5.034675075569087e-07,0,9.422490301464374e-07,1.4457165377033462e-06,5.320347520306175e-07,0.36800765,3.2.8,3,1,4,33.8836,1.30114488,3.61429e-07,44.08744243,Cortex-A53,4,4,25.0,1200.0,3,49.1,220.3086,0.88,Debian GNU/Linux 13 (trixie) aarch64,Linux,aarch64,3.10.20,0.6944444444444444,0.695046439628483,0.6944444444444444,0.6942084942084943,0.695046439628483,0.6944444444444444,0.6942084942084943
2026-07-06 00:48:45,c9160e6539125e06c66b22677b30e1ed0aad8c344173a6c30f97b14607f84244,c9160e65,ubuntu,quantum_circuit_qubit_sweep_codecarbon,19,1,1,True,RY_RZ_LINEAR_3Q,PennyLane,0.42.3,default.qubit,RY_RZ_LINEAR,3,4,37,10,6,12,8,CNOT_LINEAR,26,0.04813227,0.512031,0.048132,0.692858,0.069587098,4.794913261145024e-07,0,8.980122909027462e-07,1.3775036170172488e-06,5.069318750861754e-07,0.36800765,3.2.8,3,1,4,57.4819,1.23975326,3.44376e-07,71.26339747,Cortex-A53,4,4,26.6,1200.0,1,49.1,220.3438,0.88,Debian GNU/Linux 13 (trixie) aarch64,Linux,aarch64,3.10.20,0.6944444444444444,0.695046439628483,0.6944444444444444,0.6942084942084943,0.695046439628483,0.6944444444444444,0.6942084942084943
2026-07-06 00:48:50,c9160e6539125e06c66b22677b30e1ed0aad8c344173a6c30f97b14607f84244,c9160e65,ubuntu,quantum_circuit_qubit_sweep_codecarbon,20,-1,-1,True,RY_RZ_LINEAR_3Q,PennyLane,0.42.3,default.qubit,RY_RZ_LINEAR,3,4,37,10,6,12,8,CNOT_LINEAR,26,-0.1691936,0.542198,0.169194,0.689582,0.0685398681,4.791665603924129e-07,0,8.973484641561906e-07,1.3765150245486037e-06,5.065680654905886e-07,0.36800765,3.2.8,3,1,4,58.3602,1.23886352,3.44129e-07,72.3003155,Cortex-A53,4,4,27.3,1200.0,3,49.1,220.2695,0.88,Debian GNU/Linux 13 (trixie) aarch64,Linux,aarch64,3.10.20,0.6944444444444444,0.695046439628483,0.6944444444444444,0.6942084942084943,0.695046439628483,0.6944444444444444,0.6942084942084943
2026-07-06 00:48:55,c9160e6539125e06c66b22677b30e1ed0aad8c344173a6c30f97b14607f84244,c9160e65,ubuntu,quantum_circuit_qubit_sweep_codecarbon,21,1,1,True,RY_RZ_LINEAR_3Q,PennyLane,0.42.3,default.qubit,RY_RZ_LINEAR,3,4,37,10,6,12,8,CNOT_LINEAR,26,0.46773264,0.614847,0.467733,0.666531,0.068082321,4.78821808427835e-07,0,8.967401925474405e-07,1.3755620009752754e-06,5.062173455207386e-07,0.36800765,3.2.8,3,1,4,58.7524,1.2380058,3.43891e-07,72.73581648,Cortex-A53,4,4,24.0,600.0,2,49.1,220.2695,0.88,Debian GNU/Linux 13 (trixie) aarch64,Linux,aarch64,3.10.20,0.6944444444444444,0.695046439628483,0.6944444444444444,0.6942084942084943,0.695046439628483,0.6944444444444444,0.6942084942084943
2026-07-06 00:49:00,c9160e6539125e06c66b22677b30e1ed0aad8c344173a6c30f97b14607f84244,c9160e65,ubuntu,quantum_circuit_qubit_sweep_codecarbon,22,1,-1,False,RY_RZ_LINEAR_3Q,PennyLane,0.42.3,default.qubit,RY_RZ_LINEAR,3,4,37,10,6,12,8,CNOT_LINEAR,26,-0.03022191,0.507555,0.030222,0.693033,0.0684401321,4.789720390819841e-07,0,8.970203675562516e-07,1.3759924066382355e-06,5.063757380992239e-07,0.36800765,3.2.8,3,1,4,58.4452,1.23839317,3.43998e-07,72.3781868,Cortex-A53,4,4,23.9,1200.0,1,49.0,220.2695,0.88,Debian GNU/Linux 13 (trixie) aarch64,Linux,aarch64,3.10.20,0.6944444444444444,0.695046439628483,0.6944444444444444,0.6942084942084943,0.695046439628483,0.6944444444444444,0.6942084942084943
2026-07-06 00:49:05,c9160e6539125e06c66b22677b30e1ed0aad8c344173a6c30f97b14607f84244,c9160e65,ubuntu,quantum_circuit_qubit_sweep_codecarbon,23,-1,1,False,RY_RZ_LINEAR_3Q,PennyLane,0.42.3,default.qubit,RY_RZ_LINEAR,3,4,37,10,6,12,8,CNOT_LINEAR,26,0.05324467,0.513308,0.053245,0.692793,0.0678264401,4.787696861765451e-07,0,8.966586649573098e-07,1.375428351133855e-06,5.061681613560807e-07,0.36800765,3.2.8,3,1,4,58.9741,1.23788552,3.43857e-07,73.0031247,Cortex-A53,4,4,25.0,1200.0,1,49.0,220.3398,0.88,Debian GNU/Linux 13 (trixie) aarch64,Linux,aarch64,3.10.20,0.6944444444444444,0.695046439628483,0.6944444444444444,0.6942084942084943,0.695046439628483,0.6944444444444444,0.6942084942084943
2026-07-06 00:49:10,c9160e6539125e06c66b22677b30e1ed0aad8c344173a6c30f97b14607f84244,c9160e65,ubuntu,quantum_circuit_qubit_sweep_codecarbon,24,1,-1,False,RY_RZ_LINEAR_3Q,PennyLane,0.42.3,default.qubit,RY_RZ_LINEAR,3,4,37,10,6,12,8,CNOT_LINEAR,26,-0.17506745,0.543655,0.175067,0.689331,0.068051907,4.787915440069304e-07,0,8.967010374180972e-07,1.3754925814250277e-06,5.061917985948794e-07,0.36800765,3.2.8,3,1,4,58.7787,1.23794332,3.43873e-07,72.76465145,Cortex-A53,4,4,25.5,1200.0,2,48.8,220.3477,0.88,Debian GNU/Linux 13 (trixie) aarch64,Linux,aarch64,3.10.20,0.6944444444444444,0.695046439628483,0.6944444444444444,0.6942084942084943,0.695046439628483,0.6944444444444444,0.6942084942084943
2026-07-06 00:49:15,c9160e6539125e06c66b22677b30e1ed0aad8c344173a6c30f97b14607f84244,c9160e65,ubuntu,quantum_circuit_qubit_sweep_codecarbon,25,1,-1,False,RY_RZ_LINEAR_3Q,PennyLane,0.42.3,default.qubit,RY_RZ_LINEAR,3,4,37,10,6,12,8,CNOT_LINEAR,26,-0.16826969,0.541968,0.16827,0.68962,0.0712858408,4.802277504006412e-07,0,8.993971208110451e-07,1.3796248712116862e-06,5.077125128667491e-07,0.36800765,3.2.8,3,1,4,56.1121,1.24166238,3.44906e-07,69.67231471,Cortex-A53,4,4,27.1,1200.0,2,48.9,220.418,0.88,Debian GNU/Linux 13 (trixie) aarch64,Linux,aarch64,3.10.20,0.6944444444444444,0.695046439628483,0.6944444444444444,0.6942084942084943,0.695046439628483,0.6944444444444444,0.6942084942084943
2026-07-06 00:49:21,c9160e6539125e06c66b22677b30e1ed0aad8c344173a6c30f97b14607f84244,c9160e65,ubuntu,quantum_circuit_qubit_sweep_codecarbon,26,1,1,True,RY_RZ_LINEAR_3Q,PennyLane,0.42.3,default.qubit,RY_RZ_LINEAR,3,4,37,10,6,12,8,CNOT_LINEAR,26,0.04402715,0.511005,0.044027,0.692905,0.511114599,6.7570288727552e-07,0,1.26587048987858e-06,1.9415733771541e-06,7.145138644567358e-07,0.36800765,3.2.8,3,1,4,7.826,1.74741604,4.85393e-07,13.67533655,Cortex-A53,4,4,25.0,1200.0,1,49.0,220.4336,0.88,Debian GNU/Linux 13 (trixie) aarch64,Linux,aarch64,3.10.20,0.6944444444444444,0.695046439628483,0.6944444444444444,0.6942084942084943,0.695046439628483,0.6944444444444444,0.6942084942084943
2026-07-06 00:49:26,c9160e6539125e06c66b22677b30e1ed0aad8c344173a6c30f97b14607f84244,c9160e65,ubuntu,quantum_circuit_qubit_sweep_codecarbon,27,-1,-1,True,RY_RZ_LINEAR_3Q,PennyLane,0.42.3,default.qubit,RY_RZ_LINEAR,3,4,37,10,6,12,8,CNOT_LINEAR,26,-0.2385115,0.559347,0.238511,0.686086,0.0652662031,4.775461786323124e-07,0,8.943401525417963e-07,1.3718863311741087e-06,5.048646708987018e-07,0.36800765,3.2.8,3,1,4,61.2875,1.2346977,3.42972e-07,75.6714893,Cortex-A53,4,4,25.0,1200.0,1,49.1,220.4336,0.88,Debian GNU/Linux 13 (trixie) aarch64,Linux,aarch64,3.10.20,0.6944444444444444,0.695046439628483,0.6944444444444444,0.6942084942084943,0.695046439628483,0.6944444444444444,0.6942084942084943
2026-07-06 00:49:31,c9160e6539125e06c66b22677b30e1ed0aad8c344173a6c30f97b14607f84244,c9160e65,ubuntu,quantum_circuit_qubit_sweep_codecarbon,28,-1,-1,True,RY_RZ_LINEAR_3Q,PennyLane,0.42.3,default.qubit,RY_RZ_LINEAR,3,4,37,10,6,12,8,CNOT_LINEAR,26,-0.10033049,0.525062,0.10033,0.69189,0.109776373,4.989395391281836e-07,0,9.339195808085302e-07,1.4328591199367135e-06,5.273031238761169e-07,0.36800765,3.2.8,3,1,4,36.4377,1.28957321,3.58215e-07,46.98909875,Cortex-A53,4,4,24.4,1200.0,1,49.1,220.4688,0.88,Debian GNU/Linux 13 (trixie) aarch64,Linux,aarch64,3.10.20,0.6944444444444444,0.695046439628483,0.6944444444444444,0.6942084942084943,0.695046439628483,0.6944444444444444,0.6942084942084943
2026-07-06 00:49:36,c9160e6539125e06c66b22677b30e1ed0aad8c344173a6c30f97b14607f84244,c9160e65,ubuntu,quantum_circuit_qubit_sweep_codecarbon,29,1,1,True,RY_RZ_LINEAR_3Q,PennyLane,0.42.3,default.qubit,RY_RZ_LINEAR,3,4,37,10,6,12,8,CNOT_LINEAR,26,0.21470545,0.553471,0.214705,0.687418,0.0654493792,4.775915054018786e-07,0,8.944554050685838e-07,1.3720469104704625e-06,5.049237653089051e-07,0.36800765,3.2.8,3,1,4,61.1159,1.23484222,3.43012e-07,75.46853678,Cortex-A53,4,4,24.6,1200.0,1,48.9,220.4727,0.88,Debian GNU/Linux 13 (trixie) aarch64,Linux,aarch64,3.10.20,0.6944444444444444,0.695046439628483,0.6944444444444444,0.6942084942084943,0.695046439628483,0.6944444444444444,0.6942084942084943
2026-07-06 00:49:41,c9160e6539125e06c66b22677b30e1ed0aad8c344173a6c30f97b14607f84244,c9160e65,ubuntu,quantum_circuit_qubit_sweep_codecarbon,30,-1,-1,True,RY_RZ_LINEAR_3Q,PennyLane,0.42.3,default.qubit,RY_RZ_LINEAR,3,4,37,10,6,12,8,CNOT_LINEAR,26,-0.16636381,0.541495,0.166364,0.689699,0.0655507341,4.778457981430822e-07,0,8.948620515487467e-07,1.372707849691829e-06,5.051669960014901e-07,0.36800765,3.2.8,3,1,4,61.0214,1.23543706,3.43177e-07,75.38814523,Cortex-A53,4,4,23.8,1200.0,1,49.1,220.3164,0.88,Debian GNU/Linux 13 (trixie) aarch64,Linux,aarch64,3.10.20,0.6944444444444444,0.695046439628483,0.6944444444444444,0.6942084942084943,0.695046439628483,0.6944444444444444,0.6942084942084943
2026-07-06 00:49:46,c9160e6539125e06c66b22677b30e1ed0aad8c344173a6c30f97b14607f84244,c9160e65,ubuntu,quantum_circuit_qubit_sweep_codecarbon,31,-1,-1,True,RY_RZ_LINEAR_3Q,PennyLane,0.42.3,default.qubit,RY_RZ_LINEAR,3,4,37,10,6,12,8,CNOT_LINEAR,26,-0.18072606,0.545059,0.180726,0.689081,0.0652259449,4.775457587093115e-07,0,8.943307708250359e-07,1.3718765295343474e-06,5.048610638202435e-07,0.36800765,3.2.8,3,1,4,61.3253,1.23468888,3.42969e-07,75.71765372,Cortex-A53,4,4,24.0,700.0,1,49.1,220.3164,0.88,Debian GNU/Linux 13 (trixie) aarch64,Linux,aarch64,3.10.20,0.6944444444444444,0.695046439628483,0.6944444444444444,0.6942084942084943,0.695046439628483,0.6944444444444444,0.6942084942084943
2026-07-06 00:49:51,c9160e6539125e06c66b22677b30e1ed0aad8c344173a6c30f97b14607f84244,c9160e65,ubuntu,quantum_circuit_qubit_sweep_codecarbon,32,-1,1,False,RY_RZ_LINEAR_3Q,PennyLane,0.42.3,default.qubit,RY_RZ_LINEAR,3,4,37,10,6,12,8,CNOT_LINEAR,26,0.03057923,0.507644,0.030579,0.69303,0.0658359409,4.778904137719009e-07,0,8.94984898235028e-07,1.372875312006929e-06,5.052286234152778e-07,0.36800765,3.2.8,3,1,4,60.7571,1.23558778,3.43219e-07,75.07071452,Cortex-A53,4,4,26.5,1200.0,1,49.1,220.3164,0.88,Debian GNU/Linux 13 (trixie) aarch64,Linux,aarch64,3.10.20,0.6944444444444444,0.695046439628483,0.6944444444444444,0.6942084942084943,0.695046439628483,0.6944444444444444,0.6942084942084943
2026-07-06 00:49:56,c9160e6539125e06c66b22677b30e1ed0aad8c344173a6c30f97b14607f84244,c9160e65,ubuntu,quantum_circuit_qubit_sweep_codecarbon,33,-1,1,False,RY_RZ_LINEAR_3Q,PennyLane,0.42.3,default.qubit,RY_RZ_LINEAR,3,4,37,10,6,12,8,CNOT_LINEAR,26,0.12955766,0.532344,0.129558,0.691053,0.065251624,4.775437768548727e-07,0,8.943412483980258e-07,1.3718850252528986e-06,5.048641903097004e-07,0.36800765,3.2.8,3,1,4,61.3012,1.23469652,3.42971e-07,75.68832452,Cortex-A53,4,4,25.0,1200.0,1,49.1,220.3164,0.88,Debian GNU/Linux 13 (trixie) aarch64,Linux,aarch64,3.10.20,0.6944444444444444,0.695046439628483,0.6944444444444444,0.6942084942084943,0.695046439628483,0.6944444444444444,0.6942084942084943
2026-07-06 00:50:01,c9160e6539125e06c66b22677b30e1ed0aad8c344173a6c30f97b14607f84244,c9160e65,ubuntu,quantum_circuit_qubit_sweep_codecarbon,34,1,1,True,RY_RZ_LINEAR_3Q,PennyLane,0.42.3,default.qubit,RY_RZ_LINEAR,3,4,37,10,6,12,8,CNOT_LINEAR,26,0.36561485,0.590399,0.365615,0.676713,0.0654926118,4.776345258229774e-07,0,8.945371309528126e-07,1.37217165677579e-06,5.049696729041293e-07,0.36800765,3.2.8,3,1,4,61.0756,1.23495449,3.43043e-07,75.42557588,Cortex-A53,4,4,25.0,1200.0,2,49.1,220.3242,0.88,Debian GNU/Linux 13 (trixie) aarch64,Linux,aarch64,3.10.20,0.6944444444444444,0.695046439628483,0.6944444444444444,0.6942084942084943,0.695046439628483,0.6944444444444444,0.6942084942084943
2026-07-06 00:50:06,c9160e6539125e06c66b22677b30e1ed0aad8c344173a6c30f97b14607f84244,c9160e65,ubuntu,quantum_circuit_qubit_sweep_codecarbon,35,-1,-1,True,RY_RZ_LINEAR_3Q,PennyLane,0.42.3,default.qubit,RY_RZ_LINEAR,3,4,37,10,6,12,8,CNOT_LINEAR,26,-0.05675597,0.514185,0.056756,0.692745,0.0654240709,4.776254048984912e-07,0,8.945163917572548e-07,1.372141796655746e-06,5.049586841513905e-07,0.36800765,3.2.8,3,1,4,61.1396,1.23492762,3.43035e-07,75.50295171,Cortex-A53,4,4,24.5,1200.0,1,49.1,220.3242,0.88,Debian GNU/Linux 13 (trixie) aarch64,Linux,aarch64,3.10.20,0.6944444444444444,0.695046439628483,0.6944444444444444,0.6942084942084943,0.695046439628483,0.6944444444444444,0.6942084942084943
2026-07-06 00:50:11,c9160e6539125e06c66b22677b30e1ed0aad8c344173a6c30f97b14607f84244,c9160e65,ubuntu,quantum_circuit_qubit_sweep_codecarbon,36,1,1,True,RY_RZ_LINEAR_3Q,PennyLane,0.42.3,default.qubit,RY_RZ_LINEAR,3,4,37,10,6,12,8,CNOT_LINEAR,26,0.15530404,0.538748,0.155304,0.690141,0.1034048689,4.964482475899988e-07,0,9.298169042449444e-07,1.4262651518349434e-06,5.248764931415081e-07,0.36800765,3.2.8,3,1,4,38.6829,1.28363864,3.56566e-07,49.65486251,Cortex-A53,4,4,26.5,1200.0,2,49.0,220.3242,0.88,Debian GNU/Linux 13 (trixie) aarch64,Linux,aarch64,3.10.20,0.6944444444444444,0.695046439628483,0.6944444444444444,0.6942084942084943,0.695046439628483,0.6944444444444444,0.6942084942084943
2026-07-06 00:50:16,c9160e6539125e06c66b22677b30e1ed0aad8c344173a6c30f97b14607f84244,c9160e65,ubuntu,quantum_circuit_qubit_sweep_codecarbon,37,-1,1,False,RY_RZ_LINEAR_3Q,PennyLane,0.42.3,default.qubit,RY_RZ_LINEAR,3,4,37,10,6,12,8,CNOT_LINEAR,26,0.08252212,0.520619,0.082522,0.692297,0.074944519,4.821468917362799e-07,0,9.02444339202096e-07,1.384591230938376e-06,5.095401712608916e-07,0.36800765,3.2.8,3,1,4,53.3728,1.24613211,3.46148e-07,66.50957935,Cortex-A53,4,4,23.4,1200.0,1,49.0,220.3633,0.88,Debian GNU/Linux 13 (trixie) aarch64,Linux,aarch64,3.10.20,0.6944444444444444,0.695046439628483,0.6944444444444444,0.6942084942084943,0.695046439628483,0.6944444444444444,0.6942084942084943
2026-07-06 00:50:21,c9160e6539125e06c66b22677b30e1ed0aad8c344173a6c30f97b14607f84244,c9160e65,ubuntu,quantum_circuit_qubit_sweep_codecarbon,38,-1,-1,True,RY_RZ_LINEAR_3Q,PennyLane,0.42.3,default.qubit,RY_RZ_LINEAR,3,4,37,10,6,12,8,CNOT_LINEAR,26,-0.07244259,0.518103,0.072443,0.692492,0.0657074559,4.777078045386725e-07,0,8.94673746661283e-07,1.3723815511999555e-06,5.050469156588473e-07,0.36800765,3.2.8,3,1,4,60.8759,1.2351434,3.43095e-07,75.19045624,Cortex-A53,4,4,24.2,1200.0,2,49.1,220.3633,0.88,Debian GNU/Linux 13 (trixie) aarch64,Linux,aarch64,3.10.20,0.6944444444444444,0.695046439628483,0.6944444444444444,0.6942084942084943,0.695046439628483,0.6944444444444444,0.6942084942084943
2026-07-06 00:50:26,c9160e6539125e06c66b22677b30e1ed0aad8c344173a6c30f97b14607f84244,c9160e65,ubuntu,quantum_circuit_qubit_sweep_codecarbon,39,-1,1,False,RY_RZ_LINEAR_3Q,PennyLane,0.42.3,default.qubit,RY_RZ_LINEAR,3,4,37,10,6,12,8,CNOT_LINEAR,26,0.20544138,0.55118,0.205441,0.687899,0.065258241,4.775661425581628e-07,0,8.943606924731285e-07,1.3719268350312913e-06,5.048795766281795e-07,0.36800765,3.2.8,3,1,4,61.2949,1.23473415,3.42982e-07,75.68295634,Cortex-A53,4,4,23.6,700.0,1,49.1,220.3633,0.88,Debian GNU/Linux 13 (trixie) aarch64,Linux,aarch64,3.10.20,0.6944444444444444,0.695046439628483,0.6944444444444444,0.6942084942084943,0.695046439628483,0.6944444444444444,0.6942084942084943
2026-07-06 00:50:32,c9160e6539125e06c66b22677b30e1ed0aad8c344173a6c30f97b14607f84244,c9160e65,ubuntu,quantum_circuit_qubit_sweep_codecarbon,40,-1,-1,True,RY_RZ_LINEAR_3Q,PennyLane,0.42.3,default.qubit,RY_RZ_LINEAR,3,4,37,10,6,12,8,CNOT_LINEAR,26,-0.21213847,0.552837,0.212138,0.687553,0.0652347531,4.775234560171763e-07,0,8.943438576534391e-07,1.371867313670615e-06,5.048576723118479e-07,0.36800765,3.2.8,3,1,4,61.317,1.23468058,3.42967e-07,75.70692149,Cortex-A53,4,4,25.8,1200.0,3,49.1,220.3789,0.88,Debian GNU/Linux 13 (trixie) aarch64,Linux,aarch64,3.10.20,0.6944444444444444,0.695046439628483,0.6944444444444444,0.6942084942084943,0.695046439628483,0.6944444444444444,0.6942084942084943
2026-07-06 00:50:37,c9160e6539125e06c66b22677b30e1ed0aad8c344173a6c30f97b14607f84244,c9160e65,ubuntu,quantum_circuit_qubit_sweep_codecarbon,41,-1,1,False,RY_RZ_LINEAR_3Q,PennyLane,0.42.3,default.qubit,RY_RZ_LINEAR,3,4,37,10,6,12,8,CNOT_LINEAR,26,0.01419742,0.503549,0.014197,0.693122,0.065171472,4.777275370096613e-07,0,8.946403457472722e-07,1.3723678827569336e-06,5.050418855671909e-07,0.36800765,3.2.8,3,1,4,61.3765,1.23513109,3.43092e-07,75.80808326,Cortex-A53,4,4,24.6,700.0,1,49.0,220.3789,0.88,Debian GNU/Linux 13 (trixie) aarch64,Linux,aarch64,3.10.20,0.6944444444444444,0.695046439628483,0.6944444444444444,0.6942084942084943,0.695046439628483,0.6944444444444444,0.6942084942084943
2026-07-06 00:50:42,c9160e6539125e06c66b22677b30e1ed0aad8c344173a6c30f97b14607f84244,c9160e65,ubuntu,quantum_circuit_qubit_sweep_codecarbon,42,-1,-1,True,RY_RZ_LINEAR_3Q,PennyLane,0.42.3,default.qubit,RY_RZ_LINEAR,3,4,37,10,6,12,8,CNOT_LINEAR,26,-0.28486221,0.570738,0.284862,0.683106,0.065298086,4.774913145338816e-07,0,8.942769434846317e-07,1.3717682580185132e-06,5.048212190736583e-07,0.36800765,3.2.8,3,1,4,61.2575,1.23459143,3.42942e-07,75.62803183,Cortex-A53,4,4,25.5,1200.0,1,49.0,220.3789,0.88,Debian GNU/Linux 13 (trixie) aarch64,Linux,aarch64,3.10.20,0.6944444444444444,0.695046439628483,0.6944444444444444,0.6942084942084943,0.695046439628483,0.6944444444444444,0.6942084942084943
2026-07-06 00:50:47,c9160e6539125e06c66b22677b30e1ed0aad8c344173a6c30f97b14607f84244,c9160e65,ubuntu,quantum_circuit_qubit_sweep_codecarbon,43,1,1,True,RY_RZ_LINEAR_3Q,PennyLane,0.42.3,default.qubit,RY_RZ_LINEAR,3,4,37,10,6,12,8,CNOT_LINEAR,26,0.04547587,0.511367,0.045476,0.692889,0.0651377749,4.774846745068954e-07,0,8.942588065595677e-07,1.371743481066463e-06,5.048121009656501e-07,0.36800765,3.2.8,3,1,4,61.4083,1.23456913,3.42936e-07,75.81279124,Cortex-A53,4,4,26.0,1200.0,1,48.9,220.3828,0.88,Debian GNU/Linux 13 (trixie) aarch64,Linux,aarch64,3.10.20,0.6944444444444444,0.695046439628483,0.6944444444444444,0.6942084942084943,0.695046439628483,0.6944444444444444,0.6942084942084943
2026-07-06 00:50:52,c9160e6539125e06c66b22677b30e1ed0aad8c344173a6c30f97b14607f84244,c9160e65,ubuntu,quantum_circuit_qubit_sweep_codecarbon,44,1,1,True,RY_RZ_LINEAR_3Q,PennyLane,0.42.3,default.qubit,RY_RZ_LINEAR,3,4,37,10,6,12,8,CNOT_LINEAR,26,0.0932226,0.523289,0.093223,0.692062,0.065312566,4.775574078808695e-07,0,8.943847225358088e-07,1.3719421304166785e-06,5.048852054470797e-07,0.36800765,3.2.8,3,1,4,61.244,1.23474792,3.42986e-07,75.62084866,Cortex-A53,4,4,26.5,1200.0,1,48.9,220.3828,0.88,Debian GNU/Linux 13 (trixie) aarch64,Linux,aarch64,3.10.20,0.6944444444444444,0.695046439628483,0.6944444444444444,0.6942084942084943,0.695046439628483,0.6944444444444444,0.6942084942084943
2026-07-06 00:50:57,c9160e6539125e06c66b22677b30e1ed0aad8c344173a6c30f97b14607f84244,c9160e65,ubuntu,quantum_circuit_qubit_sweep_codecarbon,45,1,1,True,RY_RZ_LINEAR_3Q,PennyLane,0.42.3,default.qubit,RY_RZ_LINEAR,3,4,37,10,6,12,8,CNOT_LINEAR,26,0.35358911,0.587488,0.353589,0.67776,0.097290704,4.936916327548599e-07,0,9.245809774923448e-07,1.4182726102472049e-06,5.21935176658761e-07,0.36800765,3.2.8,3,1,4,41.1139,1.27644535,3.54568e-07,52.47964282,Cortex-A53,4,4,25.5,1200.0,1,49.0,220.3867,0.88,Debian GNU/Linux 13 (trixie) aarch64,Linux,aarch64,3.10.20,0.6944444444444444,0.695046439628483,0.6944444444444444,0.6942084942084943,0.695046439628483,0.6944444444444444,0.6942084942084943
2026-07-06 00:51:02,c9160e6539125e06c66b22677b30e1ed0aad8c344173a6c30f97b14607f84244,c9160e65,ubuntu,quantum_circuit_qubit_sweep_codecarbon,46,1,1,True,RY_RZ_LINEAR_3Q,PennyLane,0.42.3,default.qubit,RY_RZ_LINEAR,3,4,37,10,6,12,8,CNOT_LINEAR,26,0.3652313,0.590306,0.365231,0.676747,0.084615021,4.864664749015202e-07,0,9.106425492791458e-07,1.397109024180666e-06,5.141468149907975e-07,0.36800765,3.2.8,3,1,4,47.2729,1.25739812,3.49277e-07,59.44089391,Cortex-A53,4,4,26.6,1200.0,1,48.9,220.4219,0.88,Debian GNU/Linux 13 (trixie) aarch64,Linux,aarch64,3.10.20,0.6944444444444444,0.695046439628483,0.6944444444444444,0.6942084942084943,0.695046439628483,0.6944444444444444,0.6942084942084943
2026-07-06 00:51:07,c9160e6539125e06c66b22677b30e1ed0aad8c344173a6c30f97b14607f84244,c9160e65,ubuntu,quantum_circuit_qubit_sweep_codecarbon,47,1,-1,False,RY_RZ_LINEAR_3Q,PennyLane,0.42.3,default.qubit,RY_RZ_LINEAR,3,4,37,10,6,12,8,CNOT_LINEAR,26,-0.04836401,0.512089,0.048364,0.692855,0.06545392,4.777419697493315e-07,0,8.946694573387504e-07,1.372411427088082e-06,5.050579102143611e-07,0.36800765,3.2.8,3,1,4,61.1117,1.23517028,3.43103e-07,75.48334972,Cortex-A53,4,4,25.4,1200.0,2,53.5,220.4219,0.88,Debian GNU/Linux 13 (trixie) aarch64,Linux,aarch64,3.10.20,0.6944444444444444,0.695046439628483,0.6944444444444444,0.6942084942084943,0.695046439628483,0.6944444444444444,0.6942084942084943
2026-07-06 00:51:12,c9160e6539125e06c66b22677b30e1ed0aad8c344173a6c30f97b14607f84244,c9160e65,ubuntu,quantum_circuit_qubit_sweep_codecarbon,48,1,1,True,RY_RZ_LINEAR_3Q,PennyLane,0.42.3,default.qubit,RY_RZ_LINEAR,3,4,37,10,6,12,8,CNOT_LINEAR,26,0.01358052,0.503395,0.013581,0.693124,0.0661985502,4.780772012761897e-07,0,8.953205424283322e-07,1.373397743704522e-06,5.05420882278916e-07,0.36800765,3.2.8,3,1,4,60.4243,1.23605797,3.43349e-07,74.68791786,Cortex-A53,4,4,25.0,700.0,1,53.5,220.4219,0.88,Debian GNU/Linux 13 (trixie) aarch64,Linux,aarch64,3.10.20,0.6944444444444444,0.695046439628483,0.6944444444444444,0.6942084942084943,0.695046439628483,0.6944444444444444,0.6942084942084943
2026-07-06 00:51:17,c9160e6539125e06c66b22677b30e1ed0aad8c344173a6c30f97b14607f84244,c9160e65,ubuntu,quantum_circuit_qubit_sweep_codecarbon,49,-1,-1,True,RY_RZ_LINEAR_3Q,PennyLane,0.42.3,default.qubit,RY_RZ_LINEAR,3,4,37,10,6,12,8,CNOT_LINEAR,26,-0.08481085,0.52119,0.084811,0.692249,0.0652916299,4.776154065768537e-07,0,8.944937732303515e-07,1.3721091798072051e-06,5.049466809014637e-07,0.36800765,3.2.8,3,1,4,61.2636,1.23489826,3.43027e-07,75.65430756,Cortex-A53,4,4,24.0,1200.0,1,53.5,220.4219,0.88,Debian GNU/Linux 13 (trixie) aarch64,Linux,aarch64,3.10.20,0.6944444444444444,0.695046439628483,0.6944444444444444,0.6942084942084943,0.695046439628483,0.6944444444444444,0.6942084942084943
2026-07-06 00:51:23,c9160e6539125e06c66b22677b30e1ed0aad8c344173a6c30f97b14607f84244,c9160e65,ubuntu,quantum_circuit_qubit_sweep_codecarbon,50,-1,1,False,RY_RZ_LINEAR_3Q,PennyLane,0.42.3,default.qubit,RY_RZ_LINEAR,3,4,37,10,6,12,8,CNOT_LINEAR,26,0.01895137,0.504738,0.018951,0.693102,0.065131163,4.774662382486794e-07,0,8.942344474295775e-07,1.3717006856782567e-06,5.047963519352153e-07,0.36800765,3.2.8,3,1,4,61.4145,1.23453062,3.42925e-07,75.8181221,Cortex-A53,4,4,26.1,600.0,2,53.5,220.4141,0.88,Debian GNU/Linux 13 (trixie) aarch64,Linux,aarch64,3.10.20,0.6944444444444444,0.695046439628483,0.6944444444444444,0.6942084942084943,0.695046439628483,0.6944444444444444,0.6942084942084943
2026-07-06 00:51:28,c9160e6539125e06c66b22677b30e1ed0aad8c344173a6c30f97b14607f84244,c9160e65,ubuntu,quantum_circuit_qubit_sweep_codecarbon,51,1,-1,False,RY_RZ_LINEAR_3Q,PennyLane,0.42.3,default.qubit,RY_RZ_LINEAR,3,4,37,10,6,12,8,CNOT_LINEAR,26,-0.18688732,0.546586,0.186887,0.6888,0.0652763192,4.776541092950437e-07,0,8.945520274573937e-07,1.3722061367524374e-06,5.049823617994606e-07,0.36800765,3.2.8,3,1,4,61.278,1.23498552,3.43052e-07,75.67739964,Cortex-A53,4,4,25.5,1200.0,1,53.5,220.4219,0.88,Debian GNU/Linux 13 (trixie) aarch64,Linux,aarch64,3.10.20,0.6944444444444444,0.695046439628483,0.6944444444444444,0.6942084942084943,0.695046439628483,0.6944444444444444,0.6942084942084943
2026-07-06 00:51:33,c9160e6539125e06c66b22677b30e1ed0aad8c344173a6c30f97b14607f84244,c9160e65,ubuntu,quantum_circuit_qubit_sweep_codecarbon,52,1,1,True,RY_RZ_LINEAR_3Q,PennyLane,0.42.3,default.qubit,RY_RZ_LINEAR,3,4,37,10,6,12,8,CNOT_LINEAR,26,0.38579985,0.595271,0.3858,0.674883,0.0654013688,4.775701123768433e-07,0,8.943805050027247e-07,1.3719506173795678e-06,5.048883287143859e-07,0.36800765,3.2.8,3,1,4,61.1608,1.23475556,3.42988e-07,75.51863692,Cortex-A53,4,4,24.0,1200.0,2,53.4,220.4219,0.88,Debian GNU/Linux 13 (trixie) aarch64,Linux,aarch64,3.10.20,0.6944444444444444,0.695046439628483,0.6944444444444444,0.6942084942084943,0.695046439628483,0.6944444444444444,0.6942084942084943
2026-07-06 00:51:38,c9160e6539125e06c66b22677b30e1ed0aad8c344173a6c30f97b14607f84244,c9160e65,ubuntu,quantum_circuit_qubit_sweep_codecarbon,53,1,-1,False,RY_RZ_LINEAR_3Q,PennyLane,0.42.3,default.qubit,RY_RZ_LINEAR,3,4,37,10,6,12,8,CNOT_LINEAR,26,-0.13057888,0.532598,0.130579,0.69102,0.0655199101,4.776175213023588e-07,0,8.945031207986177e-07,1.3721206421009766e-06,5.04950899113309e-07,0.36800765,3.2.8,3,1,4,61.0501,1.23490858,3.4303e-07,75.39134755,Cortex-A53,4,4,25.5,1200.0,1,48.5,220.4219,0.88,Debian GNU/Linux 13 (trixie) aarch64,Linux,aarch64,3.10.20,0.6944444444444444,0.695046439628483,0.6944444444444444,0.6942084942084943,0.695046439628483,0.6944444444444444,0.6942084942084943
2026-07-06 00:51:43,c9160e6539125e06c66b22677b30e1ed0aad8c344173a6c30f97b14607f84244,c9160e65,ubuntu,quantum_circuit_qubit_sweep_codecarbon,54,-1,-1,True,RY_RZ_LINEAR_3Q,PennyLane,0.42.3,default.qubit,RY_RZ_LINEAR,3,4,37,10,6,12,8,CNOT_LINEAR,26,-0.17325064,0.543205,0.173251,0.689409,0.0652559029,4.775565467360947e-07,0,8.944149742213388e-07,1.3719715209574335e-06,5.048960213910458e-07,0.36800765,3.2.8,3,1,4,61.2971,1.23477437,3.42993e-07,75.68813322,Cortex-A53,4,4,25.0,1200.0,1,48.6,220.4219,0.88,Debian GNU/Linux 13 (trixie) aarch64,Linux,aarch64,3.10.20,0.6944444444444444,0.695046439628483,0.6944444444444444,0.6942084942084943,0.695046439628483,0.6944444444444444,0.6942084942084943
2026-07-06 00:51:48,c9160e6539125e06c66b22677b30e1ed0aad8c344173a6c30f97b14607f84244,c9160e65,ubuntu,quantum_circuit_qubit_sweep_codecarbon,55,-1,1,False,RY_RZ_LINEAR_3Q,PennyLane,0.42.3,default.qubit,RY_RZ_LINEAR,3,4,37,10,6,12,8,CNOT_LINEAR,26,0.22923608,0.557059,0.229236,0.686621,0.0911776819,4.906735946955708e-07,0,9.189280258336416e-07,1.4096016205292122e-06,5.187441860709374e-07,0.36800765,3.2.8,3,1,4,43.8704,1.26864146,3.524e-07,55.65578908,Cortex-A53,4,4,25.0,1200.0,1,48.9,220.457,0.88,Debian GNU/Linux 13 (trixie) aarch64,Linux,aarch64,3.10.20,0.6944444444444444,0.695046439628483,0.6944444444444444,0.6942084942084943,0.695046439628483,0.6944444444444444,0.6942084942084943
2026-07-06 00:51:53,c9160e6539125e06c66b22677b30e1ed0aad8c344173a6c30f97b14607f84244,c9160e65,ubuntu,quantum_circuit_qubit_sweep_codecarbon,56,1,1,True,RY_RZ_LINEAR_3Q,PennyLane,0.42.3,default.qubit,RY_RZ_LINEAR,3,4,37,10,6,12,8,CNOT_LINEAR,26,0.11300238,0.528221,0.113002,0.691554,0.0986331459,4.92721433337364e-07,0,9.222918925418828e-07,1.4150133258792468e-06,5.207357350633439e-07,0.36800765,3.2.8,3,1,4,40.5543,1.27351199,3.53753e-07,51.64641081,Cortex-A53,4,4,24.5,1200.0,1,48.9,220.4609,0.88,Debian GNU/Linux 13 (trixie) aarch64,Linux,aarch64,3.10.20,0.6944444444444444,0.695046439628483,0.6944444444444444,0.6942084942084943,0.695046439628483,0.6944444444444444,0.6942084942084943
2026-07-06 00:51:58,c9160e6539125e06c66b22677b30e1ed0aad8c344173a6c30f97b14607f84244,c9160e65,ubuntu,quantum_circuit_qubit_sweep_codecarbon,57,1,1,True,RY_RZ_LINEAR_3Q,PennyLane,0.42.3,default.qubit,RY_RZ_LINEAR,3,4,37,10,6,12,8,CNOT_LINEAR,26,0.09477956,0.523677,0.09478,0.692026,0.113030171,4.994861977174878e-07,0,9.354632782439392e-07,1.4349494759614269e-06,5.280723908937237e-07,0.36800765,3.2.8,3,1,4,35.3888,1.29145453,3.58737e-07,45.70300183,Cortex-A53,4,4,25.5,1200.0,1,48.6,220.4609,0.88,Debian GNU/Linux 13 (trixie) aarch64,Linux,aarch64,3.10.20,0.6944444444444444,0.695046439628483,0.6944444444444444,0.6942084942084943,0.695046439628483,0.6944444444444444,0.6942084942084943
2026-07-06 00:52:03,c9160e6539125e06c66b22677b30e1ed0aad8c344173a6c30f97b14607f84244,c9160e65,ubuntu,quantum_circuit_qubit_sweep_codecarbon,58,-1,-1,True,RY_RZ_LINEAR_3Q,PennyLane,0.42.3,default.qubit,RY_RZ_LINEAR,3,4,37,10,6,12,8,CNOT_LINEAR,26,-0.08032337,0.52007,0.080323,0.692341,0.0697151921,4.80081402827507e-07,0,8.986682526301593e-07,1.378749655457666e-06,5.073904267699801e-07,0.36800765,3.2.8,3,1,4,57.3763,1.24087469,3.44687e-07,71.19680247,Cortex-A53,4,4,25.0,1200.0,1,48.8,220.5352,0.88,Debian GNU/Linux 13 (trixie) aarch64,Linux,aarch64,3.10.20,0.6944444444444444,0.695046439628483,0.6944444444444444,0.6942084942084943,0.695046439628483,0.6944444444444444,0.6942084942084943
2026-07-06 00:52:08,c9160e6539125e06c66b22677b30e1ed0aad8c344173a6c30f97b14607f84244,c9160e65,ubuntu,quantum_circuit_qubit_sweep_codecarbon,59,1,1,True,RY_RZ_LINEAR_3Q,PennyLane,0.42.3,default.qubit,RY_RZ_LINEAR,3,4,37,10,6,12,8,CNOT_LINEAR,26,0.42548489,0.604795,0.425485,0.67102,0.065659286,4.77820766158402e-07,0,8.948399865766988e-07,1.3726607527351009e-06,5.051496639609131e-07,0.36800765,3.2.8,3,1,4,60.9206,1.23539468,3.43165e-07,75.2609267,Cortex-A53,4,4,26.5,1200.0,1,48.9,220.5703,0.88,Debian GNU/Linux 13 (trixie) aarch64,Linux,aarch64,3.10.20,0.6944444444444444,0.695046439628483,0.6944444444444444,0.6942084942084943,0.695046439628483,0.6944444444444444,0.6942084942084943
2026-07-06 00:52:14,c9160e6539125e06c66b22677b30e1ed0aad8c344173a6c30f97b14607f84244,c9160e65,ubuntu,quantum_circuit_qubit_sweep_codecarbon,60,-1,1,False,RY_RZ_LINEAR_3Q,PennyLane,0.42.3,default.qubit,RY_RZ_LINEAR,3,4,37,10,6,12,8,CNOT_LINEAR,26,0.05238049,0.513092,0.05238,0.692804,0.0652145501,4.77548339507646e-07,0,8.944012341089547e-07,1.371949573616601e-06,5.048879446016247e-07,0.36800765,3.2.8,3,1,4,61.336,1.23475462,3.42987e-07,75.73491584,Cortex-A53,4,4,25.7,1200.0,1,48.9,220.4219,0.88,Debian GNU/Linux 13 (trixie) aarch64,Linux,aarch64,3.10.20,0.6944444444444444,0.695046439628483,0.6944444444444444,0.6942084942084943,0.695046439628483,0.6944444444444444,0.6942084942084943
2026-07-06 00:52:19,c9160e6539125e06c66b22677b30e1ed0aad8c344173a6c30f97b14607f84244,c9160e65,ubuntu,quantum_circuit_qubit_sweep_codecarbon,61,-1,-1,True,RY_RZ_LINEAR_3Q,PennyLane,0.42.3,default.qubit,RY_RZ_LINEAR,3,4,37,10,6,12,8,CNOT_LINEAR,26,-0.08115525,0.520278,0.081155,0.692325,0.0666991749,4.782896834307119e-07,0,8.95749707512247e-07,1.3740393909429588e-06,5.056570133741134e-07,0.36800765,3.2.8,3,1,4,59.9708,1.23663545,3.4351e-07,74.16196396,Cortex-A53,4,4,24.6,700.0,1,48.9,220.4727,0.88,Debian GNU/Linux 13 (trixie) aarch64,Linux,aarch64,3.10.20,0.6944444444444444,0.695046439628483,0.6944444444444444,0.6942084942084943,0.695046439628483,0.6944444444444444,0.6942084942084943
2026-07-06 00:52:24,c9160e6539125e06c66b22677b30e1ed0aad8c344173a6c30f97b14607f84244,c9160e65,ubuntu,quantum_circuit_qubit_sweep_codecarbon,62,-1,-1,True,RY_RZ_LINEAR_3Q,PennyLane,0.42.3,default.qubit,RY_RZ_LINEAR,3,4,37,10,6,12,8,CNOT_LINEAR,26,-0.12434678,0.531047,0.124347,0.691218,0.065818666,4.77929691473643e-07,0,8.950883115176111e-07,1.373018002991254e-06,5.052811347897295e-07,0.36800765,3.2.8,3,1,4,60.773,1.2357162,3.43255e-07,75.09822228,Cortex-A53,4,4,25.5,700.0,1,49.0,220.4727,0.88,Debian GNU/Linux 13 (trixie) aarch64,Linux,aarch64,3.10.20,0.6944444444444444,0.695046439628483,0.6944444444444444,0.6942084942084943,0.695046439628483,0.6944444444444444,0.6942084942084943
2026-07-06 00:52:29,c9160e6539125e06c66b22677b30e1ed0aad8c344173a6c30f97b14607f84244,c9160e65,ubuntu,quantum_circuit_qubit_sweep_codecarbon,63,-1,1,False,RY_RZ_LINEAR_3Q,PennyLane,0.42.3,default.qubit,RY_RZ_LINEAR,3,4,37,10,6,12,8,CNOT_LINEAR,26,0.04155824,0.510388,0.041558,0.692931,0.0654810041,4.775561737931437e-07,0,8.943872283756113e-07,1.3719434021687548e-06,5.048856734615784e-07,0.36800765,3.2.8,3,1,4,61.0864,1.23474906,3.42986e-07,75.42639759,Cortex-A53,4,4,25.0,1200.0,1,49.1,220.4727,0.88,Debian GNU/Linux 13 (trixie) aarch64,Linux,aarch64,3.10.20,0.6944444444444444,0.695046439628483,0.6944444444444444,0.6942084942084943,0.695046439628483,0.6944444444444444,0.6942084942084943
2026-07-06 00:52:34,c9160e6539125e06c66b22677b30e1ed0aad8c344173a6c30f97b14607f84244,c9160e65,ubuntu,quantum_circuit_qubit_sweep_codecarbon,64,1,1,True,RY_RZ_LINEAR_3Q,PennyLane,0.42.3,default.qubit,RY_RZ_LINEAR,3,4,37,10,6,12,8,CNOT_LINEAR,26,0.19275957,0.548041,0.19276,0.688524,0.065418184,4.776162657746355e-07,0,8.945061850439136e-07,1.3721224508185492e-06,5.049515647352205e-07,0.36800765,3.2.8,3,1,4,61.1451,1.23491021,3.43031e-07,75.5086815,Cortex-A53,4,4,24.1,1200.0,1,49.1,220.4727,0.88,Debian GNU/Linux 13 (trixie) aarch64,Linux,aarch64,3.10.20,0.6944444444444444,0.695046439628483,0.6944444444444444,0.6942084942084943,0.695046439628483,0.6944444444444444,0.6942084942084943
2026-07-06 00:52:39,c9160e6539125e06c66b22677b30e1ed0aad8c344173a6c30f97b14607f84244,c9160e65,ubuntu,quantum_circuit_qubit_sweep_codecarbon,65,-1,-1,True,RY_RZ_LINEAR_3Q,PennyLane,0.42.3,default.qubit,RY_RZ_LINEAR,3,4,37,10,6,12,8,CNOT_LINEAR,26,-0.12079583,0.530162,0.120796,0.691327,0.065446459,4.776791546439997e-07,0,8.946026174817236e-07,1.3722817721257231e-06,5.050101961957765e-07,0.36800765,3.2.8,3,1,4,61.1187,1.23505359,3.4307e-07,75.4848231,Cortex-A53,4,4,23.6,1200.0,2,49.2,220.4766,0.88,Debian GNU/Linux 13 (trixie) aarch64,Linux,aarch64,3.10.20,0.6944444444444444,0.695046439628483,0.6944444444444444,0.6942084942084943,0.695046439628483,0.6944444444444444,0.6942084942084943
2026-07-06 00:52:44,c9160e6539125e06c66b22677b30e1ed0aad8c344173a6c30f97b14607f84244,c9160e65,ubuntu,quantum_circuit_qubit_sweep_codecarbon,66,-1,-1,True,RY_RZ_LINEAR_3Q,PennyLane,0.42.3,default.qubit,RY_RZ_LINEAR,3,4,37,10,6,12,8,CNOT_LINEAR,26,-0.0854399,0.521347,0.08544,0.692236,0.065526451,4.77765720958511e-07,0,8.948023950991531e-07,1.372568116057664e-06,5.051155729545342e-07,0.36800765,3.2.8,3,1,4,61.0441,1.2353113,3.43142e-07,75.40840597,Cortex-A53,4,4,27.3,1200.0,2,49.2,220.4805,0.88,Debian GNU/Linux 13 (trixie) aarch64,Linux,aarch64,3.10.20,0.6944444444444444,0.695046439628483,0.6944444444444444,0.6942084942084943,0.695046439628483,0.6944444444444444,0.6942084942084943
2026-07-06 00:52:49,c9160e6539125e06c66b22677b30e1ed0aad8c344173a6c30f97b14607f84244,c9160e65,ubuntu,quantum_circuit_qubit_sweep_codecarbon,67,1,1,True,RY_RZ_LINEAR_3Q,PennyLane,0.42.3,default.qubit,RY_RZ_LINEAR,3,4,37,10,6,12,8,CNOT_LINEAR,26,0.08359338,0.520886,0.083593,0.692274,0.0654423831,4.777026849074496e-07,0,8.946163209232813e-07,1.3723190058307307e-06,5.050238984842225e-07,0.36800765,3.2.8,3,1,4,61.1225,1.23508711,3.4308e-07,75.49157274,Cortex-A53,4,4,24.5,1200.0,1,49.2,220.4805,0.88,Debian GNU/Linux 13 (trixie) aarch64,Linux,aarch64,3.10.20,0.6944444444444444,0.695046439628483,0.6944444444444444,0.6942084942084943,0.695046439628483,0.6944444444444444,0.6942084942084943
2026-07-06 00:52:54,c9160e6539125e06c66b22677b30e1ed0aad8c344173a6c30f97b14607f84244,c9160e65,ubuntu,quantum_circuit_qubit_sweep_codecarbon,68,-1,-1,True,RY_RZ_LINEAR_3Q,PennyLane,0.42.3,default.qubit,RY_RZ_LINEAR,3,4,37,10,6,12,8,CNOT_LINEAR,26,-0.22599754,0.55626,0.225998,0.686803,0.0652469592,4.782703967532969e-07,0,8.957328100223095e-07,1.3740032067756063e-06,5.05643697323558e-07,0.36800765,3.2.8,3,1,4,61.3055,1.23660289,3.43501e-07,75.81060641,Cortex-A53,4,4,24.5,1200.0,2,49.2,220.4805,0.88,Debian GNU/Linux 13 (trixie) aarch64,Linux,aarch64,3.10.20,0.6944444444444444,0.695046439628483,0.6944444444444444,0.6942084942084943,0.695046439628483,0.6944444444444444,0.6942084942084943
2026-07-06 00:52:59,c9160e6539125e06c66b22677b30e1ed0aad8c344173a6c30f97b14607f84244,c9160e65,ubuntu,quantum_circuit_qubit_sweep_codecarbon,69,-1,-1,True,RY_RZ_LINEAR_3Q,PennyLane,0.42.3,default.qubit,RY_RZ_LINEAR,3,4,37,10,6,12,8,CNOT_LINEAR,26,-0.14084725,0.535154,0.140847,0.690674,0.1098231671,4.986647946967019e-07,0,9.334888974747932e-07,1.4321536921714951e-06,5.270435210588594e-07,0.36800765,3.2.8,3,1,4,36.4222,1.28893832,3.58038e-07,46.94595347,Cortex-A53,4,4,25.9,1200.0,1,49.2,220.4805,0.88,Debian GNU/Linux 13 (trixie) aarch64,Linux,aarch64,3.10.20,0.6944444444444444,0.695046439628483,0.6944444444444444,0.6942084942084943,0.695046439628483,0.6944444444444444,0.6942084942084943
2026-07-06 00:53:04,c9160e6539125e06c66b22677b30e1ed0aad8c344173a6c30f97b14607f84244,c9160e65,ubuntu,quantum_circuit_qubit_sweep_codecarbon,70,-1,-1,True,RY_RZ_LINEAR_3Q,PennyLane,0.42.3,default.qubit,RY_RZ_LINEAR,3,4,37,10,6,12,8,CNOT_LINEAR,26,-0.03333102,0.508332,0.033331,0.693008,0.108170659,4.975412515923381e-07,0,9.313678015799572e-07,1.4289090531722953e-06,5.258494690712474e-07,0.36800765,3.2.8,3,1,4,36.9786,1.28601815,3.57227e-07,47.55515624,Cortex-A53,4,4,23.6,1200.0,1,49.2,220.4492,0.88,Debian GNU/Linux 13 (trixie) aarch64,Linux,aarch64,3.10.20,0.6944444444444444,0.695046439628483,0.6944444444444444,0.6942084942084943,0.695046439628483,0.6944444444444444,0.6942084942084943
2026-07-06 00:53:09,c9160e6539125e06c66b22677b30e1ed0aad8c344173a6c30f97b14607f84244,c9160e65,ubuntu,quantum_circuit_qubit_sweep_codecarbon,71,-1,-1,True,RY_RZ_LINEAR_3Q,PennyLane,0.42.3,default.qubit,RY_RZ_LINEAR,3,4,37,10,6,12,8,CNOT_LINEAR,26,-0.07406545,0.518508,0.074065,0.692462,0.1063956511,4.962915772986081e-07,0,9.287556092021987e-07,1.4250471865008067e-06,5.244282725756987e-07,0.36800765,3.2.8,3,1,4,37.5955,1.28254247,3.56262e-07,48.21785305,Cortex-A53,4,4,24.1,1200.0,2,49.2,220.4492,0.88,Debian GNU/Linux 13 (trixie) aarch64,Linux,aarch64,3.10.20,0.6944444444444444,0.695046439628483,0.6944444444444444,0.6942084942084943,0.695046439628483,0.6944444444444444,0.6942084942084943
2026-07-06 00:53:21,c9160e6539125e06c66b22677b30e1ed0aad8c344173a6c30f97b14607f84244,c9160e65,ubuntu,quantum_circuit_qubit_sweep_codecarbon,0,-1,-1,True,RY_RZ_LINEAR_4Q,PennyLane,0.42.3,default.qubit,RY_RZ_LINEAR,4,4,49,10,8,16,12,CNOT_LINEAR,36,-0.03997887,0.509993,0.039979,0.692947,0.0896019209,4.883858148160512e-07,0,9.146918626114104e-07,1.4030776774274615e-06,5.163433250723383e-07,0.36800765,3.2.8,4,1,5,55.8024,1.01021593,2.80616e-07,56.37244812,Cortex-A53,4,4,24.5,1200.0,2,49.2,220.1602,0.88,Debian GNU/Linux 13 (trixie) aarch64,Linux,aarch64,3.10.20,0.7083333333333334,0.7084942084942085,0.7083333333333334,0.7082770596179818,0.7084942084942085,0.7083333333333333,0.7082770596179818
2026-07-06 00:53:26,c9160e6539125e06c66b22677b30e1ed0aad8c344173a6c30f97b14607f84244,c9160e65,ubuntu,quantum_circuit_qubit_sweep_codecarbon,1,1,1,True,RY_RZ_LINEAR_4Q,PennyLane,0.42.3,default.qubit,RY_RZ_LINEAR,4,4,49,10,8,16,12,CNOT_LINEAR,36,0.14557296,0.536329,0.145573,0.690505,0.1365499732,5.111837031523471e-07,0,9.574318225107466e-07,1.4686155256630937e-06,5.404617548788178e-07,0.36800765,3.2.8,4,1,5,36.6166,1.05740318,2.93723e-07,38.71854216,Cortex-A53,4,4,25.9,1200.0,2,49.1,220.1641,0.88,Debian GNU/Linux 13 (trixie) aarch64,Linux,aarch64,3.10.20,0.7083333333333334,0.7084942084942085,0.7083333333333334,0.7082770596179818,0.7084942084942085,0.7083333333333333,0.7082770596179818
2026-07-06 00:53:31,c9160e6539125e06c66b22677b30e1ed0aad8c344173a6c30f97b14607f84244,c9160e65,ubuntu,quantum_circuit_qubit_sweep_codecarbon,2,1,1,True,RY_RZ_LINEAR_4Q,PennyLane,0.42.3,default.qubit,RY_RZ_LINEAR,4,4,49,10,8,16,12,CNOT_LINEAR,36,0.18053814,0.545012,0.180538,0.689089,0.1238470771,5.03904398634202e-07,0,9.432529999564092e-07,1.4471573985906112e-06,5.325649998661195e-07,0.36800765,3.2.8,4,1,5,40.3724,1.04195333,2.89431e-07,42.06612506,Cortex-A53,4,4,25.0,1200.0,1,49.1,220.1641,0.88,Debian GNU/Linux 13 (trixie) aarch64,Linux,aarch64,3.10.20,0.7083333333333334,0.7084942084942085,0.7083333333333334,0.7082770596179818,0.7084942084942085,0.7083333333333333,0.7082770596179818
2026-07-06 00:53:36,c9160e6539125e06c66b22677b30e1ed0aad8c344173a6c30f97b14607f84244,c9160e65,ubuntu,quantum_circuit_qubit_sweep_codecarbon,3,1,1,True,RY_RZ_LINEAR_4Q,PennyLane,0.42.3,default.qubit,RY_RZ_LINEAR,4,4,49,10,8,16,12,CNOT_LINEAR,36,0.00795917,0.50199,0.007959,0.693139,0.10165374,4.942206118986209e-07,0,9.249497133229548e-07,1.419170325221576e-06,5.222655426408382e-07,0.36800765,3.2.8,4,1,5,49.1866,1.02180263,2.83834e-07,50.25897885,Cortex-A53,4,4,24.7,1200.0,2,49.1,220.168,0.88,Debian GNU/Linux 13 (trixie) aarch64,Linux,aarch64,3.10.20,0.7083333333333334,0.7084942084942085,0.7083333333333334,0.7082770596179818,0.7084942084942085,0.7083333333333333,0.7082770596179818
2026-07-06 00:53:41,c9160e6539125e06c66b22677b30e1ed0aad8c344173a6c30f97b14607f84244,c9160e65,ubuntu,quantum_circuit_qubit_sweep_codecarbon,4,-1,1,False,RY_RZ_LINEAR_4Q,PennyLane,0.42.3,default.qubit,RY_RZ_LINEAR,4,4,49,10,8,16,12,CNOT_LINEAR,36,0.06447056,0.516112,0.064471,0.692628,0.0897713678,4.884714787906785e-07,0,9.147925440144416e-07,1.40326402280512e-06,5.164119015976868e-07,0.36800765,3.2.8,4,1,5,55.697,1.0103501,2.80653e-07,56.27351575,Cortex-A53,4,4,24.3,1200.0,2,49.1,220.168,0.88,Debian GNU/Linux 13 (trixie) aarch64,Linux,aarch64,3.10.20,0.7083333333333334,0.7084942084942085,0.7083333333333334,0.7082770596179818,0.7084942084942085,0.7083333333333333,0.7082770596179818
2026-07-06 00:53:46,c9160e6539125e06c66b22677b30e1ed0aad8c344173a6c30f97b14607f84244,c9160e65,ubuntu,quantum_circuit_qubit_sweep_codecarbon,5,1,1,True,RY_RZ_LINEAR_4Q,PennyLane,0.42.3,default.qubit,RY_RZ_LINEAR,4,4,49,10,8,16,12,CNOT_LINEAR,36,0.10197219,0.525471,0.101972,0.691849,0.0894492781,4.882920176957103e-07,0,9.14513867464848e-07,1.402805885160558e-06,5.162433034376992e-07,0.36800765,3.2.8,4,1,5,55.8976,1.01002024,2.80561e-07,56.4577076,Cortex-A53,4,4,24.3,1200.0,1,49.1,220.2305,0.88,Debian GNU/Linux 13 (trixie) aarch64,Linux,aarch64,3.10.20,0.7083333333333334,0.7084942084942085,0.7083333333333334,0.7082770596179818,0.7084942084942085,0.7083333333333333,0.7082770596179818
2026-07-06 00:53:51,c9160e6539125e06c66b22677b30e1ed0aad8c344173a6c30f97b14607f84244,c9160e65,ubuntu,quantum_circuit_qubit_sweep_codecarbon,6,1,-1,False,RY_RZ_LINEAR_4Q,PennyLane,0.42.3,default.qubit,RY_RZ_LINEAR,4,4,49,10,8,16,12,CNOT_LINEAR,36,-0.10732422,0.526805,0.107324,0.691709,0.0899147901,4.886982569264042e-07,0,9.150080633116886e-07,1.4037063202380928e-06,5.165746704385616e-07,0.36800765,3.2.8,4,1,5,55.6082,1.01066855,2.80741e-07,56.20146303,Cortex-A53,4,4,25.0,1200.0,3,49.1,220.1914,0.88,Debian GNU/Linux 13 (trixie) aarch64,Linux,aarch64,3.10.20,0.7083333333333334,0.7084942084942085,0.7083333333333334,0.7082770596179818,0.7084942084942085,0.7083333333333333,0.7082770596179818
2026-07-06 00:53:57,c9160e6539125e06c66b22677b30e1ed0aad8c344173a6c30f97b14607f84244,c9160e65,ubuntu,quantum_circuit_qubit_sweep_codecarbon,7,1,-1,False,RY_RZ_LINEAR_4Q,PennyLane,0.42.3,default.qubit,RY_RZ_LINEAR,4,4,49,10,8,16,12,CNOT_LINEAR,36,-0.00307766,0.500769,0.003078,0.693146,0.0912549349,4.891335177752707e-07,0,9.160653232053543e-07,1.405198840980625e-06,5.171239294962294e-07,0.36800765,3.2.8,4,1,5,54.7916,1.01174317,2.8104e-07,55.43498369,Cortex-A53,4,4,26.7,1200.0,1,49.2,220.2695,0.88,Debian GNU/Linux 13 (trixie) aarch64,Linux,aarch64,3.10.20,0.7083333333333334,0.7084942084942085,0.7083333333333334,0.7082770596179818,0.7084942084942085,0.7083333333333333,0.7082770596179818
2026-07-06 00:54:02,c9160e6539125e06c66b22677b30e1ed0aad8c344173a6c30f97b14607f84244,c9160e65,ubuntu,quantum_circuit_qubit_sweep_codecarbon,8,1,1,True,RY_RZ_LINEAR_4Q,PennyLane,0.42.3,default.qubit,RY_RZ_LINEAR,4,4,49,10,8,16,12,CNOT_LINEAR,36,0.16443426,0.541016,0.164434,0.689779,0.0892430081,4.882275107213193e-07,0,9.143058400756368e-07,1.402533350796956e-06,5.161430087057947e-07,0.36800765,3.2.8,4,1,5,56.0268,1.00982401,2.80507e-07,56.57720613,Cortex-A53,4,4,24.3,600.0,2,49.4,220.2539,0.88,Debian GNU/Linux 13 (trixie) aarch64,Linux,aarch64,3.10.20,0.7083333333333334,0.7084942084942085,0.7083333333333334,0.7082770596179818,0.7084942084942085,0.7083333333333333,0.7082770596179818
2026-07-06 00:54:07,c9160e6539125e06c66b22677b30e1ed0aad8c344173a6c30f97b14607f84244,c9160e65,ubuntu,quantum_circuit_qubit_sweep_codecarbon,9,-1,-1,True,RY_RZ_LINEAR_4Q,PennyLane,0.42.3,default.qubit,RY_RZ_LINEAR,4,4,49,10,8,16,12,CNOT_LINEAR,36,-0.33738244,0.583555,0.337382,0.679119,0.0905020081,4.887939476287907e-07,0,9.153890132438392e-07,1.40418296087263e-06,5.167500778404901e-07,0.36800765,3.2.8,4,1,5,55.2474,1.01101173,2.80837e-07,55.85576238,Cortex-A53,4,4,22.1,600.0,1,49.4,220.2578,0.88,Debian GNU/Linux 13 (trixie) aarch64,Linux,aarch64,3.10.20,0.7083333333333334,0.7084942084942085,0.7083333333333334,0.7082770596179818,0.7084942084942085,0.7083333333333333,0.7082770596179818
2026-07-06 00:54:12,c9160e6539125e06c66b22677b30e1ed0aad8c344173a6c30f97b14607f84244,c9160e65,ubuntu,quantum_circuit_qubit_sweep_codecarbon,10,1,1,True,RY_RZ_LINEAR_4Q,PennyLane,0.42.3,default.qubit,RY_RZ_LINEAR,4,4,49,10,8,16,12,CNOT_LINEAR,36,0.29593264,0.573448,0.295933,0.682319,0.0895448679,4.875983408548766e-07,0,9.131440283575406e-07,1.400742369212417e-06,5.154839137737167e-07,0.36800765,3.2.8,4,1,5,55.8379,1.00853451,2.80148e-07,56.31447842,Cortex-A53,4,4,25.4,1200.0,1,49.4,220.2578,0.88,Debian GNU/Linux 13 (trixie) aarch64,Linux,aarch64,3.10.20,0.7083333333333334,0.7084942084942085,0.7083333333333334,0.7082770596179818,0.7084942084942085,0.7083333333333333,0.7082770596179818
2026-07-06 00:54:17,c9160e6539125e06c66b22677b30e1ed0aad8c344173a6c30f97b14607f84244,c9160e65,ubuntu,quantum_circuit_qubit_sweep_codecarbon,11,1,-1,False,RY_RZ_LINEAR_4Q,PennyLane,0.42.3,default.qubit,RY_RZ_LINEAR,4,4,49,10,8,16,12,CNOT_LINEAR,36,-0.12595307,0.531447,0.125953,0.691168,0.090094548,4.892176104485186e-07,0,9.162480748879414e-07,1.40546568533646e-06,5.172221302617217e-07,0.36800765,3.2.8,4,1,5,55.4973,1.01193529,2.81093e-07,56.15962988,Cortex-A53,4,4,26.1,1200.0,4,51.1,220.25,0.88,Debian GNU/Linux 13 (trixie) aarch64,Linux,aarch64,3.10.20,0.7083333333333334,0.7084942084942085,0.7083333333333334,0.7082770596179818,0.7084942084942085,0.7083333333333333,0.7082770596179818
2026-07-06 00:54:22,c9160e6539125e06c66b22677b30e1ed0aad8c344173a6c30f97b14607f84244,c9160e65,ubuntu,quantum_circuit_qubit_sweep_codecarbon,12,-1,-1,True,RY_RZ_LINEAR_4Q,PennyLane,0.42.3,default.qubit,RY_RZ_LINEAR,4,4,49,10,8,16,12,CNOT_LINEAR,36,-0.16173025,0.540345,0.16173,0.689888,0.089286159,4.882952327904099e-07,0,9.145194565644488e-07,1.4028146893548587e-06,5.162465434485931e-07,0.36800765,3.2.8,4,1,5,55.9997,1.01002658,2.80563e-07,56.56120654,Cortex-A53,4,4,24.6,1200.0,1,51.3,220.2812,0.88,Debian GNU/Linux 13 (trixie) aarch64,Linux,aarch64,3.10.20,0.7083333333333334,0.7084942084942085,0.7083333333333334,0.7082770596179818,0.7084942084942085,0.7083333333333333,0.7082770596179818
2026-07-06 00:54:27,c9160e6539125e06c66b22677b30e1ed0aad8c344173a6c30f97b14607f84244,c9160e65,ubuntu,quantum_circuit_qubit_sweep_codecarbon,13,1,1,True,RY_RZ_LINEAR_4Q,PennyLane,0.42.3,default.qubit,RY_RZ_LINEAR,4,4,49,10,8,16,12,CNOT_LINEAR,36,0.14257974,0.535585,0.14258,0.690613,0.0924849431,4.89622234677275e-07,0,9.169659990584478e-07,1.4065882337357229e-06,5.176352366651339e-07,0.36800765,3.2.8,4,1,5,54.0629,1.01274353,2.81318e-07,54.75180577,Cortex-A53,4,4,25.0,1200.0,1,51.3,220.2891,0.88,Debian GNU/Linux 13 (trixie) aarch64,Linux,aarch64,3.10.20,0.7083333333333334,0.7084942084942085,0.7083333333333334,0.7082770596179818,0.7084942084942085,0.7083333333333333,0.7082770596179818
2026-07-06 00:54:32,c9160e6539125e06c66b22677b30e1ed0aad8c344173a6c30f97b14607f84244,c9160e65,ubuntu,quantum_circuit_qubit_sweep_codecarbon,14,1,1,True,RY_RZ_LINEAR_4Q,PennyLane,0.42.3,default.qubit,RY_RZ_LINEAR,4,4,49,10,8,16,12,CNOT_LINEAR,36,0.15770044,0.539344,0.1577,0.690048,0.090357705,4.888301435858012e-07,0,9.155094741921252e-07,1.4043396177779264e-06,5.168077287807606e-07,0.36800765,3.2.8,4,1,5,55.3356,1.01112452,2.80868e-07,55.95120663,Cortex-A53,4,4,24.6,700.0,1,51.5,220.3125,0.88,Debian GNU/Linux 13 (trixie) aarch64,Linux,aarch64,3.10.20,0.7083333333333334,0.7084942084942085,0.7083333333333334,0.7082770596179818,0.7084942084942085,0.7083333333333333,0.7082770596179818
2026-07-06 00:54:37,c9160e6539125e06c66b22677b30e1ed0aad8c344173a6c30f97b14607f84244,c9160e65,ubuntu,quantum_circuit_qubit_sweep_codecarbon,15,-1,1,False,RY_RZ_LINEAR_4Q,PennyLane,0.42.3,default.qubit,RY_RZ_LINEAR,4,4,49,10,8,16,12,CNOT_LINEAR,36,0.08007399,0.520008,0.080074,0.692346,0.089710616,4.884397413374649e-07,0,9.147943533025684e-07,1.403234094640033e-06,5.164008878038513e-07,0.36800765,3.2.8,4,1,5,55.7348,1.01032855,2.80647e-07,56.31042304,Cortex-A53,4,4,24.6,600.0,2,51.5,220.3242,0.88,Debian GNU/Linux 13 (trixie) aarch64,Linux,aarch64,3.10.20,0.7083333333333334,0.7084942084942085,0.7083333333333334,0.7082770596179818,0.7084942084942085,0.7083333333333333,0.7082770596179818
2026-07-06 00:54:42,c9160e6539125e06c66b22677b30e1ed0aad8c344173a6c30f97b14607f84244,c9160e65,ubuntu,quantum_circuit_qubit_sweep_codecarbon,16,1,-1,False,RY_RZ_LINEAR_4Q,PennyLane,0.42.3,default.qubit,RY_RZ_LINEAR,4,4,49,10,8,16,12,CNOT_LINEAR,36,-0.10772496,0.526905,0.107725,0.691699,0.0902856609,4.887535733481248e-07,0,9.153911657631396e-07,1.4041447391112646e-06,5.167360119397413e-07,0.36800765,3.2.8,4,1,5,55.3798,1.01098421,2.80829e-07,55.98808281,Cortex-A53,4,4,24.1,700.0,1,51.5,220.3477,0.88,Debian GNU/Linux 13 (trixie) aarch64,Linux,aarch64,3.10.20,0.7083333333333334,0.7084942084942085,0.7083333333333334,0.7082770596179818,0.7084942084942085,0.7083333333333333,0.7082770596179818
2026-07-06 00:54:48,c9160e6539125e06c66b22677b30e1ed0aad8c344173a6c30f97b14607f84244,c9160e65,ubuntu,quantum_circuit_qubit_sweep_codecarbon,17,1,-1,False,RY_RZ_LINEAR_4Q,PennyLane,0.42.3,default.qubit,RY_RZ_LINEAR,4,4,49,10,8,16,12,CNOT_LINEAR,36,-0.04987619,0.512466,0.049876,0.692836,0.0898562821,4.885469222855237e-07,0,9.149973150730756e-07,1.403544237358599e-06,5.165150226982535e-07,0.36800765,3.2.8,4,1,5,55.6444,1.01055185,2.80709e-07,56.23156374,Cortex-A53,4,4,26.0,1200.0,1,51.5,220.3047,0.88,Debian GNU/Linux 13 (trixie) aarch64,Linux,aarch64,3.10.20,0.7083333333333334,0.7084942084942085,0.7083333333333334,0.7082770596179818,0.7084942084942085,0.7083333333333333,0.7082770596179818
2026-07-06 00:54:53,c9160e6539125e06c66b22677b30e1ed0aad8c344173a6c30f97b14607f84244,c9160e65,ubuntu,quantum_circuit_qubit_sweep_codecarbon,18,-1,-1,True,RY_RZ_LINEAR_4Q,PennyLane,0.42.3,default.qubit,RY_RZ_LINEAR,4,4,49,10,8,16,12,CNOT_LINEAR,36,-0.41232942,0.601646,0.412329,0.672339,0.089365914,4.882815386492723e-07,0,9.145256865303964e-07,1.4028072251796686e-06,5.162437965749889e-07,0.36800765,3.2.8,4,1,5,55.9497,1.0100212,2.80561e-07,56.51042757,Cortex-A53,4,4,25.4,700.0,1,51.4,220.418,0.88,Debian GNU/Linux 13 (trixie) aarch64,Linux,aarch64,3.10.20,0.7083333333333334,0.7084942084942085,0.7083333333333334,0.7082770596179818,0.7084942084942085,0.7083333333333333,0.7082770596179818
2026-07-06 00:54:58,c9160e6539125e06c66b22677b30e1ed0aad8c344173a6c30f97b14607f84244,c9160e65,ubuntu,quantum_circuit_qubit_sweep_codecarbon,19,1,1,True,RY_RZ_LINEAR_4Q,PennyLane,0.42.3,default.qubit,RY_RZ_LINEAR,4,4,49,10,8,16,12,CNOT_LINEAR,36,0.26646085,0.566224,0.266461,0.68435,0.0928898009,4.898767356197399e-07,0,9.174702799646184e-07,1.4073470155843583e-06,5.179144741934847e-07,0.36800765,3.2.8,4,1,5,53.8272,1.01328985,2.81469e-07,54.54257849,Cortex-A53,4,4,24.2,600.0,2,51.5,220.3906,0.88,Debian GNU/Linux 13 (trixie) aarch64,Linux,aarch64,3.10.20,0.7083333333333334,0.7084942084942085,0.7083333333333334,0.7082770596179818,0.7084942084942085,0.7083333333333333,0.7082770596179818
2026-07-06 00:55:03,c9160e6539125e06c66b22677b30e1ed0aad8c344173a6c30f97b14607f84244,c9160e65,ubuntu,quantum_circuit_qubit_sweep_codecarbon,20,-1,-1,True,RY_RZ_LINEAR_4Q,PennyLane,0.42.3,default.qubit,RY_RZ_LINEAR,4,4,49,10,8,16,12,CNOT_LINEAR,36,-0.25354874,0.56305,0.253549,0.685175,0.0896716309,4.884413444540567e-07,0,9.147780458442868e-07,1.4032193902983434e-06,5.16395476493556e-07,0.36800765,3.2.8,4,1,5,55.759,1.01031796,2.80644e-07,56.33431394,Cortex-A53,4,4,24.7,1200.0,1,51.6,220.4062,0.88,Debian GNU/Linux 13 (trixie) aarch64,Linux,aarch64,3.10.20,0.7083333333333334,0.7084942084942085,0.7083333333333334,0.7082770596179818,0.7084942084942085,0.7083333333333333,0.7082770596179818
2026-07-06 00:55:08,c9160e6539125e06c66b22677b30e1ed0aad8c344173a6c30f97b14607f84244,c9160e65,ubuntu,quantum_circuit_qubit_sweep_codecarbon,21,1,1,True,RY_RZ_LINEAR_4Q,PennyLane,0.42.3,default.qubit,RY_RZ_LINEAR,4,4,49,10,8,16,12,CNOT_LINEAR,36,0.18690784,0.546591,0.186908,0.688799,0.0902044361,4.885484615873806e-07,0,9.149427907929446e-07,1.4034912523803252e-06,5.164955238206783e-07,0.36800765,3.2.8,4,1,5,55.4296,1.0105137,2.80698e-07,56.01241721,Cortex-A53,4,4,24.3,1200.0,2,51.5,220.4062,0.88,Debian GNU/Linux 13 (trixie) aarch64,Linux,aarch64,3.10.20,0.7083333333333334,0.7084942084942085,0.7083333333333334,0.7082770596179818,0.7084942084942085,0.7083333333333333,0.7082770596179818
2026-07-06 00:55:13,c9160e6539125e06c66b22677b30e1ed0aad8c344173a6c30f97b14607f84244,c9160e65,ubuntu,quantum_circuit_qubit_sweep_codecarbon,22,1,1,True,RY_RZ_LINEAR_4Q,PennyLane,0.42.3,default.qubit,RY_RZ_LINEAR,4,4,49,10,8,16,12,CNOT_LINEAR,36,0.01270688,0.503177,0.012707,0.693127,0.0921139021,4.892482973842157e-07,0,9.162912991208336e-07,1.405539596505049e-06,5.172493301375115e-07,0.36800765,3.2.8,4,1,5,54.2806,1.01198851,2.81108e-07,54.93136684,Cortex-A53,4,4,23.9,1200.0,1,51.5,220.4102,0.88,Debian GNU/Linux 13 (trixie) aarch64,Linux,aarch64,3.10.20,0.7083333333333334,0.7084942084942085,0.7083333333333334,0.7082770596179818,0.7084942084942085,0.7083333333333333,0.7082770596179818
2026-07-06 00:55:18,c9160e6539125e06c66b22677b30e1ed0aad8c344173a6c30f97b14607f84244,c9160e65,ubuntu,quantum_circuit_qubit_sweep_codecarbon,23,-1,-1,True,RY_RZ_LINEAR_4Q,PennyLane,0.42.3,default.qubit,RY_RZ_LINEAR,4,4,49,10,8,16,12,CNOT_LINEAR,36,-0.00250812,0.500627,0.002508,0.693146,0.090297393,4.878830426476068e-07,0,9.137282349790136e-07,1.4016112776266204e-06,5.15803678721154e-07,0.36800765,3.2.8,4,1,5,55.3726,1.00916012,2.80322e-07,55.87980372,Cortex-A53,4,4,25.0,1200.0,2,51.7,220.3984,0.88,Debian GNU/Linux 13 (trixie) aarch64,Linux,aarch64,3.10.20,0.7083333333333334,0.7084942084942085,0.7083333333333334,0.7082770596179818,0.7084942084942085,0.7083333333333333,0.7082770596179818
2026-07-06 00:55:23,c9160e6539125e06c66b22677b30e1ed0aad8c344173a6c30f97b14607f84244,c9160e65,ubuntu,quantum_circuit_qubit_sweep_codecarbon,24,1,-1,False,RY_RZ_LINEAR_4Q,PennyLane,0.42.3,default.qubit,RY_RZ_LINEAR,4,4,49,10,8,16,12,CNOT_LINEAR,36,-0.06904882,0.517255,0.069049,0.692552,0.0897810878,4.885320867308312e-07,0,9.149049583356828e-07,1.403437045066514e-06,5.164755751142689e-07,0.36800765,3.2.8,4,1,5,55.691,1.01047467,2.80687e-07,56.27436117,Cortex-A53,4,4,25.0,1200.0,1,51.7,220.375,0.88,Debian GNU/Linux 13 (trixie) aarch64,Linux,aarch64,3.10.20,0.7083333333333334,0.7084942084942085,0.7083333333333334,0.7082770596179818,0.7084942084942085,0.7083333333333333,0.7082770596179818
2026-07-06 00:55:28,c9160e6539125e06c66b22677b30e1ed0aad8c344173a6c30f97b14607f84244,c9160e65,ubuntu,quantum_circuit_qubit_sweep_codecarbon,25,1,-1,False,RY_RZ_LINEAR_4Q,PennyLane,0.42.3,default.qubit,RY_RZ_LINEAR,4,4,49,10,8,16,12,CNOT_LINEAR,36,-0.14005557,0.534957,0.140056,0.690701,0.089705562,4.884368058087098e-07,0,9.147623307459678e-07,1.4031991365546776e-06,5.163880229608559e-07,0.36800765,3.2.8,4,1,5,55.7379,1.01030338,2.8064e-07,56.31219269,Cortex-A53,4,4,27.0,1200.0,2,51.5,220.332,0.88,Debian GNU/Linux 13 (trixie) aarch64,Linux,aarch64,3.10.20,0.7083333333333334,0.7084942084942085,0.7083333333333334,0.7082770596179818,0.7084942084942085,0.7083333333333333,0.7082770596179818
2026-07-06 00:55:34,c9160e6539125e06c66b22677b30e1ed0aad8c344173a6c30f97b14607f84244,c9160e65,ubuntu,quantum_circuit_qubit_sweep_codecarbon,26,1,-1,False,RY_RZ_LINEAR_4Q,PennyLane,0.42.3,default.qubit,RY_RZ_LINEAR,4,4,49,10,8,16,12,CNOT_LINEAR,36,-0.0126684,0.503167,0.012668,0.693127,0.089279518,4.882589093305998e-07,0,9.14461154025048e-07,1.4027200633556475e-06,5.16211720356574e-07,0.36800765,3.2.8,4,1,5,56.0039,1.00995845,2.80544e-07,56.56159824,Cortex-A53,4,4,25.0,600.0,2,51.5,220.3789,0.88,Debian GNU/Linux 13 (trixie) aarch64,Linux,aarch64,3.10.20,0.7083333333333334,0.7084942084942085,0.7083333333333334,0.7082770596179818,0.7084942084942085,0.7083333333333333,0.7082770596179818
2026-07-06 00:55:39,c9160e6539125e06c66b22677b30e1ed0aad8c344173a6c30f97b14607f84244,c9160e65,ubuntu,quantum_circuit_qubit_sweep_codecarbon,27,-1,-1,True,RY_RZ_LINEAR_4Q,PennyLane,0.42.3,default.qubit,RY_RZ_LINEAR,4,4,49,10,8,16,12,CNOT_LINEAR,36,-0.45054974,0.61077,0.45055,0.668402,0.089649407,4.884153879765007e-07,0,9.147511224728076e-07,1.4031665104493084e-06,5.163760163043453e-07,0.36800765,3.2.8,4,1,5,55.7728,1.01027989,2.80633e-07,56.34615564,Cortex-A53,4,4,21.6,700.0,1,51.5,220.3633,0.88,Debian GNU/Linux 13 (trixie) aarch64,Linux,aarch64,3.10.20,0.7083333333333334,0.7084942084942085,0.7083333333333334,0.7082770596179818,0.7084942084942085,0.7083333333333333,0.7082770596179818
2026-07-06 00:55:44,c9160e6539125e06c66b22677b30e1ed0aad8c344173a6c30f97b14607f84244,c9160e65,ubuntu,quantum_circuit_qubit_sweep_codecarbon,28,-1,-1,True,RY_RZ_LINEAR_4Q,PennyLane,0.42.3,default.qubit,RY_RZ_LINEAR,4,4,49,10,8,16,12,CNOT_LINEAR,36,-0.15606308,0.538937,0.156063,0.690112,0.089438987,4.883950844200121e-07,0,9.147191299901656e-07,1.4031142144101777e-06,5.163567709616481e-07,0.36800765,3.2.8,4,1,5,55.904,1.01024223,2.80623e-07,56.47661432,Cortex-A53,4,4,25.0,700.0,2,51.6,220.418,0.88,Debian GNU/Linux 13 (trixie) aarch64,Linux,aarch64,3.10.20,0.7083333333333334,0.7084942084942085,0.7083333333333334,0.7082770596179818,0.7084942084942085,0.7083333333333333,0.7082770596179818
2026-07-06 00:55:49,c9160e6539125e06c66b22677b30e1ed0aad8c344173a6c30f97b14607f84244,c9160e65,ubuntu,quantum_circuit_qubit_sweep_codecarbon,29,1,1,True,RY_RZ_LINEAR_4Q,PennyLane,0.42.3,default.qubit,RY_RZ_LINEAR,4,4,49,10,8,16,12,CNOT_LINEAR,36,0.20218403,0.550375,0.202184,0.688063,0.089588617,4.885712794300499e-07,0,9.150169974115366e-07,1.4035882768415866e-06,5.165312295650907e-07,0.36800765,3.2.8,4,1,5,55.8107,1.01058356,2.80718e-07,56.40133722,Cortex-A53,4,4,25.7,1200.0,1,51.6,220.4258,0.88,Debian GNU/Linux 13 (trixie) aarch64,Linux,aarch64,3.10.20,0.7083333333333334,0.7084942084942085,0.7083333333333334,0.7082770596179818,0.7084942084942085,0.7083333333333333,0.7082770596179818
2026-07-06 00:55:54,c9160e6539125e06c66b22677b30e1ed0aad8c344173a6c30f97b14607f84244,c9160e65,ubuntu,quantum_circuit_qubit_sweep_codecarbon,30,-1,-1,True,RY_RZ_LINEAR_4Q,PennyLane,0.42.3,default.qubit,RY_RZ_LINEAR,4,4,49,10,8,16,12,CNOT_LINEAR,36,-0.18992209,0.547338,0.189922,0.688659,0.094088854,4.903517840430141e-07,0,9.183820391384264e-07,1.4087338231814403e-06,5.184248300044515e-07,0.36800765,3.2.8,4,1,5,53.1413,1.01428835,2.81747e-07,53.90055831,Cortex-A53,4,4,24.4,1200.0,2,51.6,220.4883,0.88,Debian GNU/Linux 13 (trixie) aarch64,Linux,aarch64,3.10.20,0.7083333333333334,0.7084942084942085,0.7083333333333334,0.7082770596179818,0.7084942084942085,0.7083333333333333,0.7082770596179818
2026-07-06 00:55:59,c9160e6539125e06c66b22677b30e1ed0aad8c344173a6c30f97b14607f84244,c9160e65,ubuntu,quantum_circuit_qubit_sweep_codecarbon,31,-1,-1,True,RY_RZ_LINEAR_4Q,PennyLane,0.42.3,default.qubit,RY_RZ_LINEAR,4,4,49,10,8,16,12,CNOT_LINEAR,36,-0.11948321,0.529835,0.119483,0.691366,0.092509428,4.898330124302043e-07,0,9.173218859359624e-07,1.4071548983661663e-06,5.178437735866397e-07,0.36800765,3.2.8,4,1,5,54.0485,1.01315153,2.81431e-07,54.75936606,Cortex-A53,4,4,25.7,1200.0,2,51.7,220.4453,0.88,Debian GNU/Linux 13 (trixie) aarch64,Linux,aarch64,3.10.20,0.7083333333333334,0.7084942084942085,0.7083333333333334,0.7082770596179818,0.7084942084942085,0.7083333333333333,0.7082770596179818
2026-07-06 00:56:04,c9160e6539125e06c66b22677b30e1ed0aad8c344173a6c30f97b14607f84244,c9160e65,ubuntu,quantum_circuit_qubit_sweep_codecarbon,32,-1,-1,True,RY_RZ_LINEAR_4Q,PennyLane,0.42.3,default.qubit,RY_RZ_LINEAR,4,4,49,10,8,16,12,CNOT_LINEAR,36,-0.11118204,0.527767,0.111182,0.691604,0.0922074979,4.893177368988594e-07,0,9.163841298626116e-07,1.405701866761471e-06,5.173090468339631e-07,0.36800765,3.2.8,4,1,5,54.2255,1.01210534,2.8114e-07,54.88194382,Cortex-A53,4,4,24.7,1200.0,1,48.7,220.4375,0.88,Debian GNU/Linux 13 (trixie) aarch64,Linux,aarch64,3.10.20,0.7083333333333334,0.7084942084942085,0.7083333333333334,0.7082770596179818,0.7084942084942085,0.7083333333333333,0.7082770596179818
2026-07-06 00:56:10,c9160e6539125e06c66b22677b30e1ed0aad8c344173a6c30f97b14607f84244,c9160e65,ubuntu,quantum_circuit_qubit_sweep_codecarbon,33,-1,-1,True,RY_RZ_LINEAR_4Q,PennyLane,0.42.3,default.qubit,RY_RZ_LINEAR,4,4,49,10,8,16,12,CNOT_LINEAR,36,-0.57638329,0.640235,0.576383,0.653283,0.0898279739,4.885395000585252e-07,0,9.149110466629888e-07,1.4034505467215138e-06,5.164805438266565e-07,0.36800765,3.2.8,4,1,5,55.6619,1.01048439,2.8069e-07,56.24552966,Cortex-A53,4,4,26.3,1200.0,1,48.7,220.4453,0.88,Debian GNU/Linux 13 (trixie) aarch64,Linux,aarch64,3.10.20,0.7083333333333334,0.7084942084942085,0.7083333333333334,0.7082770596179818,0.7084942084942085,0.7083333333333333,0.7082770596179818
2026-07-06 00:56:15,c9160e6539125e06c66b22677b30e1ed0aad8c344173a6c30f97b14607f84244,c9160e65,ubuntu,quantum_circuit_qubit_sweep_codecarbon,34,1,1,True,RY_RZ_LINEAR_4Q,PennyLane,0.42.3,default.qubit,RY_RZ_LINEAR,4,4,49,10,8,16,12,CNOT_LINEAR,36,0.18248844,0.545496,0.182488,0.689002,0.090571248,4.887631106086904e-07,0,9.153412107843908e-07,1.404104321393081e-06,5.167211379100746e-07,0.36800765,3.2.8,4,1,5,55.2052,1.01095511,2.80821e-07,55.80993605,Cortex-A53,4,4,26.7,600.0,2,48.7,220.4805,0.88,Debian GNU/Linux 13 (trixie) aarch64,Linux,aarch64,3.10.20,0.7083333333333334,0.7084942084942085,0.7083333333333334,0.7082770596179818,0.7084942084942085,0.7083333333333333,0.7082770596179818
2026-07-06 00:56:20,c9160e6539125e06c66b22677b30e1ed0aad8c344173a6c30f97b14607f84244,c9160e65,ubuntu,quantum_circuit_qubit_sweep_codecarbon,35,-1,1,False,RY_RZ_LINEAR_4Q,PennyLane,0.42.3,default.qubit,RY_RZ_LINEAR,4,4,49,10,8,16,12,CNOT_LINEAR,36,0.0051898,0.501297,0.00519,0.693144,0.0897354661,4.884633846570766e-07,0,9.14797378354706e-07,1.4032607630117825e-06,5.164107019687866e-07,0.36800765,3.2.8,4,1,5,55.7193,1.01034775,2.80652e-07,56.29589915,Cortex-A53,4,4,25.3,1200.0,2,48.8,220.4805,0.88,Debian GNU/Linux 13 (trixie) aarch64,Linux,aarch64,3.10.20,0.7083333333333334,0.7084942084942085,0.7083333333333334,0.7082770596179818,0.7084942084942085,0.7083333333333333,0.7082770596179818
2026-07-06 00:56:25,c9160e6539125e06c66b22677b30e1ed0aad8c344173a6c30f97b14607f84244,c9160e65,ubuntu,quantum_circuit_qubit_sweep_codecarbon,36,1,1,True,RY_RZ_LINEAR_4Q,PennyLane,0.42.3,default.qubit,RY_RZ_LINEAR,4,4,49,10,8,16,12,CNOT_LINEAR,36,0.05360078,0.513397,0.053601,0.692788,0.0897256189,4.881486435744406e-07,0,9.14245821768418e-07,1.4023944653428589e-06,5.16091897795596e-07,0.36800765,3.2.8,4,1,5,55.7254,1.00972402,2.80479e-07,56.26731957,Cortex-A53,4,4,24.7,1200.0,1,48.4,220.4961,0.88,Debian GNU/Linux 13 (trixie) aarch64,Linux,aarch64,3.10.20,0.7083333333333334,0.7084942084942085,0.7083333333333334,0.7082770596179818,0.7084942084942085,0.7083333333333333,0.7082770596179818
2026-07-06 00:56:30,c9160e6539125e06c66b22677b30e1ed0aad8c344173a6c30f97b14607f84244,c9160e65,ubuntu,quantum_circuit_qubit_sweep_codecarbon,37,-1,1,False,RY_RZ_LINEAR_4Q,PennyLane,0.42.3,default.qubit,RY_RZ_LINEAR,4,4,49,10,8,16,12,CNOT_LINEAR,36,0.11757738,0.529361,0.117577,0.691422,0.0893724388,4.880143617935805e-07,0,9.140009033338476e-07,1.402015265127428e-06,5.159523492137508e-07,0.36800765,3.2.8,4,1,5,55.9457,1.00945099,2.80403e-07,56.47440105,Cortex-A53,4,4,24.4,1200.0,1,48.5,220.5586,0.88,Debian GNU/Linux 13 (trixie) aarch64,Linux,aarch64,3.10.20,0.7083333333333334,0.7084942084942085,0.7083333333333334,0.7082770596179818,0.7084942084942085,0.7083333333333333,0.7082770596179818
2026-07-06 00:56:35,c9160e6539125e06c66b22677b30e1ed0aad8c344173a6c30f97b14607f84244,c9160e65,ubuntu,quantum_circuit_qubit_sweep_codecarbon,38,-1,-1,True,RY_RZ_LINEAR_4Q,PennyLane,0.42.3,default.qubit,RY_RZ_LINEAR,4,4,49,10,8,16,12,CNOT_LINEAR,36,-0.13855254,0.534583,0.138553,0.690753,0.0953555841,4.910063896780132e-07,0,9.194999267735207e-07,1.410506316451534e-06,5.190771210952958e-07,0.36800765,3.2.8,4,1,5,52.4353,1.01556455,2.82101e-07,53.25144604,Cortex-A53,4,4,24.7,1200.0,2,48.6,220.5195,0.88,Debian GNU/Linux 13 (trixie) aarch64,Linux,aarch64,3.10.20,0.7083333333333334,0.7084942084942085,0.7083333333333334,0.7082770596179818,0.7084942084942085,0.7083333333333333,0.7082770596179818
2026-07-06 00:56:40,c9160e6539125e06c66b22677b30e1ed0aad8c344173a6c30f97b14607f84244,c9160e65,ubuntu,quantum_circuit_qubit_sweep_codecarbon,39,-1,1,False,RY_RZ_LINEAR_4Q,PennyLane,0.42.3,default.qubit,RY_RZ_LINEAR,4,4,49,10,8,16,12,CNOT_LINEAR,36,0.17296242,0.543133,0.172962,0.689422,0.090957684,4.890318216962948e-07,0,9.158555041843404e-07,1.4048873258806351e-06,5.170092895549583e-07,0.36800765,3.2.8,4,1,5,54.9706,1.01151887,2.80977e-07,55.60381654,Cortex-A53,4,4,24.7,1200.0,1,48.8,220.5938,0.88,Debian GNU/Linux 13 (trixie) aarch64,Linux,aarch64,3.10.20,0.7083333333333334,0.7084942084942085,0.7083333333333334,0.7082770596179818,0.7084942084942085,0.7083333333333333,0.7082770596179818
2026-07-06 00:56:46,c9160e6539125e06c66b22677b30e1ed0aad8c344173a6c30f97b14607f84244,c9160e65,ubuntu,quantum_circuit_qubit_sweep_codecarbon,40,-1,-1,True,RY_RZ_LINEAR_4Q,PennyLane,0.42.3,default.qubit,RY_RZ_LINEAR,4,4,49,10,8,16,12,CNOT_LINEAR,36,-0.38105567,0.594128,0.381056,0.675321,0.0898843,4.884641187058555e-07,0,9.148467467942586e-07,1.4033108655001142e-06,5.164291400679994e-07,0.36800765,3.2.8,4,1,5,55.6271,1.01038382,2.80662e-07,56.20468886,Cortex-A53,4,4,27.8,1200.0,1,48.8,220.5586,0.88,Debian GNU/Linux 13 (trixie) aarch64,Linux,aarch64,3.10.20,0.7083333333333334,0.7084942084942085,0.7083333333333334,0.7082770596179818,0.7084942084942085,0.7083333333333333,0.7082770596179818
2026-07-06 00:56:51,c9160e6539125e06c66b22677b30e1ed0aad8c344173a6c30f97b14607f84244,c9160e65,ubuntu,quantum_circuit_qubit_sweep_codecarbon,41,-1,-1,True,RY_RZ_LINEAR_4Q,PennyLane,0.42.3,default.qubit,RY_RZ_LINEAR,4,4,49,10,8,16,12,CNOT_LINEAR,36,-0.01324256,0.503311,0.013243,0.693125,0.0905186161,4.887650466213623e-07,0,9.154212732876964e-07,1.4041863199090587e-06,5.167513139916075e-07,0.36800765,3.2.8,4,1,5,55.2373,1.01101415,2.80837e-07,55.84564775,Cortex-A53,4,4,25.3,1200.0,2,48.7,220.6484,0.88,Debian GNU/Linux 13 (trixie) aarch64,Linux,aarch64,3.10.20,0.7083333333333334,0.7084942084942085,0.7083333333333334,0.7082770596179818,0.7084942084942085,0.7083333333333333,0.7082770596179818
2026-07-06 00:56:56,c9160e6539125e06c66b22677b30e1ed0aad8c344173a6c30f97b14607f84244,c9160e65,ubuntu,quantum_circuit_qubit_sweep_codecarbon,42,-1,-1,True,RY_RZ_LINEAR_4Q,PennyLane,0.42.3,default.qubit,RY_RZ_LINEAR,4,4,49,10,8,16,12,CNOT_LINEAR,36,-0.28855837,0.571643,0.288558,0.682846,0.089418045,4.88312807555e-07,0,9.14516727401254e-07,1.4028295349562542e-06,5.162520067435414e-07,0.36800765,3.2.8,4,1,5,55.9171,1.01003727,2.80566e-07,56.47838001,Cortex-A53,4,4,24.7,1200.0,1,48.6,220.6055,0.88,Debian GNU/Linux 13 (trixie) aarch64,Linux,aarch64,3.10.20,0.7083333333333334,0.7084942084942085,0.7083333333333334,0.7082770596179818,0.7084942084942085,0.7083333333333333,0.7082770596179818
2026-07-06 00:57:01,c9160e6539125e06c66b22677b30e1ed0aad8c344173a6c30f97b14607f84244,c9160e65,ubuntu,quantum_circuit_qubit_sweep_codecarbon,43,1,1,True,RY_RZ_LINEAR_4Q,PennyLane,0.42.3,default.qubit,RY_RZ_LINEAR,4,4,49,10,8,16,12,CNOT_LINEAR,36,0.13287787,0.533171,0.132878,0.690945,0.0928069309,4.898196288213448e-07,0,9.173881192691624e-07,1.4072077480905072e-06,5.178632226897322e-07,0.36800765,3.2.8,4,1,5,53.8753,1.01318958,2.81442e-07,54.58587893,Cortex-A53,4,4,25.3,1200.0,1,48.8,220.6328,0.88,Debian GNU/Linux 13 (trixie) aarch64,Linux,aarch64,3.10.20,0.7083333333333334,0.7084942084942085,0.7083333333333334,0.7082770596179818,0.7084942084942085,0.7083333333333333,0.7082770596179818
2026-07-06 00:57:06,c9160e6539125e06c66b22677b30e1ed0aad8c344173a6c30f97b14607f84244,c9160e65,ubuntu,quantum_circuit_qubit_sweep_codecarbon,44,1,1,True,RY_RZ_LINEAR_4Q,PennyLane,0.42.3,default.qubit,RY_RZ_LINEAR,4,4,49,10,8,16,12,CNOT_LINEAR,36,0.15974236,0.539851,0.159742,0.689968,0.0901263689,4.88606380402214e-07,0,9.15112445751826e-07,1.40371882615404e-06,5.16579272711356e-07,0.36800765,3.2.8,4,1,5,55.4777,1.01067755,2.80744e-07,56.07002518,Cortex-A53,4,4,23.7,1200.0,2,48.8,220.6367,0.88,Debian GNU/Linux 13 (trixie) aarch64,Linux,aarch64,3.10.20,0.7083333333333334,0.7084942084942085,0.7083333333333334,0.7082770596179818,0.7084942084942085,0.7083333333333333,0.7082770596179818
2026-07-06 00:57:11,c9160e6539125e06c66b22677b30e1ed0aad8c344173a6c30f97b14607f84244,c9160e65,ubuntu,quantum_circuit_qubit_sweep_codecarbon,45,1,1,True,RY_RZ_LINEAR_4Q,PennyLane,0.42.3,default.qubit,RY_RZ_LINEAR,4,4,49,10,8,16,12,CNOT_LINEAR,36,0.19926017,0.549651,0.19926,0.688209,0.090614384,4.888529525682085e-07,0,9.155662291838476e-07,1.4044191817520565e-06,5.168370089322584e-07,0.36800765,3.2.8,4,1,5,55.1789,1.01118181,2.80884e-07,55.79587731,Cortex-A53,4,4,25.3,1200.0,1,48.9,220.5898,0.88,Debian GNU/Linux 13 (trixie) aarch64,Linux,aarch64,3.10.20,0.7083333333333334,0.7084942084942085,0.7083333333333334,0.7082770596179818,0.7084942084942085,0.7083333333333333,0.7082770596179818
2026-07-06 00:57:16,c9160e6539125e06c66b22677b30e1ed0aad8c344173a6c30f97b14607f84244,c9160e65,ubuntu,quantum_circuit_qubit_sweep_codecarbon,46,1,1,True,RY_RZ_LINEAR_4Q,PennyLane,0.42.3,default.qubit,RY_RZ_LINEAR,4,4,49,10,8,16,12,CNOT_LINEAR,36,0.23244335,0.557851,0.232443,0.686439,0.089701364,4.880760642286305e-07,0,9.14117592619732e-07,1.4021936568483623e-06,5.160179987325441e-07,0.36800765,3.2.8,4,1,5,55.7405,1.00957943,2.80439e-07,56.27447496,Cortex-A53,4,4,25.0,1200.0,1,48.8,220.5938,0.88,Debian GNU/Linux 13 (trixie) aarch64,Linux,aarch64,3.10.20,0.7083333333333334,0.7084942084942085,0.7083333333333334,0.7082770596179818,0.7084942084942085,0.7083333333333333,0.7082770596179818
2026-07-06 00:57:21,c9160e6539125e06c66b22677b30e1ed0aad8c344173a6c30f97b14607f84244,c9160e65,ubuntu,quantum_circuit_qubit_sweep_codecarbon,47,1,1,True,RY_RZ_LINEAR_4Q,PennyLane,0.42.3,default.qubit,RY_RZ_LINEAR,4,4,49,10,8,16,12,CNOT_LINEAR,36,0.07815724,0.519529,0.078157,0.692384,0.0902237019,4.8780656264474e-07,0,9.135901316767558e-07,1.401396694321496e-06,5.157247104223524e-07,0.36800765,3.2.8,4,1,5,55.4178,1.00900562,2.80279e-07,55.91688207,Cortex-A53,4,4,25.3,1200.0,2,48.9,220.5508,0.88,Debian GNU/Linux 13 (trixie) aarch64,Linux,aarch64,3.10.20,0.7083333333333334,0.7084942084942085,0.7083333333333334,0.7082770596179818,0.7084942084942085,0.7083333333333333,0.7082770596179818
2026-07-06 00:57:26,c9160e6539125e06c66b22677b30e1ed0aad8c344173a6c30f97b14607f84244,c9160e65,ubuntu,quantum_circuit_qubit_sweep_codecarbon,48,1,1,True,RY_RZ_LINEAR_4Q,PennyLane,0.42.3,default.qubit,RY_RZ_LINEAR,4,4,49,10,8,16,12,CNOT_LINEAR,36,0.1201305,0.529997,0.120131,0.691347,0.090065418,4.886246834926832e-07,0,9.150829300051556e-07,1.4037076134978387e-06,5.165751463680473e-07,0.36800765,3.2.8,4,1,5,55.5152,1.01066948,2.80742e-07,56.10752183,Cortex-A53,4,4,25.3,1200.0,2,48.8,220.5508,0.88,Debian GNU/Linux 13 (trixie) aarch64,Linux,aarch64,3.10.20,0.7083333333333334,0.7084942084942085,0.7083333333333334,0.7082770596179818,0.7084942084942085,0.7083333333333333,0.7082770596179818
2026-07-06 00:57:31,c9160e6539125e06c66b22677b30e1ed0aad8c344173a6c30f97b14607f84244,c9160e65,ubuntu,quantum_circuit_qubit_sweep_codecarbon,49,-1,1,False,RY_RZ_LINEAR_4Q,PennyLane,0.42.3,default.qubit,RY_RZ_LINEAR,4,4,49,10,8,16,12,CNOT_LINEAR,36,0.02020724,0.505052,0.020207,0.693096,0.089571615,4.883796737218897e-07,0,9.146110265282916e-07,1.402990700250181e-06,5.163113168053371e-07,0.36800765,3.2.8,4,1,5,55.8213,1.0101533,2.80598e-07,56.38802562,Cortex-A53,4,4,24.7,1200.0,2,49.0,220.5547,0.88,Debian GNU/Linux 13 (trixie) aarch64,Linux,aarch64,3.10.20,0.7083333333333334,0.7084942084942085,0.7083333333333334,0.7082770596179818,0.7084942084942085,0.7083333333333333,0.7082770596179818
2026-07-06 00:57:37,c9160e6539125e06c66b22677b30e1ed0aad8c344173a6c30f97b14607f84244,c9160e65,ubuntu,quantum_circuit_qubit_sweep_codecarbon,50,-1,1,False,RY_RZ_LINEAR_4Q,PennyLane,0.42.3,default.qubit,RY_RZ_LINEAR,4,4,49,10,8,16,12,CNOT_LINEAR,36,0.02840497,0.507101,0.028405,0.693046,0.089766507,4.879761177839505e-07,0,9.13905790851762e-07,1.4018819086357123e-06,5.159032730040298e-07,0.36800765,3.2.8,4,1,5,55.7001,1.00935497,2.80376e-07,56.22113456,Cortex-A53,4,4,25.7,1200.0,1,48.9,220.6172,0.88,Debian GNU/Linux 13 (trixie) aarch64,Linux,aarch64,3.10.20,0.7083333333333334,0.7084942084942085,0.7083333333333334,0.7082770596179818,0.7084942084942085,0.7083333333333333,0.7082770596179818
2026-07-06 00:57:42,c9160e6539125e06c66b22677b30e1ed0aad8c344173a6c30f97b14607f84244,c9160e65,ubuntu,quantum_circuit_qubit_sweep_codecarbon,51,1,-1,False,RY_RZ_LINEAR_4Q,PennyLane,0.42.3,default.qubit,RY_RZ_LINEAR,4,4,49,10,8,16,12,CNOT_LINEAR,36,-0.21836486,0.554375,0.218365,0.687222,0.0897892131,4.885191713559772e-07,0,9.148692533684274e-07,1.4033884247244043e-06,5.16457682456211e-07,0.36800765,3.2.8,4,1,5,55.686,1.01043967,2.80678e-07,56.26731934,Cortex-A53,4,4,25.3,1200.0,1,48.9,220.6289,0.88,Debian GNU/Linux 13 (trixie) aarch64,Linux,aarch64,3.10.20,0.7083333333333334,0.7084942084942085,0.7083333333333334,0.7082770596179818,0.7084942084942085,0.7083333333333333,0.7082770596179818
2026-07-06 00:57:47,c9160e6539125e06c66b22677b30e1ed0aad8c344173a6c30f97b14607f84244,c9160e65,ubuntu,quantum_circuit_qubit_sweep_codecarbon,52,1,1,True,RY_RZ_LINEAR_4Q,PennyLane,0.42.3,default.qubit,RY_RZ_LINEAR,4,4,49,10,8,16,12,CNOT_LINEAR,36,0.23103637,0.557504,0.231036,0.686519,0.0899932708,4.885233229897248e-07,0,9.149559866636992e-07,1.403479309653424e-06,5.164911288057638e-07,0.36800765,3.2.8,4,1,5,55.5597,1.0105051,2.80696e-07,56.14337016,Cortex-A53,4,4,25.0,1200.0,1,48.9,220.6367,0.88,Debian GNU/Linux 13 (trixie) aarch64,Linux,aarch64,3.10.20,0.7083333333333334,0.7084942084942085,0.7083333333333334,0.7082770596179818,0.7084942084942085,0.7083333333333333,0.7082770596179818
2026-07-06 00:57:52,c9160e6539125e06c66b22677b30e1ed0aad8c344173a6c30f97b14607f84244,c9160e65,ubuntu,quantum_circuit_qubit_sweep_codecarbon,53,1,-1,False,RY_RZ_LINEAR_4Q,PennyLane,0.42.3,default.qubit,RY_RZ_LINEAR,4,4,49,10,8,16,12,CNOT_LINEAR,36,-0.2447964,0.560895,0.244796,0.685712,0.0899099361,4.885588915397724e-07,0,9.14972624159418e-07,1.4035315156991904e-06,5.16510341030214e-07,0.36800765,3.2.8,4,1,5,55.6112,1.01054269,2.80706e-07,56.19749805,Cortex-A53,4,4,24.7,1200.0,1,48.8,220.5859,0.88,Debian GNU/Linux 13 (trixie) aarch64,Linux,aarch64,3.10.20,0.7083333333333334,0.7084942084942085,0.7083333333333334,0.7082770596179818,0.7084942084942085,0.7083333333333333,0.7082770596179818
2026-07-06 00:57:57,c9160e6539125e06c66b22677b30e1ed0aad8c344173a6c30f97b14607f84244,c9160e65,ubuntu,quantum_circuit_qubit_sweep_codecarbon,54,-1,-1,True,RY_RZ_LINEAR_4Q,PennyLane,0.42.3,default.qubit,RY_RZ_LINEAR,4,4,49,10,8,16,12,CNOT_LINEAR,36,-0.30734795,0.576238,0.307348,0.681477,0.0905775859,4.887779724473755e-07,0,9.1543591755908e-07,1.4042138900064557e-06,5.167614599984832e-07,0.36800765,3.2.8,4,1,5,55.2013,1.011034,2.80843e-07,55.81038572,Cortex-A53,4,4,26.0,1200.0,1,49.0,220.582,0.88,Debian GNU/Linux 13 (trixie) aarch64,Linux,aarch64,3.10.20,0.7083333333333334,0.7084942084942085,0.7083333333333334,0.7082770596179818,0.7084942084942085,0.7083333333333333,0.7082770596179818
2026-07-06 00:58:02,c9160e6539125e06c66b22677b30e1ed0aad8c344173a6c30f97b14607f84244,c9160e65,ubuntu,quantum_circuit_qubit_sweep_codecarbon,55,-1,1,False,RY_RZ_LINEAR_4Q,PennyLane,0.42.3,default.qubit,RY_RZ_LINEAR,4,4,49,10,8,16,12,CNOT_LINEAR,36,0.08067299,0.520157,0.080673,0.692334,0.096892653,4.91671021303369e-07,0,9.20767805655487e-07,1.412438826958856e-06,5.19788299754283e-07,0.36800765,3.2.8,4,1,5,51.6035,1.01695596,2.82488e-07,52.47848643,Cortex-A53,4,4,25.9,1200.0,2,48.9,220.625,0.88,Debian GNU/Linux 13 (trixie) aarch64,Linux,aarch64,3.10.20,0.7083333333333334,0.7084942084942085,0.7083333333333334,0.7082770596179818,0.7084942084942085,0.7083333333333333,0.7082770596179818
2026-07-06 00:58:07,c9160e6539125e06c66b22677b30e1ed0aad8c344173a6c30f97b14607f84244,c9160e65,ubuntu,quantum_circuit_qubit_sweep_codecarbon,56,1,1,True,RY_RZ_LINEAR_4Q,PennyLane,0.42.3,default.qubit,RY_RZ_LINEAR,4,4,49,10,8,16,12,CNOT_LINEAR,36,0.01779644,0.504449,0.017796,0.693108,0.0912157542,4.891287231842096e-07,0,9.160937149620924e-07,1.405222438146302e-06,5.171326134338216e-07,0.36800765,3.2.8,4,1,5,54.8151,1.01176016,2.81044e-07,55.45972649,Cortex-A53,4,4,23.5,1200.0,1,48.9,220.6367,0.88,Debian GNU/Linux 13 (trixie) aarch64,Linux,aarch64,3.10.20,0.7083333333333334,0.7084942084942085,0.7083333333333334,0.7082770596179818,0.7084942084942085,0.7083333333333333,0.7082770596179818
2026-07-06 00:58:12,c9160e6539125e06c66b22677b30e1ed0aad8c344173a6c30f97b14607f84244,c9160e65,ubuntu,quantum_circuit_qubit_sweep_codecarbon,57,1,1,True,RY_RZ_LINEAR_4Q,PennyLane,0.42.3,default.qubit,RY_RZ_LINEAR,4,4,49,10,8,16,12,CNOT_LINEAR,36,0.18627553,0.546435,0.186276,0.688829,0.0895070101,4.88073696485824e-07,0,9.140750792964052e-07,1.402148775782229e-06,5.160014821566674e-07,0.36800765,3.2.8,4,1,5,55.8615,1.00954712,2.8043e-07,56.39486325,Cortex-A53,4,4,24.7,1200.0,2,48.7,220.582,0.88,Debian GNU/Linux 13 (trixie) aarch64,Linux,aarch64,3.10.20,0.7083333333333334,0.7084942084942085,0.7083333333333334,0.7082770596179818,0.7084942084942085,0.7083333333333333,0.7082770596179818
2026-07-06 00:58:17,c9160e6539125e06c66b22677b30e1ed0aad8c344173a6c30f97b14607f84244,c9160e65,ubuntu,quantum_circuit_qubit_sweep_codecarbon,58,-1,-1,True,RY_RZ_LINEAR_4Q,PennyLane,0.42.3,default.qubit,RY_RZ_LINEAR,4,4,49,10,8,16,12,CNOT_LINEAR,36,-0.2453624,0.561035,0.245362,0.685678,0.089279925,4.882615288305614e-07,0,9.144338616169988e-07,1.4026953904475605e-06,5.162026405375404e-07,0.36800765,3.2.8,4,1,5,56.0036,1.00994068,2.80539e-07,56.56034553,Cortex-A53,4,4,25.3,1200.0,2,48.7,220.5859,0.88,Debian GNU/Linux 13 (trixie) aarch64,Linux,aarch64,3.10.20,0.7083333333333334,0.7084942084942085,0.7083333333333334,0.7082770596179818,0.7084942084942085,0.7083333333333333,0.7082770596179818
2026-07-06 00:58:23,c9160e6539125e06c66b22677b30e1ed0aad8c344173a6c30f97b14607f84244,c9160e65,ubuntu,quantum_circuit_qubit_sweep_codecarbon,59,1,1,True,RY_RZ_LINEAR_4Q,PennyLane,0.42.3,default.qubit,RY_RZ_LINEAR,4,4,49,10,8,16,12,CNOT_LINEAR,36,0.17159951,0.542795,0.1716,0.68948,0.0898050761,4.887089436459873e-07,0,9.1522589015464e-07,1.4039348338006272e-06,5.166587651787184e-07,0.36800765,3.2.8,4,1,5,55.6761,1.01083308,2.80787e-07,56.27928419,Cortex-A53,4,4,25.0,1200.0,1,48.5,220.7109,0.88,Debian GNU/Linux 13 (trixie) aarch64,Linux,aarch64,3.10.20,0.7083333333333334,0.7084942084942085,0.7083333333333334,0.7082770596179818,0.7084942084942085,0.7083333333333333,0.7082770596179818
2026-07-06 00:58:28,c9160e6539125e06c66b22677b30e1ed0aad8c344173a6c30f97b14607f84244,c9160e65,ubuntu,quantum_circuit_qubit_sweep_codecarbon,60,-1,-1,True,RY_RZ_LINEAR_4Q,PennyLane,0.42.3,default.qubit,RY_RZ_LINEAR,4,4,49,10,8,16,12,CNOT_LINEAR,36,-0.11898045,0.52971,0.11898,0.691381,0.0898189279,4.884369173604581e-07,0,9.147927933372556e-07,1.4032297106977137e-06,5.163992744795212e-07,0.36800765,3.2.8,4,1,5,55.6676,1.01032539,2.80646e-07,56.24234307,Cortex-A53,4,4,25.0,1200.0,2,48.5,220.7461,0.88,Debian GNU/Linux 13 (trixie) aarch64,Linux,aarch64,3.10.20,0.7083333333333334,0.7084942084942085,0.7083333333333334,0.7082770596179818,0.7084942084942085,0.7083333333333333,0.7082770596179818
2026-07-06 00:58:33,c9160e6539125e06c66b22677b30e1ed0aad8c344173a6c30f97b14607f84244,c9160e65,ubuntu,quantum_circuit_qubit_sweep_codecarbon,61,-1,-1,True,RY_RZ_LINEAR_4Q,PennyLane,0.42.3,default.qubit,RY_RZ_LINEAR,4,4,49,10,8,16,12,CNOT_LINEAR,36,-0.10645295,0.526588,0.106453,0.691733,0.0899153838,4.885609772884184e-07,0,9.15015206555836e-07,1.4035761838442544e-06,5.165267792495073e-07,0.36800765,3.2.8,4,1,5,55.6078,1.01057485,2.80715e-07,56.19588157,Cortex-A53,4,4,23.2,1200.0,1,48.6,220.7461,0.88,Debian GNU/Linux 13 (trixie) aarch64,Linux,aarch64,3.10.20,0.7083333333333334,0.7084942084942085,0.7083333333333334,0.7082770596179818,0.7084942084942085,0.7083333333333333,0.7082770596179818
2026-07-06 00:58:38,c9160e6539125e06c66b22677b30e1ed0aad8c344173a6c30f97b14607f84244,c9160e65,ubuntu,quantum_circuit_qubit_sweep_codecarbon,62,-1,-1,True,RY_RZ_LINEAR_4Q,PennyLane,0.42.3,default.qubit,RY_RZ_LINEAR,4,4,49,10,8,16,12,CNOT_LINEAR,36,-0.19245818,0.547967,0.192458,0.688539,0.090756001,4.888710730214874e-07,0,9.155956048440808e-07,1.4044666778655683e-06,5.168544878655871e-07,0.36800765,3.2.8,4,1,5,55.0928,1.01121601,2.80893e-07,55.71069667,Cortex-A53,4,4,24.7,1200.0,1,48.5,220.707,0.88,Debian GNU/Linux 13 (trixie) aarch64,Linux,aarch64,3.10.20,0.7083333333333334,0.7084942084942085,0.7083333333333334,0.7082770596179818,0.7084942084942085,0.7083333333333333,0.7082770596179818
2026-07-06 00:58:43,c9160e6539125e06c66b22677b30e1ed0aad8c344173a6c30f97b14607f84244,c9160e65,ubuntu,quantum_circuit_qubit_sweep_codecarbon,63,-1,-1,True,RY_RZ_LINEAR_4Q,PennyLane,0.42.3,default.qubit,RY_RZ_LINEAR,4,4,49,10,8,16,12,CNOT_LINEAR,36,-0.03915397,0.509787,0.039154,0.692956,0.0921589069,4.895477289747861e-07,0,9.1680395087072e-07,1.406351679845506e-06,5.175481830228457e-07,0.36800765,3.2.8,4,1,5,54.2541,1.01257321,2.8127e-07,54.93626411,Cortex-A53,4,4,24.4,1200.0,1,48.6,220.6523,0.88,Debian GNU/Linux 13 (trixie) aarch64,Linux,aarch64,3.10.20,0.7083333333333334,0.7084942084942085,0.7083333333333334,0.7082770596179818,0.7084942084942085,0.7083333333333333,0.7082770596179818
2026-07-06 00:58:48,c9160e6539125e06c66b22677b30e1ed0aad8c344173a6c30f97b14607f84244,c9160e65,ubuntu,quantum_circuit_qubit_sweep_codecarbon,64,1,1,True,RY_RZ_LINEAR_4Q,PennyLane,0.42.3,default.qubit,RY_RZ_LINEAR,4,4,49,10,8,16,12,CNOT_LINEAR,36,0.03522435,0.508805,0.035224,0.692992,0.09401426,4.903665541981657e-07,0,9.18402225943282e-07,1.408768780141448e-06,5.184376944333103e-07,0.36800765,3.2.8,4,1,5,53.1834,1.01431352,2.81754e-07,53.94466339,Cortex-A53,4,4,26.6,1200.0,1,48.6,220.6562,0.88,Debian GNU/Linux 13 (trixie) aarch64,Linux,aarch64,3.10.20,0.7083333333333334,0.7084942084942085,0.7083333333333334,0.7082770596179818,0.7084942084942085,0.7083333333333333,0.7082770596179818
2026-07-06 00:58:53,c9160e6539125e06c66b22677b30e1ed0aad8c344173a6c30f97b14607f84244,c9160e65,ubuntu,quantum_circuit_qubit_sweep_codecarbon,65,-1,1,False,RY_RZ_LINEAR_4Q,PennyLane,0.42.3,default.qubit,RY_RZ_LINEAR,4,4,49,10,8,16,12,CNOT_LINEAR,36,0.00452361,0.501131,0.004524,0.693145,0.0900900599,4.885069692714347e-07,0,9.148723616575202e-07,1.4033793309289548e-06,5.164543358698775e-07,0.36800765,3.2.8,4,1,5,55.5,1.01043312,2.80676e-07,56.07905685,Cortex-A53,4,4,24.7,1200.0,2,48.7,220.6719,0.88,Debian GNU/Linux 13 (trixie) aarch64,Linux,aarch64,3.10.20,0.7083333333333334,0.7084942084942085,0.7083333333333334,0.7082770596179818,0.7084942084942085,0.7083333333333333,0.7082770596179818
2026-07-06 00:58:58,c9160e6539125e06c66b22677b30e1ed0aad8c344173a6c30f97b14607f84244,c9160e65,ubuntu,quantum_circuit_qubit_sweep_codecarbon,66,-1,1,False,RY_RZ_LINEAR_4Q,PennyLane,0.42.3,default.qubit,RY_RZ_LINEAR,4,4,49,10,8,16,12,CNOT_LINEAR,36,0.0035543,0.500889,0.003554,0.693146,0.0900280271,4.8862767416156e-07,0,9.151562790308768e-07,1.4037839531924367e-06,5.166032399599971e-07,0.36800765,3.2.8,4,1,5,55.5383,1.01072445,2.80757e-07,56.13387737,Cortex-A53,4,4,24.7,1200.0,2,48.7,220.6797,0.88,Debian GNU/Linux 13 (trixie) aarch64,Linux,aarch64,3.10.20,0.7083333333333334,0.7084942084942085,0.7083333333333334,0.7082770596179818,0.7084942084942085,0.7083333333333333,0.7082770596179818
2026-07-06 00:59:04,c9160e6539125e06c66b22677b30e1ed0aad8c344173a6c30f97b14607f84244,c9160e65,ubuntu,quantum_circuit_qubit_sweep_codecarbon,67,1,1,True,RY_RZ_LINEAR_4Q,PennyLane,0.42.3,default.qubit,RY_RZ_LINEAR,4,4,49,10,8,16,12,CNOT_LINEAR,36,0.12820212,0.532007,0.128202,0.691097,0.093077383,4.899666364201241e-07,0,9.175765551238632e-07,1.4075431915439872e-06,5.179866684482459e-07,0.36800765,3.2.8,4,1,5,53.7187,1.0134311,2.81509e-07,54.44024451,Cortex-A53,4,4,25.6,1200.0,1,48.8,220.7148,0.88,Debian GNU/Linux 13 (trixie) aarch64,Linux,aarch64,3.10.20,0.7083333333333334,0.7084942084942085,0.7083333333333334,0.7082770596179818,0.7084942084942085,0.7083333333333333,0.7082770596179818
2026-07-06 00:59:09,c9160e6539125e06c66b22677b30e1ed0aad8c344173a6c30f97b14607f84244,c9160e65,ubuntu,quantum_circuit_qubit_sweep_codecarbon,68,-1,-1,True,RY_RZ_LINEAR_4Q,PennyLane,0.42.3,default.qubit,RY_RZ_LINEAR,4,4,49,10,8,16,12,CNOT_LINEAR,36,-0.34273159,0.584854,0.342732,0.678677,0.089601828,4.884458004186551e-07,0,9.148002916481346e-07,1.4032460920667897e-06,5.164053029487314e-07,0.36800765,3.2.8,4,1,5,55.8024,1.01033719,2.80649e-07,56.37927309,Cortex-A53,4,4,25.9,1200.0,1,48.8,220.6602,0.88,Debian GNU/Linux 13 (trixie) aarch64,Linux,aarch64,3.10.20,0.7083333333333334,0.7084942084942085,0.7083333333333334,0.7082770596179818,0.7084942084942085,0.7083333333333333,0.7082770596179818
2026-07-06 00:59:14,c9160e6539125e06c66b22677b30e1ed0aad8c344173a6c30f97b14607f84244,c9160e65,ubuntu,quantum_circuit_qubit_sweep_codecarbon,69,-1,-1,True,RY_RZ_LINEAR_4Q,PennyLane,0.42.3,default.qubit,RY_RZ_LINEAR,4,4,49,10,8,16,12,CNOT_LINEAR,36,-0.12225556,0.530526,0.122256,0.691282,0.089884897,4.883050493275125e-07,0,9.14564290821242e-07,1.4028693401487546e-06,5.162666553590682e-07,0.36800765,3.2.8,4,1,5,55.6267,1.01006592,2.80574e-07,56.18663194,Cortex-A53,4,4,26.3,1200.0,1,48.8,220.7227,0.88,Debian GNU/Linux 13 (trixie) aarch64,Linux,aarch64,3.10.20,0.7083333333333334,0.7084942084942085,0.7083333333333334,0.7082770596179818,0.7084942084942085,0.7083333333333333,0.7082770596179818
2026-07-06 00:59:19,c9160e6539125e06c66b22677b30e1ed0aad8c344173a6c30f97b14607f84244,c9160e65,ubuntu,quantum_circuit_qubit_sweep_codecarbon,70,-1,1,False,RY_RZ_LINEAR_4Q,PennyLane,0.42.3,default.qubit,RY_RZ_LINEAR,4,4,49,10,8,16,12,CNOT_LINEAR,36,0.04614022,0.511533,0.04614,0.692881,0.0898360931,4.883068608211622e-07,0,9.144810241802286e-07,1.4027878850013908e-06,5.162366792413445e-07,0.36800765,3.2.8,4,1,5,55.6569,1.01000728,2.80558e-07,56.21389143,Cortex-A53,4,4,25.0,1200.0,3,48.8,220.7344,0.88,Debian GNU/Linux 13 (trixie) aarch64,Linux,aarch64,3.10.20,0.7083333333333334,0.7084942084942085,0.7083333333333334,0.7082770596179818,0.7084942084942085,0.7083333333333333,0.7082770596179818
2026-07-06 00:59:24,c9160e6539125e06c66b22677b30e1ed0aad8c344173a6c30f97b14607f84244,c9160e65,ubuntu,quantum_circuit_qubit_sweep_codecarbon,71,-1,-1,True,RY_RZ_LINEAR_4Q,PennyLane,0.42.3,default.qubit,RY_RZ_LINEAR,4,4,49,10,8,16,12,CNOT_LINEAR,36,-0.14231969,0.53552,0.14232,0.690622,0.0940683582,4.904046448775464e-07,0,9.184575432057804e-07,1.4088621880833269e-06,5.184720692709075e-07,0.36800765,3.2.8,4,1,5,53.1528,1.01438078,2.81772e-07,53.91721483,Cortex-A53,4,4,26.2,1200.0,1,48.8,220.6602,0.88,Debian GNU/Linux 13 (trixie) aarch64,Linux,aarch64,3.10.20,0.7083333333333334,0.7084942084942085,0.7083333333333334,0.7082770596179818,0.7084942084942085,0.7083333333333333,0.7082770596179818
2026-07-06 00:59:37,c9160e6539125e06c66b22677b30e1ed0aad8c344173a6c30f97b14607f84244,c9160e65,ubuntu,quantum_circuit_qubit_sweep_codecarbon,0,-1,1,False,RY_RZ_LINEAR_5Q,PennyLane,0.42.3,default.qubit,RY_RZ_LINEAR,5,4,61,10,10,20,16,CNOT_LINEAR,46,0.08942326,0.522341,0.089423,0.692149,0.1119388731,4.983657746472293e-07,0,9.333753300597892e-07,1.4317411047070186e-06,5.268916857138045e-07,0.36800765,3.2.8,5,1,6,53.6007,0.85904466,2.38624e-07,46.04538026,Cortex-A53,4,4,27.0,1200.0,2,49.2,220.7695,0.88,Debian GNU/Linux 13 (trixie) aarch64,Linux,aarch64,3.10.20,0.7916666666666666,0.8217021276595745,0.7916666666666666,0.7866877345447363,0.8217021276595745,0.7916666666666666,0.7866877345447363
2026-07-06 00:59:43,c9160e6539125e06c66b22677b30e1ed0aad8c344173a6c30f97b14607f84244,c9160e65,ubuntu,quantum_circuit_qubit_sweep_codecarbon,1,1,1,True,RY_RZ_LINEAR_5Q,PennyLane,0.42.3,default.qubit,RY_RZ_LINEAR,5,4,61,10,10,20,16,CNOT_LINEAR,46,0.32142528,0.579672,0.321425,0.680398,0.113405633,4.990000026238745e-07,0,9.346002173454812e-07,1.4336002199693557e-06,5.275758543608375e-07,0.36800765,3.2.8,5,1,6,52.9074,0.86016013,2.38933e-07,45.50885749,Cortex-A53,4,4,26.2,1200.0,1,49.2,220.6992,0.88,Debian GNU/Linux 13 (trixie) aarch64,Linux,aarch64,3.10.20,0.7916666666666666,0.8217021276595745,0.7916666666666666,0.7866877345447363,0.8217021276595745,0.7916666666666666,0.7866877345447363
2026-07-06 00:59:48,c9160e6539125e06c66b22677b30e1ed0aad8c344173a6c30f97b14607f84244,c9160e65,ubuntu,quantum_circuit_qubit_sweep_codecarbon,2,1,1,True,RY_RZ_LINEAR_5Q,PennyLane,0.42.3,default.qubit,RY_RZ_LINEAR,5,4,61,10,10,20,16,CNOT_LINEAR,46,0.25694785,0.563886,0.256948,0.684962,0.1113498101,4.971938668548073e-07,0,9.3123585160356e-07,1.4284297184583674e-06,5.256730702274813e-07,0.36800765,3.2.8,5,1,6,53.8842,0.85705783,2.38072e-07,46.18191068,Cortex-A53,4,4,24.6,1200.0,1,49.2,220.7812,0.88,Debian GNU/Linux 13 (trixie) aarch64,Linux,aarch64,3.10.20,0.7916666666666666,0.8217021276595745,0.7916666666666666,0.7866877345447363,0.8217021276595745,0.7916666666666666,0.7866877345447363
2026-07-06 00:59:53,c9160e6539125e06c66b22677b30e1ed0aad8c344173a6c30f97b14607f84244,c9160e65,ubuntu,quantum_circuit_qubit_sweep_codecarbon,3,1,1,True,RY_RZ_LINEAR_5Q,PennyLane,0.42.3,default.qubit,RY_RZ_LINEAR,5,4,61,10,10,20,16,CNOT_LINEAR,46,0.23006906,0.557265,0.230069,0.686574,0.1114267341,4.980776826296544e-07,0,9.328697648985932e-07,1.430947447528248e-06,5.265996137970127e-07,0.36800765,3.2.8,5,1,6,53.847,0.85856847,2.38491e-07,46.23137213,Cortex-A53,4,4,23.9,1200.0,1,49.1,220.7773,0.88,Debian GNU/Linux 13 (trixie) aarch64,Linux,aarch64,3.10.20,0.7916666666666666,0.8217021276595745,0.7916666666666666,0.7866877345447363,0.8217021276595745,0.7916666666666666,0.7866877345447363
2026-07-06 00:59:58,c9160e6539125e06c66b22677b30e1ed0aad8c344173a6c30f97b14607f84244,c9160e65,ubuntu,quantum_circuit_qubit_sweep_codecarbon,4,-1,-1,True,RY_RZ_LINEAR_5Q,PennyLane,0.42.3,default.qubit,RY_RZ_LINEAR,5,4,61,10,10,20,16,CNOT_LINEAR,46,-0.0878097,0.521938,0.08781,0.692184,0.111437045,4.981155564516895e-07,0,9.329175766712676e-07,1.4310331331229572e-06,5.266311467517413e-07,0.36800765,3.2.8,5,1,6,53.8421,0.85861988,2.38506e-07,46.22986259,Cortex-A53,4,4,24.6,1200.0,1,49.0,220.7969,0.88,Debian GNU/Linux 13 (trixie) aarch64,Linux,aarch64,3.10.20,0.7916666666666666,0.8217021276595745,0.7916666666666666,0.7866877345447363,0.8217021276595745,0.7916666666666666,0.7866877345447363
2026-07-06 01:00:03,c9160e6539125e06c66b22677b30e1ed0aad8c344173a6c30f97b14607f84244,c9160e65,ubuntu,quantum_circuit_qubit_sweep_codecarbon,5,1,1,True,RY_RZ_LINEAR_5Q,PennyLane,0.42.3,default.qubit,RY_RZ_LINEAR,5,4,61,10,10,20,16,CNOT_LINEAR,46,0.21493428,0.553528,0.214934,0.687406,0.1162522221,5.002262928626605e-07,0,9.369009983493016e-07,1.437127291211962e-06,5.288738435758848e-07,0.36800765,3.2.8,5,1,6,51.6119,0.86227637,2.39521e-07,44.5037364,Cortex-A53,4,4,25.8,1200.0,1,49.0,220.8555,0.88,Debian GNU/Linux 13 (trixie) aarch64,Linux,aarch64,3.10.20,0.7916666666666666,0.8217021276595745,0.7916666666666666,0.7866877345447363,0.8217021276595745,0.7916666666666666,0.7866877345447363
2026-07-06 01:00:08,c9160e6539125e06c66b22677b30e1ed0aad8c344173a6c30f97b14607f84244,c9160e65,ubuntu,quantum_circuit_qubit_sweep_codecarbon,6,1,1,True,RY_RZ_LINEAR_5Q,PennyLane,0.42.3,default.qubit,RY_RZ_LINEAR,5,4,61,10,10,20,16,CNOT_LINEAR,46,0.11533147,0.528801,0.115331,0.691487,0.110980897,4.979756488982175e-07,0,9.326493134722114e-07,1.4306249623704287e-06,5.264809367904908e-07,0.36800765,3.2.8,5,1,6,54.0634,0.85837498,2.38437e-07,46.40663398,Cortex-A53,4,4,25.4,1200.0,1,49.2,220.7773,0.88,Debian GNU/Linux 13 (trixie) aarch64,Linux,aarch64,3.10.20,0.7916666666666666,0.8217021276595745,0.7916666666666666,0.7866877345447363,0.8217021276595745,0.7916666666666666,0.7866877345447363
2026-07-06 01:00:13,c9160e6539125e06c66b22677b30e1ed0aad8c344173a6c30f97b14607f84244,c9160e65,ubuntu,quantum_circuit_qubit_sweep_codecarbon,7,1,1,True,RY_RZ_LINEAR_5Q,PennyLane,0.42.3,default.qubit,RY_RZ_LINEAR,5,4,61,10,10,20,16,CNOT_LINEAR,46,0.1471342,0.536717,0.147134,0.690448,0.11096303,4.975916185135695e-07,0,9.319220000179484e-07,1.429513618531518e-06,5.260719537510528e-07,0.36800765,3.2.8,5,1,6,54.0721,0.85770817,2.38252e-07,46.37805065,Cortex-A53,4,4,24.2,1200.0,2,49.2,220.7891,0.88,Debian GNU/Linux 13 (trixie) aarch64,Linux,aarch64,3.10.20,0.7916666666666666,0.8217021276595745,0.7916666666666666,0.7866877345447363,0.8217021276595745,0.7916666666666666,0.7866877345447363
2026-07-06 01:00:18,c9160e6539125e06c66b22677b30e1ed0aad8c344173a6c30f97b14607f84244,c9160e65,ubuntu,quantum_circuit_qubit_sweep_codecarbon,8,1,1,True,RY_RZ_LINEAR_5Q,PennyLane,0.42.3,default.qubit,RY_RZ_LINEAR,5,4,61,10,10,20,16,CNOT_LINEAR,46,0.30847792,0.576514,0.308478,0.681392,0.113074318,4.988398905015235e-07,0,9.342622908297928e-07,1.4331021813313162e-06,5.273925723298303e-07,0.36800765,3.2.8,5,1,6,53.0624,0.85986131,2.3885e-07,45.62634506,Cortex-A53,4,4,24.2,1200.0,1,48.7,220.793,0.88,Debian GNU/Linux 13 (trixie) aarch64,Linux,aarch64,3.10.20,0.7916666666666666,0.8217021276595745,0.7916666666666666,0.7866877345447363,0.8217021276595745,0.7916666666666666,0.7866877345447363
2026-07-06 01:00:24,c9160e6539125e06c66b22677b30e1ed0aad8c344173a6c30f97b14607f84244,c9160e65,ubuntu,quantum_circuit_qubit_sweep_codecarbon,9,-1,-1,True,RY_RZ_LINEAR_5Q,PennyLane,0.42.3,default.qubit,RY_RZ_LINEAR,5,4,61,10,10,20,16,CNOT_LINEAR,46,-0.2028163,0.550531,0.202816,0.688032,0.110852662,4.978619425867995e-07,0,9.32419099844992e-07,1.4302810424317915e-06,5.263543716205566e-07,0.36800765,3.2.8,5,1,6,54.1259,0.85816863,2.3838e-07,46.44914844,Cortex-A53,4,4,24.0,1200.0,3,48.9,220.707,0.88,Debian GNU/Linux 13 (trixie) aarch64,Linux,aarch64,3.10.20,0.7916666666666666,0.8217021276595745,0.7916666666666666,0.7866877345447363,0.8217021276595745,0.7916666666666666,0.7866877345447363
2026-07-06 01:00:29,c9160e6539125e06c66b22677b30e1ed0aad8c344173a6c30f97b14607f84244,c9160e65,ubuntu,quantum_circuit_qubit_sweep_codecarbon,10,1,1,True,RY_RZ_LINEAR_5Q,PennyLane,0.42.3,default.qubit,RY_RZ_LINEAR,5,4,61,10,10,20,16,CNOT_LINEAR,46,0.40869237,0.600774,0.408692,0.672696,0.111211773,4.979508824373305e-07,0,9.326273284386844e-07,1.4305782108760149e-06,5.264637318826898e-07,0.36800765,3.2.8,5,1,6,53.9511,0.85834693,2.3843e-07,46.30878027,Cortex-A53,4,4,25.4,1200.0,1,48.9,220.793,0.88,Debian GNU/Linux 13 (trixie) aarch64,Linux,aarch64,3.10.20,0.7916666666666666,0.8217021276595745,0.7916666666666666,0.7866877345447363,0.8217021276595745,0.7916666666666666,0.7866877345447363
2026-07-06 01:00:34,c9160e6539125e06c66b22677b30e1ed0aad8c344173a6c30f97b14607f84244,c9160e65,ubuntu,quantum_circuit_qubit_sweep_codecarbon,11,1,1,True,RY_RZ_LINEAR_5Q,PennyLane,0.42.3,default.qubit,RY_RZ_LINEAR,5,4,61,10,10,20,16,CNOT_LINEAR,46,0.17167496,0.542814,0.171675,0.689477,0.1113826039,4.980810445009007e-07,0,9.3285218172241e-07,1.4309332262233109e-06,5.265943802479396e-07,0.36800765,3.2.8,5,1,6,53.8684,0.85855994,2.38489e-07,46.24922955,Cortex-A53,4,4,25.4,1200.0,1,48.7,220.793,0.88,Debian GNU/Linux 13 (trixie) aarch64,Linux,aarch64,3.10.20,0.7916666666666666,0.8217021276595745,0.7916666666666666,0.7866877345447363,0.8217021276595745,0.7916666666666666,0.7866877345447363
2026-07-06 01:00:39,c9160e6539125e06c66b22677b30e1ed0aad8c344173a6c30f97b14607f84244,c9160e65,ubuntu,quantum_circuit_qubit_sweep_codecarbon,12,-1,-1,True,RY_RZ_LINEAR_5Q,PennyLane,0.42.3,default.qubit,RY_RZ_LINEAR,5,4,61,10,10,20,16,CNOT_LINEAR,46,-0.03323075,0.508307,0.033231,0.693009,0.1144519059,4.994080422653092e-07,0,9.353409100246306e-07,1.43474895228994e-06,5.279985966477194e-07,0.36800765,3.2.8,5,1,6,52.4238,0.86084937,2.39125e-07,45.12896649,Cortex-A53,4,4,25.8,1200.0,1,48.7,220.7148,0.88,Debian GNU/Linux 13 (trixie) aarch64,Linux,aarch64,3.10.20,0.7916666666666666,0.8217021276595745,0.7916666666666666,0.7866877345447363,0.8217021276595745,0.7916666666666666,0.7866877345447363
2026-07-06 01:00:44,c9160e6539125e06c66b22677b30e1ed0aad8c344173a6c30f97b14607f84244,c9160e65,ubuntu,quantum_circuit_qubit_sweep_codecarbon,13,1,1,True,RY_RZ_LINEAR_5Q,PennyLane,0.42.3,default.qubit,RY_RZ_LINEAR,5,4,61,10,10,20,16,CNOT_LINEAR,46,0.24073305,0.559894,0.240733,0.685955,0.1110097379,4.979590840844645e-07,0,9.326432975164304e-07,1.4306023816008949e-06,5.26472626894459e-07,0.36800765,3.2.8,5,1,6,54.0493,0.85836143,2.38434e-07,46.39384498,Cortex-A53,4,4,25.4,1200.0,1,49.0,220.7383,0.88,Debian GNU/Linux 13 (trixie) aarch64,Linux,aarch64,3.10.20,0.7916666666666666,0.8217021276595745,0.7916666666666666,0.7866877345447363,0.8217021276595745,0.7916666666666666,0.7866877345447363
2026-07-06 01:00:49,c9160e6539125e06c66b22677b30e1ed0aad8c344173a6c30f97b14607f84244,c9160e65,ubuntu,quantum_circuit_qubit_sweep_codecarbon,14,1,1,True,RY_RZ_LINEAR_5Q,PennyLane,0.42.3,default.qubit,RY_RZ_LINEAR,5,4,61,10,10,20,16,CNOT_LINEAR,46,0.37500094,0.592667,0.375001,0.675873,0.1109198411,4.978633132866687e-07,0,9.324342999995376e-07,1.4302976132862063e-06,5.263604698218218e-07,0.36800765,3.2.8,5,1,6,54.0931,0.85817857,2.38383e-07,46.42155413,Cortex-A53,4,4,25.4,1200.0,1,49.0,220.7422,0.88,Debian GNU/Linux 13 (trixie) aarch64,Linux,aarch64,3.10.20,0.7916666666666666,0.8217021276595745,0.7916666666666666,0.7866877345447363,0.8217021276595745,0.7916666666666666,0.7866877345447363
2026-07-06 01:00:54,c9160e6539125e06c66b22677b30e1ed0aad8c344173a6c30f97b14607f84244,c9160e65,ubuntu,quantum_circuit_qubit_sweep_codecarbon,15,-1,1,False,RY_RZ_LINEAR_5Q,PennyLane,0.42.3,default.qubit,RY_RZ_LINEAR,5,4,61,10,10,20,16,CNOT_LINEAR,46,0.08701134,0.521739,0.087011,0.692202,0.113008576,4.989018409202496e-07,0,9.342684332902232e-07,1.433170274210473e-06,5.274176310305732e-07,0.36800765,3.2.8,5,1,6,53.0933,0.85990216,2.38862e-07,45.65505708,Cortex-A53,4,4,26.2,1200.0,2,49.0,220.793,0.88,Debian GNU/Linux 13 (trixie) aarch64,Linux,aarch64,3.10.20,0.7916666666666666,0.8217021276595745,0.7916666666666666,0.7866877345447363,0.8217021276595745,0.7916666666666666,0.7866877345447363
2026-07-06 01:01:00,c9160e6539125e06c66b22677b30e1ed0aad8c344173a6c30f97b14607f84244,c9160e65,ubuntu,quantum_circuit_qubit_sweep_codecarbon,16,1,1,True,RY_RZ_LINEAR_5Q,PennyLane,0.42.3,default.qubit,RY_RZ_LINEAR,5,4,61,10,10,20,16,CNOT_LINEAR,46,0.1556716,0.538839,0.155672,0.690127,0.1112670219,4.980014264670645e-07,0,9.327498076405996e-07,1.430751234107664e-06,5.265274057563332e-07,0.36800765,3.2.8,5,1,6,53.9243,0.85845074,2.38459e-07,46.29138407,Cortex-A53,4,4,25.8,1200.0,1,49.0,220.7773,0.88,Debian GNU/Linux 13 (trixie) aarch64,Linux,aarch64,3.10.20,0.7916666666666666,0.8217021276595745,0.7916666666666666,0.7866877345447363,0.8217021276595745,0.7916666666666666,0.7866877345447363
2026-07-06 01:01:05,c9160e6539125e06c66b22677b30e1ed0aad8c344173a6c30f97b14607f84244,c9160e65,ubuntu,quantum_circuit_qubit_sweep_codecarbon,17,1,-1,False,RY_RZ_LINEAR_5Q,PennyLane,0.42.3,default.qubit,RY_RZ_LINEAR,5,4,61,10,10,20,16,CNOT_LINEAR,46,-0.07390434,0.518468,0.073904,0.692465,0.1143491368,4.994503472658755e-07,0,9.354310275133078e-07,1.4348813747791833e-06,5.280473291373815e-07,0.36800765,3.2.8,5,1,6,52.4709,0.86092882,2.39147e-07,45.17369429,Cortex-A53,4,4,26.5,1200.0,1,49.0,220.7891,0.88,Debian GNU/Linux 13 (trixie) aarch64,Linux,aarch64,3.10.20,0.7916666666666666,0.8217021276595745,0.7916666666666666,0.7866877345447363,0.8217021276595745,0.7916666666666666,0.7866877345447363
2026-07-06 01:01:10,c9160e6539125e06c66b22677b30e1ed0aad8c344173a6c30f97b14607f84244,c9160e65,ubuntu,quantum_circuit_qubit_sweep_codecarbon,18,-1,-1,True,RY_RZ_LINEAR_5Q,PennyLane,0.42.3,default.qubit,RY_RZ_LINEAR,5,4,61,10,10,20,16,CNOT_LINEAR,46,-0.17452533,0.543521,0.174525,0.689354,0.1121207119,4.984772608925898e-07,0,9.335654009676847e-07,1.432042661860275e-06,5.270026610544549e-07,0.36800765,3.2.8,5,1,6,53.5138,0.8592256,2.38674e-07,45.98038572,Cortex-A53,4,4,25.0,1200.0,1,48.8,220.8555,0.88,Debian GNU/Linux 13 (trixie) aarch64,Linux,aarch64,3.10.20,0.7916666666666666,0.8217021276595745,0.7916666666666666,0.7866877345447363,0.8217021276595745,0.7916666666666666,0.7866877345447363
2026-07-06 01:01:15,c9160e6539125e06c66b22677b30e1ed0aad8c344173a6c30f97b14607f84244,c9160e65,ubuntu,quantum_circuit_qubit_sweep_codecarbon,19,1,1,True,RY_RZ_LINEAR_5Q,PennyLane,0.42.3,default.qubit,RY_RZ_LINEAR,5,4,61,10,10,20,16,CNOT_LINEAR,46,0.276144,0.568601,0.276144,0.683705,0.1116324321,4.979203359948264e-07,0,9.325152643335362e-07,1.4304356003283628e-06,5.264112501095494e-07,0.36800765,3.2.8,5,1,6,53.7478,0.85826136,2.38406e-07,46.12967813,Cortex-A53,4,4,26.1,1200.0,1,48.9,220.7617,0.88,Debian GNU/Linux 13 (trixie) aarch64,Linux,aarch64,3.10.20,0.7916666666666666,0.8217021276595745,0.7916666666666666,0.7866877345447363,0.8217021276595745,0.7916666666666666,0.7866877345447363
2026-07-06 01:01:20,c9160e6539125e06c66b22677b30e1ed0aad8c344173a6c30f97b14607f84244,c9160e65,ubuntu,quantum_circuit_qubit_sweep_codecarbon,20,-1,-1,True,RY_RZ_LINEAR_5Q,PennyLane,0.42.3,default.qubit,RY_RZ_LINEAR,5,4,61,10,10,20,16,CNOT_LINEAR,46,-0.20352855,0.550707,0.203529,0.687996,0.1116145139,4.973441977053881e-07,0,9.31445334184294e-07,1.428789531889682e-06,5.258054843243768e-07,0.36800765,3.2.8,5,1,6,53.7564,0.85727372,2.38132e-07,46.08399154,Cortex-A53,4,4,25.0,1200.0,1,49.0,220.8633,0.88,Debian GNU/Linux 13 (trixie) aarch64,Linux,aarch64,3.10.20,0.7916666666666666,0.8217021276595745,0.7916666666666666,0.7866877345447363,0.8217021276595745,0.7916666666666666,0.7866877345447363
2026-07-06 01:01:25,c9160e6539125e06c66b22677b30e1ed0aad8c344173a6c30f97b14607f84244,c9160e65,ubuntu,quantum_circuit_qubit_sweep_codecarbon,21,1,1,True,RY_RZ_LINEAR_5Q,PennyLane,0.42.3,default.qubit,RY_RZ_LINEAR,5,4,61,10,10,20,16,CNOT_LINEAR,46,0.27413269,0.568107,0.274133,0.683841,0.1704798741,5.259102164871163e-07,0,9.849490242777392e-07,1.5108592407648557e-06,5.560077653884034e-07,0.36800765,3.2.8,5,1,6,35.1948,0.90651554,2.5181e-07,31.9046063,Cortex-A53,4,4,26.1,1200.0,4,50.4,220.9609,0.88,Debian GNU/Linux 13 (trixie) aarch64,Linux,aarch64,3.10.20,0.7916666666666666,0.8217021276595745,0.7916666666666666,0.7866877345447363,0.8217021276595745,0.7916666666666666,0.7866877345447363
2026-07-06 01:01:31,c9160e6539125e06c66b22677b30e1ed0aad8c344173a6c30f97b14607f84244,c9160e65,ubuntu,quantum_circuit_qubit_sweep_codecarbon,22,1,1,True,RY_RZ_LINEAR_5Q,PennyLane,0.42.3,default.qubit,RY_RZ_LINEAR,5,4,61,10,10,20,16,CNOT_LINEAR,46,0.18968954,0.547281,0.18969,0.68867,0.1113437312,4.981600177379402e-07,0,9.329938675121716e-07,1.4311538852501115e-06,5.266755844588245e-07,0.36800765,3.2.8,5,1,6,53.8872,0.85869233,2.38526e-07,46.27251065,Cortex-A53,4,4,25.4,1200.0,1,50.4,220.9688,0.88,Debian GNU/Linux 13 (trixie) aarch64,Linux,aarch64,3.10.20,0.7916666666666666,0.8217021276595745,0.7916666666666666,0.7866877345447363,0.8217021276595745,0.7916666666666666,0.7866877345447363
2026-07-06 01:01:36,c9160e6539125e06c66b22677b30e1ed0aad8c344173a6c30f97b14607f84244,c9160e65,ubuntu,quantum_circuit_qubit_sweep_codecarbon,23,-1,1,False,RY_RZ_LINEAR_5Q,PennyLane,0.42.3,default.qubit,RY_RZ_LINEAR,5,4,61,10,10,20,16,CNOT_LINEAR,46,0.14104273,0.535202,0.141043,0.690667,0.1114239891,4.981832746479572e-07,0,9.330461548718934e-07,1.4312294295198509e-06,5.267033853283378e-07,0.36800765,3.2.8,5,1,6,53.8484,0.85873766,2.38538e-07,46.24162166,Cortex-A53,4,4,25.4,1200.0,1,50.3,220.9688,0.88,Debian GNU/Linux 13 (trixie) aarch64,Linux,aarch64,3.10.20,0.7916666666666666,0.8217021276595745,0.7916666666666666,0.7866877345447363,0.8217021276595745,0.7916666666666666,0.7866877345447363
2026-07-06 01:01:41,c9160e6539125e06c66b22677b30e1ed0aad8c344173a6c30f97b14607f84244,c9160e65,ubuntu,quantum_circuit_qubit_sweep_codecarbon,24,1,1,True,RY_RZ_LINEAR_5Q,PennyLane,0.42.3,default.qubit,RY_RZ_LINEAR,5,4,61,10,10,20,16,CNOT_LINEAR,46,0.21095767,0.552545,0.210958,0.687615,0.111228677,4.979180800211098e-07,0,9.325332559334736e-07,1.4304513359545831e-06,5.26417040940446e-07,0.36800765,3.2.8,5,1,6,53.9429,0.8582708,2.38409e-07,46.29763609,Cortex-A53,4,4,25.0,1200.0,1,50.3,220.9258,0.88,Debian GNU/Linux 13 (trixie) aarch64,Linux,aarch64,3.10.20,0.7916666666666666,0.8217021276595745,0.7916666666666666,0.7866877345447363,0.8217021276595745,0.7916666666666666,0.7866877345447363
2026-07-06 01:01:46,c9160e6539125e06c66b22677b30e1ed0aad8c344173a6c30f97b14607f84244,c9160e65,ubuntu,quantum_circuit_qubit_sweep_codecarbon,25,1,-1,False,RY_RZ_LINEAR_5Q,PennyLane,0.42.3,default.qubit,RY_RZ_LINEAR,5,4,61,10,10,20,16,CNOT_LINEAR,46,-0.03367727,0.508419,0.033677,0.693005,0.11139279,4.981003178076612e-07,0,9.3286757338016e-07,1.4309678911878211e-06,5.266071372202204e-07,0.36800765,3.2.8,5,1,6,53.8635,0.85858073,2.38495e-07,46.24612068,Cortex-A53,4,4,26.1,1200.0,1,50.4,220.9219,0.88,Debian GNU/Linux 13 (trixie) aarch64,Linux,aarch64,3.10.20,0.7916666666666666,0.8217021276595745,0.7916666666666666,0.7866877345447363,0.8217021276595745,0.7916666666666666,0.7866877345447363
2026-07-06 01:01:51,c9160e6539125e06c66b22677b30e1ed0aad8c344173a6c30f97b14607f84244,c9160e65,ubuntu,quantum_circuit_qubit_sweep_codecarbon,26,1,1,True,RY_RZ_LINEAR_5Q,PennyLane,0.42.3,default.qubit,RY_RZ_LINEAR,5,4,61,10,10,20,16,CNOT_LINEAR,46,0.27855556,0.569192,0.278556,0.683541,0.112612624,4.986254008900788e-07,0,9.33891383271354e-07,1.4325167841614328e-06,5.271771416904235e-07,0.36800765,3.2.8,5,1,6,53.28,0.85951007,2.38753e-07,45.79469194,Cortex-A53,4,4,25.0,1200.0,2,50.4,220.9375,0.88,Debian GNU/Linux 13 (trixie) aarch64,Linux,aarch64,3.10.20,0.7916666666666666,0.8217021276595745,0.7916666666666666,0.7866877345447363,0.8217021276595745,0.7916666666666666,0.7866877345447363
2026-07-06 01:01:56,c9160e6539125e06c66b22677b30e1ed0aad8c344173a6c30f97b14607f84244,c9160e65,ubuntu,quantum_circuit_qubit_sweep_codecarbon,27,-1,-1,True,RY_RZ_LINEAR_5Q,PennyLane,0.42.3,default.qubit,RY_RZ_LINEAR,5,4,61,10,10,20,16,CNOT_LINEAR,46,-0.13951179,0.534821,0.139512,0.69072,0.1167345762,5.004358309786828e-07,0,9.372745974299808e-07,1.4377104284086637e-06,5.290884425278619e-07,0.36800765,3.2.8,5,1,6,51.3987,0.86262626,2.39618e-07,44.33782785,Cortex-A53,4,4,25.4,1200.0,2,49.4,221.0273,0.88,Debian GNU/Linux 13 (trixie) aarch64,Linux,aarch64,3.10.20,0.7916666666666666,0.8217021276595745,0.7916666666666666,0.7866877345447363,0.8217021276595745,0.7916666666666666,0.7866877345447363
2026-07-06 01:02:01,c9160e6539125e06c66b22677b30e1ed0aad8c344173a6c30f97b14607f84244,c9160e65,ubuntu,quantum_circuit_qubit_sweep_codecarbon,28,-1,-1,True,RY_RZ_LINEAR_5Q,PennyLane,0.42.3,default.qubit,RY_RZ_LINEAR,5,4,61,10,10,20,16,CNOT_LINEAR,46,-0.10034016,0.525064,0.10034,0.69189,0.1111791402,4.980741653384434e-07,0,9.327973999703924e-07,1.4308715653088356e-06,5.265716885594328e-07,0.36800765,3.2.8,5,1,6,53.967,0.85852294,2.38479e-07,46.3318715,Cortex-A53,4,4,25.4,1200.0,1,49.4,221.0547,0.88,Debian GNU/Linux 13 (trixie) aarch64,Linux,aarch64,3.10.20,0.7916666666666666,0.8217021276595745,0.7916666666666666,0.7866877345447363,0.8217021276595745,0.7916666666666666,0.7866877345447363
2026-07-06 01:02:06,c9160e6539125e06c66b22677b30e1ed0aad8c344173a6c30f97b14607f84244,c9160e65,ubuntu,quantum_circuit_qubit_sweep_codecarbon,29,1,1,True,RY_RZ_LINEAR_5Q,PennyLane,0.42.3,default.qubit,RY_RZ_LINEAR,5,4,61,10,10,20,16,CNOT_LINEAR,46,0.18299557,0.545622,0.182996,0.688979,0.11473969,4.996209783065651e-07,0,9.35684697663722e-07,1.435305675970287e-06,5.282034752234971e-07,0.36800765,3.2.8,5,1,6,52.2923,0.86118341,2.39218e-07,45.03324381,Cortex-A53,4,4,25.7,1200.0,1,49.2,220.9805,0.88,Debian GNU/Linux 13 (trixie) aarch64,Linux,aarch64,3.10.20,0.7916666666666666,0.8217021276595745,0.7916666666666666,0.7866877345447363,0.8217021276595745,0.7916666666666666,0.7866877345447363
2026-07-06 01:02:12,c9160e6539125e06c66b22677b30e1ed0aad8c344173a6c30f97b14607f84244,c9160e65,ubuntu,quantum_circuit_qubit_sweep_codecarbon,30,-1,-1,True,RY_RZ_LINEAR_5Q,PennyLane,0.42.3,default.qubit,RY_RZ_LINEAR,5,4,61,10,10,20,16,CNOT_LINEAR,46,-0.01705244,0.504263,0.017052,0.693111,0.1118813211,4.982476415263531e-07,0,9.331820115524656e-07,1.4314296530788186e-06,5.267770691306379e-07,0.36800765,3.2.8,5,1,6,53.6283,0.85885779,2.38572e-07,46.05904455,Cortex-A53,4,4,24.6,1200.0,2,49.3,221.0117,0.88,Debian GNU/Linux 13 (trixie) aarch64,Linux,aarch64,3.10.20,0.7916666666666666,0.8217021276595745,0.7916666666666666,0.7866877345447363,0.8217021276595745,0.7916666666666666,0.7866877345447363
2026-07-06 01:02:17,c9160e6539125e06c66b22677b30e1ed0aad8c344173a6c30f97b14607f84244,c9160e65,ubuntu,quantum_circuit_qubit_sweep_codecarbon,31,-1,-1,True,RY_RZ_LINEAR_5Q,PennyLane,0.42.3,default.qubit,RY_RZ_LINEAR,5,4,61,10,10,20,16,CNOT_LINEAR,46,-0.03732812,0.509331,0.037328,0.692973,0.1114321039,4.981187821427956e-07,0,9.329436775684976e-07,1.4310624597112934e-06,5.266419391607277e-07,0.36800765,3.2.8,5,1,6,53.8444,0.85863748,2.3851e-07,46.23285996,Cortex-A53,4,4,23.5,1200.0,1,49.3,220.9297,0.88,Debian GNU/Linux 13 (trixie) aarch64,Linux,aarch64,3.10.20,0.7916666666666666,0.8217021276595745,0.7916666666666666,0.7866877345447363,0.8217021276595745,0.7916666666666666,0.7866877345447363
2026-07-06 01:02:22,c9160e6539125e06c66b22677b30e1ed0aad8c344173a6c30f97b14607f84244,c9160e65,ubuntu,quantum_circuit_qubit_sweep_codecarbon,32,-1,-1,True,RY_RZ_LINEAR_5Q,PennyLane,0.42.3,default.qubit,RY_RZ_LINEAR,5,4,61,10,10,20,16,CNOT_LINEAR,46,-0.10153766,0.525363,0.101538,0.69186,0.111367624,4.980685687948924e-07,0,9.328539543397104e-07,1.4309225231346026e-06,5.265904414293689e-07,0.36800765,3.2.8,5,1,6,53.8756,0.85855351,2.38487e-07,46.25510447,Cortex-A53,4,4,26.4,1200.0,1,49.1,220.9297,0.88,Debian GNU/Linux 13 (trixie) aarch64,Linux,aarch64,3.10.20,0.7916666666666666,0.8217021276595745,0.7916666666666666,0.7866877345447363,0.8217021276595745,0.7916666666666666,0.7866877345447363
2026-07-06 01:02:27,c9160e6539125e06c66b22677b30e1ed0aad8c344173a6c30f97b14607f84244,c9160e65,ubuntu,quantum_circuit_qubit_sweep_codecarbon,33,-1,1,False,RY_RZ_LINEAR_5Q,PennyLane,0.42.3,default.qubit,RY_RZ_LINEAR,5,4,61,10,10,20,16,CNOT_LINEAR,46,0.15471221,0.538601,0.154712,0.690164,0.11311907,4.988368229284723e-07,0,9.342896125356976e-07,1.43312643546417e-06,5.274014980363724e-07,0.36800765,3.2.8,5,1,6,53.0415,0.85987586,2.38854e-07,45.60906636,Cortex-A53,4,4,24.6,1200.0,1,49.1,220.8828,0.88,Debian GNU/Linux 13 (trixie) aarch64,Linux,aarch64,3.10.20,0.7916666666666666,0.8217021276595745,0.7916666666666666,0.7866877345447363,0.8217021276595745,0.7916666666666666,0.7866877345447363
2026-07-06 01:02:32,c9160e6539125e06c66b22677b30e1ed0aad8c344173a6c30f97b14607f84244,c9160e65,ubuntu,quantum_circuit_qubit_sweep_codecarbon,34,1,1,True,RY_RZ_LINEAR_5Q,PennyLane,0.42.3,default.qubit,RY_RZ_LINEAR,5,4,61,10,10,20,16,CNOT_LINEAR,46,0.33623459,0.583276,0.336235,0.679213,0.1124033439,4.98558388505545e-07,0,9.337655608154212e-07,1.4323239493209662e-06,5.271061769930885e-07,0.36800765,3.2.8,5,1,6,53.3792,0.85939437,2.38721e-07,45.87377954,Cortex-A53,4,4,25.4,1200.0,1,49.1,220.9922,0.88,Debian GNU/Linux 13 (trixie) aarch64,Linux,aarch64,3.10.20,0.7916666666666666,0.8217021276595745,0.7916666666666666,0.7866877345447363,0.8217021276595745,0.7916666666666666,0.7866877345447363
2026-07-06 01:02:37,c9160e6539125e06c66b22677b30e1ed0aad8c344173a6c30f97b14607f84244,c9160e65,ubuntu,quantum_circuit_qubit_sweep_codecarbon,35,-1,1,False,RY_RZ_LINEAR_5Q,PennyLane,0.42.3,default.qubit,RY_RZ_LINEAR,5,4,61,10,10,20,16,CNOT_LINEAR,46,0.15159594,0.537827,0.151596,0.690283,0.1112586099,4.981320480199529e-07,0,9.329622574538614e-07,1.4310943054738145e-06,5.26653658645097e-07,0.36800765,3.2.8,5,1,6,53.9284,0.85865658,2.38516e-07,46.3059848,Cortex-A53,4,4,24.6,1200.0,3,49.1,220.9961,0.88,Debian GNU/Linux 13 (trixie) aarch64,Linux,aarch64,3.10.20,0.7916666666666666,0.8217021276595745,0.7916666666666666,0.7866877345447363,0.8217021276595745,0.7916666666666666,0.7866877345447363
2026-07-06 01:02:42,c9160e6539125e06c66b22677b30e1ed0aad8c344173a6c30f97b14607f84244,c9160e65,ubuntu,quantum_circuit_qubit_sweep_codecarbon,36,1,1,True,RY_RZ_LINEAR_5Q,PennyLane,0.42.3,default.qubit,RY_RZ_LINEAR,5,4,61,10,10,20,16,CNOT_LINEAR,46,0.16000925,0.539917,0.160009,0.689957,0.112315217,4.984978047800321e-07,0,9.336026950040832e-07,1.4321004997841154e-06,5.270239458531455e-07,0.36800765,3.2.8,5,1,6,53.4211,0.8592603,2.38683e-07,45.90261173,Cortex-A53,4,4,26.1,1200.0,2,49.1,221.0625,0.88,Debian GNU/Linux 13 (trixie) aarch64,Linux,aarch64,3.10.20,0.7916666666666666,0.8217021276595745,0.7916666666666666,0.7866877345447363,0.8217021276595745,0.7916666666666666,0.7866877345447363
2026-07-06 01:02:48,c9160e6539125e06c66b22677b30e1ed0aad8c344173a6c30f97b14607f84244,c9160e65,ubuntu,quantum_circuit_qubit_sweep_codecarbon,37,-1,1,False,RY_RZ_LINEAR_5Q,PennyLane,0.42.3,default.qubit,RY_RZ_LINEAR,5,4,61,10,10,20,16,CNOT_LINEAR,46,0.19291397,0.548079,0.192914,0.688517,0.1113353269,4.980740475778779e-07,0,9.328669274691492e-07,1.430940975047027e-06,5.265972318743802e-07,0.36800765,3.2.8,5,1,6,53.8913,0.85856459,2.3849e-07,46.26911918,Cortex-A53,4,4,24.6,1200.0,2,49.1,221.0742,0.88,Debian GNU/Linux 13 (trixie) aarch64,Linux,aarch64,3.10.20,0.7916666666666666,0.8217021276595745,0.7916666666666666,0.7866877345447363,0.8217021276595745,0.7916666666666666,0.7866877345447363
2026-07-06 01:02:53,c9160e6539125e06c66b22677b30e1ed0aad8c344173a6c30f97b14607f84244,c9160e65,ubuntu,quantum_circuit_qubit_sweep_codecarbon,38,-1,-1,True,RY_RZ_LINEAR_5Q,PennyLane,0.42.3,default.qubit,RY_RZ_LINEAR,5,4,61,10,10,20,16,CNOT_LINEAR,46,-0.02089571,0.505224,0.020896,0.693093,0.1110968899,4.979486547731706e-07,0,9.326367115136236e-07,1.4305853662867943e-06,5.264663651286273e-07,0.36800765,3.2.8,5,1,6,54.0069,0.85835122,2.38431e-07,46.35689911,Cortex-A53,4,4,24.3,1200.0,1,49.2,221.0938,0.88,Debian GNU/Linux 13 (trixie) aarch64,Linux,aarch64,3.10.20,0.7916666666666666,0.8217021276595745,0.7916666666666666,0.7866877345447363,0.8217021276595745,0.7916666666666666,0.7866877345447363
2026-07-06 01:02:58,c9160e6539125e06c66b22677b30e1ed0aad8c344173a6c30f97b14607f84244,c9160e65,ubuntu,quantum_circuit_qubit_sweep_codecarbon,39,-1,1,False,RY_RZ_LINEAR_5Q,PennyLane,0.42.3,default.qubit,RY_RZ_LINEAR,5,4,61,10,10,20,16,CNOT_LINEAR,46,0.16656375,0.541545,0.166564,0.689691,0.111330481,4.980673296170726e-07,0,9.328291924127067e-07,1.4308965220297794e-06,5.2658087282377e-07,0.36800765,3.2.8,5,1,6,53.8936,0.85853791,2.38483e-07,46.26969571,Cortex-A53,4,4,23.9,1200.0,1,49.1,221.082,0.88,Debian GNU/Linux 13 (trixie) aarch64,Linux,aarch64,3.10.20,0.7916666666666666,0.8217021276595745,0.7916666666666666,0.7866877345447363,0.8217021276595745,0.7916666666666666,0.7866877345447363
2026-07-06 01:03:03,c9160e6539125e06c66b22677b30e1ed0aad8c344173a6c30f97b14607f84244,c9160e65,ubuntu,quantum_circuit_qubit_sweep_codecarbon,40,-1,-1,True,RY_RZ_LINEAR_5Q,PennyLane,0.42.3,default.qubit,RY_RZ_LINEAR,5,4,61,10,10,20,16,CNOT_LINEAR,46,-0.1306548,0.532617,0.130655,0.691018,0.1182812168,5.012064435415799e-07,0,9.386128701347238e-07,1.4398193136763035e-06,5.298645284486967e-07,0.36800765,3.2.8,5,1,6,50.7266,0.86389159,2.3997e-07,43.82225402,Cortex-A53,4,4,25.4,1200.0,2,49.3,221.25,0.88,Debian GNU/Linux 13 (trixie) aarch64,Linux,aarch64,3.10.20,0.7916666666666666,0.8217021276595745,0.7916666666666666,0.7866877345447363,0.8217021276595745,0.7916666666666666,0.7866877345447363
2026-07-06 01:03:08,c9160e6539125e06c66b22677b30e1ed0aad8c344173a6c30f97b14607f84244,c9160e65,ubuntu,quantum_circuit_qubit_sweep_codecarbon,41,-1,1,False,RY_RZ_LINEAR_5Q,PennyLane,0.42.3,default.qubit,RY_RZ_LINEAR,5,4,61,10,10,20,16,CNOT_LINEAR,46,0.0753503,0.518829,0.07535,0.692438,0.114538582,4.99476472950644e-07,0,9.354853201269482e-07,1.434961793077592e-06,5.280769236867531e-07,0.36800765,3.2.8,5,1,6,52.3841,0.86097708,2.3916e-07,45.10150521,Cortex-A53,4,4,24.7,1200.0,2,49.2,221.1328,0.88,Debian GNU/Linux 13 (trixie) aarch64,Linux,aarch64,3.10.20,0.7916666666666666,0.8217021276595745,0.7916666666666666,0.7866877345447363,0.8217021276595745,0.7916666666666666,0.7866877345447363
2026-07-06 01:03:13,c9160e6539125e06c66b22677b30e1ed0aad8c344173a6c30f97b14607f84244,c9160e65,ubuntu,quantum_circuit_qubit_sweep_codecarbon,42,-1,-1,True,RY_RZ_LINEAR_5Q,PennyLane,0.42.3,default.qubit,RY_RZ_LINEAR,5,4,61,10,10,20,16,CNOT_LINEAR,46,-0.18733435,0.546697,0.187334,0.68878,0.1128377079,4.987201074966126e-07,0,9.340320224873724e-07,1.432752129983985e-06,5.272637507545642e-07,0.36800765,3.2.8,5,1,6,53.1737,0.85965128,2.38792e-07,45.71085115,Cortex-A53,4,4,26.1,1200.0,2,49.1,221.0469,0.88,Debian GNU/Linux 13 (trixie) aarch64,Linux,aarch64,3.10.20,0.7916666666666666,0.8217021276595745,0.7916666666666666,0.7866877345447363,0.8217021276595745,0.7916666666666666,0.7866877345447363
2026-07-06 01:03:19,c9160e6539125e06c66b22677b30e1ed0aad8c344173a6c30f97b14607f84244,c9160e65,ubuntu,quantum_circuit_qubit_sweep_codecarbon,43,1,1,True,RY_RZ_LINEAR_5Q,PennyLane,0.42.3,default.qubit,RY_RZ_LINEAR,5,4,61,10,10,20,16,CNOT_LINEAR,46,0.3113364,0.577211,0.311336,0.681176,0.11304583,4.987798248314196e-07,0,9.341678207662578e-07,1.4329476455976773e-06,5.273357019969662e-07,0.36800765,3.2.8,5,1,6,53.0758,0.85976859,2.38825e-07,45.63292182,Cortex-A53,4,4,25.7,1200.0,1,49.1,221.1875,0.88,Debian GNU/Linux 13 (trixie) aarch64,Linux,aarch64,3.10.20,0.7916666666666666,0.8217021276595745,0.7916666666666666,0.7866877345447363,0.8217021276595745,0.7916666666666666,0.7866877345447363
2026-07-06 01:03:24,c9160e6539125e06c66b22677b30e1ed0aad8c344173a6c30f97b14607f84244,c9160e65,ubuntu,quantum_circuit_qubit_sweep_codecarbon,44,1,1,True,RY_RZ_LINEAR_5Q,PennyLane,0.42.3,default.qubit,RY_RZ_LINEAR,5,4,61,10,10,20,16,CNOT_LINEAR,46,0.23308361,0.558009,0.233084,0.686402,0.111362299,4.98104315975474e-07,0,9.328702957524608e-07,1.4309746117279349e-06,5.266096104304243e-07,0.36800765,3.2.8,5,1,6,53.8782,0.85858477,2.38496e-07,46.25900014,Cortex-A53,4,4,25.0,1200.0,2,49.1,221.1914,0.88,Debian GNU/Linux 13 (trixie) aarch64,Linux,aarch64,3.10.20,0.7916666666666666,0.8217021276595745,0.7916666666666666,0.7866877345447363,0.8217021276595745,0.7916666666666666,0.7866877345447363
2026-07-06 01:03:29,c9160e6539125e06c66b22677b30e1ed0aad8c344173a6c30f97b14607f84244,c9160e65,ubuntu,quantum_circuit_qubit_sweep_codecarbon,45,1,1,True,RY_RZ_LINEAR_5Q,PennyLane,0.42.3,default.qubit,RY_RZ_LINEAR,5,4,61,10,10,20,16,CNOT_LINEAR,46,0.29193901,0.572471,0.291939,0.682606,0.1119710431,4.983201255141142e-07,0,9.333077849199376e-07,1.4316279104340517e-06,5.268500293549135e-07,0.36800765,3.2.8,5,1,6,53.5853,0.85897675,2.38605e-07,46.02851181,Cortex-A53,4,4,25.0,1200.0,1,49.0,221.1953,0.88,Debian GNU/Linux 13 (trixie) aarch64,Linux,aarch64,3.10.20,0.7916666666666666,0.8217021276595745,0.7916666666666666,0.7866877345447363,0.8217021276595745,0.7916666666666666,0.7866877345447363
2026-07-06 01:03:34,c9160e6539125e06c66b22677b30e1ed0aad8c344173a6c30f97b14607f84244,c9160e65,ubuntu,quantum_circuit_qubit_sweep_codecarbon,46,1,1,True,RY_RZ_LINEAR_5Q,PennyLane,0.42.3,default.qubit,RY_RZ_LINEAR,5,4,61,10,10,20,16,CNOT_LINEAR,46,0.34015773,0.584229,0.340158,0.67889,0.1113644319,4.980407578407776e-07,0,9.327864258860548e-07,1.4308271837268324e-06,5.265553557975392e-07,0.36800765,3.2.8,5,1,6,53.8772,0.85849631,2.38471e-07,46.25334834,Cortex-A53,4,4,25.4,1200.0,1,49.0,221.1953,0.88,Debian GNU/Linux 13 (trixie) aarch64,Linux,aarch64,3.10.20,0.7916666666666666,0.8217021276595745,0.7916666666666666,0.7866877345447363,0.8217021276595745,0.7916666666666666,0.7866877345447363
2026-07-06 01:03:39,c9160e6539125e06c66b22677b30e1ed0aad8c344173a6c30f97b14607f84244,c9160e65,ubuntu,quantum_circuit_qubit_sweep_codecarbon,47,1,1,True,RY_RZ_LINEAR_5Q,PennyLane,0.42.3,default.qubit,RY_RZ_LINEAR,5,4,61,10,10,20,16,CNOT_LINEAR,46,0.16514856,0.541194,0.165149,0.68975,0.1160864839,5.001585262103214e-07,0,9.367704634011412e-07,1.436928989611463e-06,5.288008670690126e-07,0.36800765,3.2.8,5,1,6,51.6856,0.86215739,2.39488e-07,44.56112536,Cortex-A53,4,4,25.7,1200.0,1,49.1,221.1719,0.88,Debian GNU/Linux 13 (trixie) aarch64,Linux,aarch64,3.10.20,0.7916666666666666,0.8217021276595745,0.7916666666666666,0.7866877345447363,0.8217021276595745,0.7916666666666666,0.7866877345447363
2026-07-06 01:03:44,c9160e6539125e06c66b22677b30e1ed0aad8c344173a6c30f97b14607f84244,c9160e65,ubuntu,quantum_circuit_qubit_sweep_codecarbon,48,1,1,True,RY_RZ_LINEAR_5Q,PennyLane,0.42.3,default.qubit,RY_RZ_LINEAR,5,4,61,10,10,20,16,CNOT_LINEAR,46,0.29693273,0.573693,0.296933,0.682246,0.111064432,4.979571521699011e-07,0,9.326513423972452e-07,1.4306084945671464e-06,5.26474876512831e-07,0.36800765,3.2.8,5,1,6,54.0227,0.8583651,2.38435e-07,46.37119634,Cortex-A53,4,4,24.7,1200.0,1,49.2,221.1172,0.88,Debian GNU/Linux 13 (trixie) aarch64,Linux,aarch64,3.10.20,0.7916666666666666,0.8217021276595745,0.7916666666666666,0.7866877345447363,0.8217021276595745,0.7916666666666666,0.7866877345447363
2026-07-06 01:03:49,c9160e6539125e06c66b22677b30e1ed0aad8c344173a6c30f97b14607f84244,c9160e65,ubuntu,quantum_circuit_qubit_sweep_codecarbon,49,-1,1,False,RY_RZ_LINEAR_5Q,PennyLane,0.42.3,default.qubit,RY_RZ_LINEAR,5,4,61,10,10,20,16,CNOT_LINEAR,46,0.00679657,0.501699,0.006797,0.693141,0.11151198,4.98186100481285e-07,0,9.330587108464292e-07,1.431244811327714e-06,5.267090459513707e-07,0.36800765,3.2.8,5,1,6,53.8059,0.85874689,2.38541e-07,46.20563031,Cortex-A53,4,4,26.0,1200.0,1,49.2,221.1289,0.88,Debian GNU/Linux 13 (trixie) aarch64,Linux,aarch64,3.10.20,0.7916666666666666,0.8217021276595745,0.7916666666666666,0.7866877345447363,0.8217021276595745,0.7916666666666666,0.7866877345447363
2026-07-06 01:03:55,c9160e6539125e06c66b22677b30e1ed0aad8c344173a6c30f97b14607f84244,c9160e65,ubuntu,quantum_circuit_qubit_sweep_codecarbon,50,-1,1,False,RY_RZ_LINEAR_5Q,PennyLane,0.42.3,default.qubit,RY_RZ_LINEAR,5,4,61,10,10,20,16,CNOT_LINEAR,46,0.02297186,0.505743,0.022972,0.693081,0.112247912,4.9851125654661e-07,0,9.336319633681948e-07,1.4321432199148049e-06,5.27039667188238e-07,0.36800765,3.2.8,5,1,6,53.4531,0.85928593,2.38691e-07,45.93150555,Cortex-A53,4,4,25.0,1200.0,1,48.8,221.1211,0.88,Debian GNU/Linux 13 (trixie) aarch64,Linux,aarch64,3.10.20,0.7916666666666666,0.8217021276595745,0.7916666666666666,0.7866877345447363,0.8217021276595745,0.7916666666666666,0.7866877345447363
2026-07-06 01:04:00,c9160e6539125e06c66b22677b30e1ed0aad8c344173a6c30f97b14607f84244,c9160e65,ubuntu,quantum_circuit_qubit_sweep_codecarbon,51,1,1,True,RY_RZ_LINEAR_5Q,PennyLane,0.42.3,default.qubit,RY_RZ_LINEAR,5,4,61,10,10,20,16,CNOT_LINEAR,46,0.15110619,0.537705,0.151106,0.690301,0.111354636,4.980498482587595e-07,0,9.32790685716706e-07,1.4308405339754657e-06,5.26560268791225e-07,0.36800765,3.2.8,5,1,6,53.8819,0.85850432,2.38473e-07,46.25784885,Cortex-A53,4,4,25.7,1200.0,1,48.9,221.2227,0.88,Debian GNU/Linux 13 (trixie) aarch64,Linux,aarch64,3.10.20,0.7916666666666666,0.8217021276595745,0.7916666666666666,0.7866877345447363,0.8217021276595745,0.7916666666666666,0.7866877345447363
2026-07-06 01:04:05,c9160e6539125e06c66b22677b30e1ed0aad8c344173a6c30f97b14607f84244,c9160e65,ubuntu,quantum_circuit_qubit_sweep_codecarbon,52,1,1,True,RY_RZ_LINEAR_5Q,PennyLane,0.42.3,default.qubit,RY_RZ_LINEAR,5,4,61,10,10,20,16,CNOT_LINEAR,46,0.31577228,0.578294,0.315772,0.680837,0.1110417719,4.979328080947756e-07,0,9.326026157941668e-07,1.4305354238889424e-06,5.264479859439365e-07,0.36800765,3.2.8,5,1,6,54.0337,0.85832125,2.38423e-07,46.37829022,Cortex-A53,4,4,25.7,1200.0,1,48.9,221.2344,0.88,Debian GNU/Linux 13 (trixie) aarch64,Linux,aarch64,3.10.20,0.7916666666666666,0.8217021276595745,0.7916666666666666,0.7866877345447363,0.8217021276595745,0.7916666666666666,0.7866877345447363
2026-07-06 01:04:10,c9160e6539125e06c66b22677b30e1ed0aad8c344173a6c30f97b14607f84244,c9160e65,ubuntu,quantum_circuit_qubit_sweep_codecarbon,53,1,1,True,RY_RZ_LINEAR_5Q,PennyLane,0.42.3,default.qubit,RY_RZ_LINEAR,5,4,61,10,10,20,16,CNOT_LINEAR,46,0.11490285,0.528694,0.114903,0.6915,0.1154066392,5.004173440651761e-07,0,9.37196720042266e-07,1.437614064107442e-06,5.290529797273972e-07,0.36800765,3.2.8,5,1,6,51.9901,0.86256844,2.39602e-07,44.84499911,Cortex-A53,4,4,26.0,1200.0,2,49.0,221.1797,0.88,Debian GNU/Linux 13 (trixie) aarch64,Linux,aarch64,3.10.20,0.7916666666666666,0.8217021276595745,0.7916666666666666,0.7866877345447363,0.8217021276595745,0.7916666666666666,0.7866877345447363
2026-07-06 01:04:15,c9160e6539125e06c66b22677b30e1ed0aad8c344173a6c30f97b14607f84244,c9160e65,ubuntu,quantum_circuit_qubit_sweep_codecarbon,54,-1,-1,True,RY_RZ_LINEAR_5Q,PennyLane,0.42.3,default.qubit,RY_RZ_LINEAR,5,4,61,10,10,20,16,CNOT_LINEAR,46,-0.20715512,0.551604,0.207155,0.687812,0.1114139559,4.980689764229788e-07,0,9.328660124447196e-07,1.4309349888676984e-06,5.265950289145664e-07,0.36800765,3.2.8,5,1,6,53.8532,0.85856099,2.38489e-07,46.2362719,Cortex-A53,4,4,25.7,1200.0,1,49.0,221.2109,0.88,Debian GNU/Linux 13 (trixie) aarch64,Linux,aarch64,3.10.20,0.7916666666666666,0.8217021276595745,0.7916666666666666,0.7866877345447363,0.8217021276595745,0.7916666666666666,0.7866877345447363
2026-07-06 01:04:20,c9160e6539125e06c66b22677b30e1ed0aad8c344173a6c30f97b14607f84244,c9160e65,ubuntu,quantum_circuit_qubit_sweep_codecarbon,55,-1,1,False,RY_RZ_LINEAR_5Q,PennyLane,0.42.3,default.qubit,RY_RZ_LINEAR,5,4,61,10,10,20,16,CNOT_LINEAR,46,0.1508164,0.537633,0.150816,0.690312,0.1111370819,4.979117751742403e-07,0,9.325761642927924e-07,1.4304879394670329e-06,5.26430511313207e-07,0.36800765,3.2.8,5,1,6,53.9874,0.85829276,2.38415e-07,46.33697858,Cortex-A53,4,4,26.4,1200.0,2,49.0,221.1836,0.88,Debian GNU/Linux 13 (trixie) aarch64,Linux,aarch64,3.10.20,0.7916666666666666,0.8217021276595745,0.7916666666666666,0.7866877345447363,0.8217021276595745,0.7916666666666666,0.7866877345447363
2026-07-06 01:04:26,c9160e6539125e06c66b22677b30e1ed0aad8c344173a6c30f97b14607f84244,c9160e65,ubuntu,quantum_circuit_qubit_sweep_codecarbon,56,1,1,True,RY_RZ_LINEAR_5Q,PennyLane,0.42.3,default.qubit,RY_RZ_LINEAR,5,4,61,10,10,20,16,CNOT_LINEAR,46,0.12721056,0.53176,0.127211,0.691128,0.1111932271,4.980139928973383e-07,0,9.32711573356452e-07,1.4307255662537905e-06,5.265179597896346e-07,0.36800765,3.2.8,5,1,6,53.9601,0.85843534,2.38454e-07,46.32127488,Cortex-A53,4,4,26.0,1200.0,1,48.9,221.1992,0.88,Debian GNU/Linux 13 (trixie) aarch64,Linux,aarch64,3.10.20,0.7916666666666666,0.8217021276595745,0.7916666666666666,0.7866877345447363,0.8217021276595745,0.7916666666666666,0.7866877345447363
2026-07-06 01:04:31,c9160e6539125e06c66b22677b30e1ed0aad8c344173a6c30f97b14607f84244,c9160e65,ubuntu,quantum_circuit_qubit_sweep_codecarbon,57,1,1,True,RY_RZ_LINEAR_5Q,PennyLane,0.42.3,default.qubit,RY_RZ_LINEAR,5,4,61,10,10,20,16,CNOT_LINEAR,46,0.30752379,0.576281,0.307524,0.681464,0.1113961418,4.981165812868212e-07,0,9.329334842429186e-07,1.4310500655297397e-06,5.266373780070453e-07,0.36800765,3.2.8,5,1,6,53.8618,0.85863004,2.38508e-07,46.2473848,Cortex-A53,4,4,26.4,1200.0,1,48.9,221.2031,0.88,Debian GNU/Linux 13 (trixie) aarch64,Linux,aarch64,3.10.20,0.7916666666666666,0.8217021276595745,0.7916666666666666,0.7866877345447363,0.8217021276595745,0.7916666666666666,0.7866877345447363
2026-07-06 01:04:36,c9160e6539125e06c66b22677b30e1ed0aad8c344173a6c30f97b14607f84244,c9160e65,ubuntu,quantum_circuit_qubit_sweep_codecarbon,58,-1,-1,True,RY_RZ_LINEAR_5Q,PennyLane,0.42.3,default.qubit,RY_RZ_LINEAR,5,4,61,10,10,20,16,CNOT_LINEAR,46,-0.08963646,0.522394,0.089636,0.692144,0.111975356,4.98332520028775e-07,0,9.333214967045932e-07,1.4316540167333682e-06,5.268596366728911e-07,0.36800765,3.2.8,5,1,6,53.5832,0.85899241,2.38609e-07,46.02757825,Cortex-A53,4,4,24.7,1200.0,1,48.8,221.1562,0.88,Debian GNU/Linux 13 (trixie) aarch64,Linux,aarch64,3.10.20,0.7916666666666666,0.8217021276595745,0.7916666666666666,0.7866877345447363,0.8217021276595745,0.7916666666666666,0.7866877345447363
2026-07-06 01:04:41,c9160e6539125e06c66b22677b30e1ed0aad8c344173a6c30f97b14607f84244,c9160e65,ubuntu,quantum_circuit_qubit_sweep_codecarbon,59,1,1,True,RY_RZ_LINEAR_5Q,PennyLane,0.42.3,default.qubit,RY_RZ_LINEAR,5,4,61,10,10,20,16,CNOT_LINEAR,46,0.23227168,0.557808,0.232272,0.686449,0.1126743611,4.986109235841367e-07,0,9.338825116477286e-07,1.4324934352318654e-06,5.271685491056197e-07,0.36800765,3.2.8,5,1,6,53.2508,0.85949606,2.38749e-07,45.76885386,Cortex-A53,4,4,25.3,1200.0,1,49.0,221.2617,0.88,Debian GNU/Linux 13 (trixie) aarch64,Linux,aarch64,3.10.20,0.7916666666666666,0.8217021276595745,0.7916666666666666,0.7866877345447363,0.8217021276595745,0.7916666666666666,0.7866877345447363
2026-07-06 01:04:46,c9160e6539125e06c66b22677b30e1ed0aad8c344173a6c30f97b14607f84244,c9160e65,ubuntu,quantum_circuit_qubit_sweep_codecarbon,60,-1,1,False,RY_RZ_LINEAR_5Q,PennyLane,0.42.3,default.qubit,RY_RZ_LINEAR,5,4,61,10,10,20,16,CNOT_LINEAR,46,0.0477811,0.511943,0.047781,0.692862,0.1113867119,4.98088932906588e-07,0,9.328274766448886e-07,1.4309164095514763e-06,5.265881915839824e-07,0.36800765,3.2.8,5,1,6,53.8664,0.85854985,2.38486e-07,46.24698031,Cortex-A53,4,4,25.3,1200.0,2,49.0,221.2852,0.88,Debian GNU/Linux 13 (trixie) aarch64,Linux,aarch64,3.10.20,0.7916666666666666,0.8217021276595745,0.7916666666666666,0.7866877345447363,0.8217021276595745,0.7916666666666666,0.7866877345447363
2026-07-06 01:04:52,c9160e6539125e06c66b22677b30e1ed0aad8c344173a6c30f97b14607f84244,c9160e65,ubuntu,quantum_circuit_qubit_sweep_codecarbon,61,-1,-1,True,RY_RZ_LINEAR_5Q,PennyLane,0.42.3,default.qubit,RY_RZ_LINEAR,5,4,61,10,10,20,16,CNOT_LINEAR,46,-0.18993255,0.547341,0.189933,0.688658,0.111934677,4.984079790819023e-07,0,9.334925282746552e-07,1.4319005073565575e-06,5.269503471089735e-07,0.36800765,3.2.8,5,1,6,53.6027,0.8591403,2.3865e-07,46.052233,Cortex-A53,4,4,26.0,1200.0,2,49.2,221.293,0.88,Debian GNU/Linux 13 (trixie) aarch64,Linux,aarch64,3.10.20,0.7916666666666666,0.8217021276595745,0.7916666666666666,0.7866877345447363,0.8217021276595745,0.7916666666666666,0.7866877345447363
2026-07-06 01:04:57,c9160e6539125e06c66b22677b30e1ed0aad8c344173a6c30f97b14607f84244,c9160e65,ubuntu,quantum_circuit_qubit_sweep_codecarbon,62,-1,-1,True,RY_RZ_LINEAR_5Q,PennyLane,0.42.3,default.qubit,RY_RZ_LINEAR,5,4,61,10,10,20,16,CNOT_LINEAR,46,-0.08094856,0.520226,0.080949,0.692329,0.111231243,4.980108951114946e-07,0,9.32689489175876e-07,1.4307003842873706e-06,5.265086926332382e-07,0.36800765,3.2.8,5,1,6,53.9417,0.85842023,2.3845e-07,46.30462849,Cortex-A53,4,4,24.7,1200.0,1,49.0,221.168,0.88,Debian GNU/Linux 13 (trixie) aarch64,Linux,aarch64,3.10.20,0.7916666666666666,0.8217021276595745,0.7916666666666666,0.7866877345447363,0.8217021276595745,0.7916666666666666,0.7866877345447363
2026-07-06 01:05:02,c9160e6539125e06c66b22677b30e1ed0aad8c344173a6c30f97b14607f84244,c9160e65,ubuntu,quantum_circuit_qubit_sweep_codecarbon,63,-1,-1,True,RY_RZ_LINEAR_5Q,PennyLane,0.42.3,default.qubit,RY_RZ_LINEAR,5,4,61,10,10,20,16,CNOT_LINEAR,46,-0.05765945,0.514411,0.057659,0.692732,0.111983581,4.983503110706806e-07,0,9.333802775169412e-07,1.4317305885876217e-06,5.268878157013714e-07,0.36800765,3.2.8,5,1,6,53.5793,0.85903835,2.38622e-07,46.02665921,Cortex-A53,4,4,23.7,1200.0,1,49.0,221.168,0.88,Debian GNU/Linux 13 (trixie) aarch64,Linux,aarch64,3.10.20,0.7916666666666666,0.8217021276595745,0.7916666666666666,0.7866877345447363,0.8217021276595745,0.7916666666666666,0.7866877345447363
2026-07-06 01:05:07,c9160e6539125e06c66b22677b30e1ed0aad8c344173a6c30f97b14607f84244,c9160e65,ubuntu,quantum_circuit_qubit_sweep_codecarbon,64,1,1,True,RY_RZ_LINEAR_5Q,PennyLane,0.42.3,default.qubit,RY_RZ_LINEAR,5,4,61,10,10,20,16,CNOT_LINEAR,46,0.21068276,0.552477,0.210683,0.687629,0.1110569718,4.979532553049043e-07,0,9.32608619138288e-07,1.4305618744431923e-06,5.264577199503648e-07,0.36800765,3.2.8,5,1,6,54.0263,0.85833712,2.38427e-07,46.37280004,Cortex-A53,4,4,26.0,1200.0,2,49.1,221.2656,0.88,Debian GNU/Linux 13 (trixie) aarch64,Linux,aarch64,3.10.20,0.7916666666666666,0.8217021276595745,0.7916666666666666,0.7866877345447363,0.8217021276595745,0.7916666666666666,0.7866877345447363
2026-07-06 01:05:12,c9160e6539125e06c66b22677b30e1ed0aad8c344173a6c30f97b14607f84244,c9160e65,ubuntu,quantum_circuit_qubit_sweep_codecarbon,65,-1,-1,True,RY_RZ_LINEAR_5Q,PennyLane,0.42.3,default.qubit,RY_RZ_LINEAR,5,4,61,10,10,20,16,CNOT_LINEAR,46,-0.02180534,0.505451,0.021805,0.693088,0.1143550752,4.994027356222515e-07,0,9.353687524950752e-07,1.434771488117327e-06,5.28006890004697e-07,0.36800765,3.2.8,5,1,6,52.4682,0.86086289,2.39129e-07,45.16788913,Cortex-A53,4,4,25.7,1200.0,1,49.0,221.2656,0.88,Debian GNU/Linux 13 (trixie) aarch64,Linux,aarch64,3.10.20,0.7916666666666666,0.8217021276595745,0.7916666666666666,0.7866877345447363,0.8217021276595745,0.7916666666666666,0.7866877345447363
2026-07-06 01:05:17,c9160e6539125e06c66b22677b30e1ed0aad8c344173a6c30f97b14607f84244,c9160e65,ubuntu,quantum_circuit_qubit_sweep_codecarbon,66,-1,-1,True,RY_RZ_LINEAR_5Q,PennyLane,0.42.3,default.qubit,RY_RZ_LINEAR,5,4,61,10,10,20,16,CNOT_LINEAR,46,-0.05692453,0.514227,0.056925,0.692742,0.113561434,4.990674510805144e-07,0,9.34675305810136e-07,1.4337427568906505e-06,5.276283090389148e-07,0.36800765,3.2.8,5,1,6,52.8348,0.86024565,2.38957e-07,45.45094003,Cortex-A53,4,4,25.3,1200.0,2,49.1,221.3086,0.88,Debian GNU/Linux 13 (trixie) aarch64,Linux,aarch64,3.10.20,0.7916666666666666,0.8217021276595745,0.7916666666666666,0.7866877345447363,0.8217021276595745,0.7916666666666666,0.7866877345447363
2026-07-06 01:05:22,c9160e6539125e06c66b22677b30e1ed0aad8c344173a6c30f97b14607f84244,c9160e65,ubuntu,quantum_circuit_qubit_sweep_codecarbon,67,1,1,True,RY_RZ_LINEAR_5Q,PennyLane,0.42.3,default.qubit,RY_RZ_LINEAR,5,4,61,10,10,20,16,CNOT_LINEAR,46,0.18544002,0.546228,0.18544,0.688867,0.1112044172,4.980716675312982e-07,0,9.32844453297245e-07,1.4309161208285432e-06,5.265880853317329e-07,0.36800765,3.2.8,5,1,6,53.9547,0.85854967,2.38486e-07,46.32278254,Cortex-A53,4,4,24.7,1200.0,1,49.1,221.3086,0.88,Debian GNU/Linux 13 (trixie) aarch64,Linux,aarch64,3.10.20,0.7916666666666666,0.8217021276595745,0.7916666666666666,0.7866877345447363,0.8217021276595745,0.7916666666666666,0.7866877345447363
2026-07-06 01:05:27,c9160e6539125e06c66b22677b30e1ed0aad8c344173a6c30f97b14607f84244,c9160e65,ubuntu,quantum_circuit_qubit_sweep_codecarbon,68,-1,-1,True,RY_RZ_LINEAR_5Q,PennyLane,0.42.3,default.qubit,RY_RZ_LINEAR,5,4,61,10,10,20,16,CNOT_LINEAR,46,-0.19001322,0.547361,0.190013,0.688654,0.1119271719,4.983720333418913e-07,0,9.334083332214504e-07,1.4317803665633418e-06,5.269061343774591e-07,0.36800765,3.2.8,5,1,6,53.6063,0.85906822,2.3863e-07,46.05145677,Cortex-A53,4,4,25.7,1200.0,1,49.1,221.2617,0.88,Debian GNU/Linux 13 (trixie) aarch64,Linux,aarch64,3.10.20,0.7916666666666666,0.8217021276595745,0.7916666666666666,0.7866877345447363,0.8217021276595745,0.7916666666666666,0.7866877345447363
2026-07-06 01:05:33,c9160e6539125e06c66b22677b30e1ed0aad8c344173a6c30f97b14607f84244,c9160e65,ubuntu,quantum_circuit_qubit_sweep_codecarbon,69,-1,-1,True,RY_RZ_LINEAR_5Q,PennyLane,0.42.3,default.qubit,RY_RZ_LINEAR,5,4,61,10,10,20,16,CNOT_LINEAR,46,-0.21917262,0.554575,0.219173,0.687178,0.1114350921,4.980822692897401e-07,0,9.328715266504636e-07,1.4309537959402038e-06,5.26601950061206e-07,0.36800765,3.2.8,5,1,6,53.843,0.85857228,2.38492e-07,46.22810975,Cortex-A53,4,4,24.7,1200.0,2,49.1,221.2656,0.88,Debian GNU/Linux 13 (trixie) aarch64,Linux,aarch64,3.10.20,0.7916666666666666,0.8217021276595745,0.7916666666666666,0.7866877345447363,0.8217021276595745,0.7916666666666666,0.7866877345447363
2026-07-06 01:05:38,c9160e6539125e06c66b22677b30e1ed0aad8c344173a6c30f97b14607f84244,c9160e65,ubuntu,quantum_circuit_qubit_sweep_codecarbon,70,-1,1,False,RY_RZ_LINEAR_5Q,PennyLane,0.42.3,default.qubit,RY_RZ_LINEAR,5,4,61,10,10,20,16,CNOT_LINEAR,46,0.01942076,0.504855,0.019421,0.6931,0.1111401969,4.980897151140704e-07,0,9.32871174106064e-07,1.4309608892201344e-06,5.266045604425156e-07,0.36800765,3.2.8,5,1,6,53.9859,0.85857653,2.38493e-07,46.35099941,Cortex-A53,4,4,26.3,1200.0,1,49.2,221.3398,0.88,Debian GNU/Linux 13 (trixie) aarch64,Linux,aarch64,3.10.20,0.7916666666666666,0.8217021276595745,0.7916666666666666,0.7866877345447363,0.8217021276595745,0.7916666666666666,0.7866877345447363
2026-07-06 01:05:43,c9160e6539125e06c66b22677b30e1ed0aad8c344173a6c30f97b14607f84244,c9160e65,ubuntu,quantum_circuit_qubit_sweep_codecarbon,71,-1,-1,True,RY_RZ_LINEAR_5Q,PennyLane,0.42.3,default.qubit,RY_RZ_LINEAR,5,4,61,10,10,20,16,CNOT_LINEAR,46,-0.22952534,0.557131,0.229525,0.686605,0.1125201359,4.986277005213773e-07,0,9.33853758421416e-07,1.4324814589427935e-06,5.271641417395694e-07,0.36800765,3.2.8,5,1,6,53.3238,0.85948888,2.38747e-07,45.83120354,Cortex-A53,4,4,24.3,1200.0,1,49.1,221.1953,0.88,Debian GNU/Linux 13 (trixie) aarch64,Linux,aarch64,3.10.20,0.7916666666666666,0.8217021276595745,0.7916666666666666,0.7866877345447363,0.8217021276595745,0.7916666666666666,0.7866877345447363
2026-07-06 01:05:51,c9160e6539125e06c66b22677b30e1ed0aad8c344173a6c30f97b14607f84244,c9160e65,ubuntu,quantum_circuit_qubit_sweep_codecarbon,0,-1,1,False,RX_RY_RING_1Q,PennyLane,0.42.3,default.qubit,RX_RY_RING,1,4,13,14,2,12,0,CNOT_RING,14,0.07413692,0.518526,0.074137,0.692461,0.0337544621,4.635106001373011e-07,0,8.680781058501451e-07,1.331588705987446e-06,4.900348363741084e-07,0.36800765,3.2.8,1,1,2,59.2514,2.39685967,6.65794e-07,142.01735229,Cortex-A53,4,4,25.0,1200.0,2,49.1,221.1641,0.88,Debian GNU/Linux 13 (trixie) aarch64,Linux,aarch64,3.10.20,0.7222222222222222,0.7285714285714285,0.7222222222222222,0.7202797202797204,0.7285714285714286,0.7222222222222222,0.7202797202797203
2026-07-06 01:05:56,c9160e6539125e06c66b22677b30e1ed0aad8c344173a6c30f97b14607f84244,c9160e65,ubuntu,quantum_circuit_qubit_sweep_codecarbon,1,1,1,True,RX_RY_RING_1Q,PennyLane,0.42.3,default.qubit,RX_RY_RING,1,4,13,14,2,12,0,CNOT_RING,14,0.04071363,0.510177,0.040714,0.69294,0.031187292,4.6246416864051933e-07,0,8.660933924450849e-07,1.3285575610856043e-06,4.889193518485027e-07,0.36800765,3.2.8,1,1,2,64.1287,2.39140361,6.64279e-07,153.35756714,Cortex-A53,4,4,26.3,1200.0,1,49.2,221.3242,0.88,Debian GNU/Linux 13 (trixie) aarch64,Linux,aarch64,3.10.20,0.7222222222222222,0.7285714285714285,0.7222222222222222,0.7202797202797204,0.7285714285714286,0.7222222222222222,0.7202797202797203
2026-07-06 01:06:01,c9160e6539125e06c66b22677b30e1ed0aad8c344173a6c30f97b14607f84244,c9160e65,ubuntu,quantum_circuit_qubit_sweep_codecarbon,2,1,1,True,RX_RY_RING_1Q,PennyLane,0.42.3,default.qubit,RX_RY_RING,1,4,13,14,2,12,0,CNOT_RING,14,0.26045042,0.564747,0.26045,0.684739,0.031093125,4.624841088015173e-07,0,8.661581882430861e-07,1.3286422970446034e-06,4.88950535330021e-07,0.36800765,3.2.8,1,1,2,64.3229,2.39155613,6.64321e-07,153.8318284,Cortex-A53,4,4,25.0,1200.0,1,49.2,221.3281,0.88,Debian GNU/Linux 13 (trixie) aarch64,Linux,aarch64,3.10.20,0.7222222222222222,0.7285714285714285,0.7222222222222222,0.7202797202797204,0.7285714285714286,0.7222222222222222,0.7202797202797203
2026-07-06 01:06:06,c9160e6539125e06c66b22677b30e1ed0aad8c344173a6c30f97b14607f84244,c9160e65,ubuntu,quantum_circuit_qubit_sweep_codecarbon,3,1,1,True,RX_RY_RING_1Q,PennyLane,0.42.3,default.qubit,RX_RY_RING,1,4,13,14,2,12,0,CNOT_RING,14,0.08517768,0.521282,0.085178,0.692241,0.058061278,4.768703804822586e-07,0,8.923815334370982e-07,1.3692519139193568e-06,5.038951851839547e-07,0.36800765,3.2.8,1,1,2,34.4464,2.46465345,6.84626e-07,84.89835331,Cortex-A53,4,4,26.0,1200.0,1,49.2,221.418,0.88,Debian GNU/Linux 13 (trixie) aarch64,Linux,aarch64,3.10.20,0.7222222222222222,0.7285714285714285,0.7222222222222222,0.7202797202797204,0.7285714285714286,0.7222222222222222,0.7202797202797203
2026-07-06 01:06:11,c9160e6539125e06c66b22677b30e1ed0aad8c344173a6c30f97b14607f84244,c9160e65,ubuntu,quantum_circuit_qubit_sweep_codecarbon,4,-1,-1,True,RX_RY_RING_1Q,PennyLane,0.42.3,default.qubit,RX_RY_RING,1,4,13,14,2,12,0,CNOT_RING,14,-0.02281913,0.505705,0.022819,0.693082,0.044470171,4.687980208545923e-07,0,8.773873158497736e-07,1.346185336704366e-06,4.954065082070223e-07,0.36800765,3.2.8,1,1,2,44.974,2.42313361,6.73093e-07,108.97793072,Cortex-A53,4,4,25.3,1200.0,1,49.2,221.4141,0.88,Debian GNU/Linux 13 (trixie) aarch64,Linux,aarch64,3.10.20,0.7222222222222222,0.7285714285714285,0.7222222222222222,0.7202797202797204,0.7285714285714286,0.7222222222222222,0.7202797202797203
2026-07-06 01:06:16,c9160e6539125e06c66b22677b30e1ed0aad8c344173a6c30f97b14607f84244,c9160e65,ubuntu,quantum_circuit_qubit_sweep_codecarbon,5,1,1,True,RX_RY_RING_1Q,PennyLane,0.42.3,default.qubit,RX_RY_RING,1,4,13,14,2,12,0,CNOT_RING,14,0.26308808,0.565395,0.263088,0.68457,0.0311857809,4.62486714387062e-07,0,8.660796616459267e-07,1.3285663760329886e-06,4.889225958166137e-07,0.36800765,3.2.8,1,1,2,64.1318,2.39141948,6.64283e-07,153.36601547,Cortex-A53,4,4,24.5,1200.0,1,49.2,221.418,0.88,Debian GNU/Linux 13 (trixie) aarch64,Linux,aarch64,3.10.20,0.7222222222222222,0.7285714285714285,0.7222222222222222,0.7202797202797204,0.7285714285714286,0.7222222222222222,0.7202797202797203
2026-07-06 01:06:21,c9160e6539125e06c66b22677b30e1ed0aad8c344173a6c30f97b14607f84244,c9160e65,ubuntu,quantum_circuit_qubit_sweep_codecarbon,6,1,1,True,RX_RY_RING_1Q,PennyLane,0.42.3,default.qubit,RX_RY_RING,1,4,13,14,2,12,0,CNOT_RING,14,0.04351652,0.510877,0.043517,0.692911,0.0309482301,4.622859645220001e-07,0,8.657083499322956e-07,1.3279943144542957e-06,4.887120727768416e-07,0.36800765,3.2.8,1,1,2,64.6241,2.39038977,6.63997e-07,154.4766703,Cortex-A53,4,4,25.8,1200.0,1,49.1,221.418,0.88,Debian GNU/Linux 13 (trixie) aarch64,Linux,aarch64,3.10.20,0.7222222222222222,0.7285714285714285,0.7222222222222222,0.7202797202797204,0.7285714285714286,0.7222222222222222,0.7202797202797203
2026-07-06 01:06:26,c9160e6539125e06c66b22677b30e1ed0aad8c344173a6c30f97b14607f84244,c9160e65,ubuntu,quantum_circuit_qubit_sweep_codecarbon,7,1,1,True,RX_RY_RING_1Q,PennyLane,0.42.3,default.qubit,RX_RY_RING,1,4,13,14,2,12,0,CNOT_RING,14,0.10368456,0.525898,0.103685,0.691805,0.036103508,4.646329736957947e-07,0,8.701709033145258e-07,1.3348038770103206e-06,4.912180439208716e-07,0.36800765,3.2.8,1,1,2,55.3963,2.40264698,6.67402e-07,133.09770234,Cortex-A53,4,4,25.0,1200.0,1,49.3,221.4219,0.88,Debian GNU/Linux 13 (trixie) aarch64,Linux,aarch64,3.10.20,0.7222222222222222,0.7285714285714285,0.7222222222222222,0.7202797202797204,0.7285714285714286,0.7222222222222222,0.7202797202797203
2026-07-06 01:06:31,c9160e6539125e06c66b22677b30e1ed0aad8c344173a6c30f97b14607f84244,c9160e65,ubuntu,quantum_circuit_qubit_sweep_codecarbon,8,1,-1,False,RX_RY_RING_1Q,PennyLane,0.42.3,default.qubit,RX_RY_RING,1,4,13,14,2,12,0,CNOT_RING,14,-0.10856974,0.527116,0.10857,0.691676,0.0315584859,4.6265152624497813e-07,0,8.663953607901931e-07,1.3290468870351712e-06,4.890994275434613e-07,0.36800765,3.2.8,1,1,2,63.3744,2.3922844,6.64523e-07,151.60957985,Cortex-A53,4,4,26.0,1200.0,1,49.3,221.4219,0.88,Debian GNU/Linux 13 (trixie) aarch64,Linux,aarch64,3.10.20,0.7222222222222222,0.7285714285714285,0.7222222222222222,0.7202797202797204,0.7285714285714286,0.7222222222222222,0.7202797202797203
2026-07-06 01:06:36,c9160e6539125e06c66b22677b30e1ed0aad8c344173a6c30f97b14607f84244,c9160e65,ubuntu,quantum_circuit_qubit_sweep_codecarbon,9,-1,-1,True,RX_RY_RING_1Q,PennyLane,0.42.3,default.qubit,RX_RY_RING,1,4,13,14,2,12,0,CNOT_RING,14,-0.29199408,0.572484,0.291994,0.682602,0.031046042,4.624233546977242e-07,0,8.659667574102058e-07,1.32839011210793e-06,4.888577293429898e-07,0.36800765,3.2.8,1,1,2,64.4205,2.3911022,6.64195e-07,154.03588019,Cortex-A53,4,4,24.7,700.0,1,49.3,221.418,0.88,Debian GNU/Linux 13 (trixie) aarch64,Linux,aarch64,3.10.20,0.7222222222222222,0.7285714285714285,0.7222222222222222,0.7202797202797204,0.7285714285714286,0.7222222222222222,0.7202797202797203
2026-07-06 01:06:42,c9160e6539125e06c66b22677b30e1ed0aad8c344173a6c30f97b14607f84244,c9160e65,ubuntu,quantum_circuit_qubit_sweep_codecarbon,10,1,1,True,RX_RY_RING_1Q,PennyLane,0.42.3,default.qubit,RX_RY_RING,1,4,13,14,2,12,0,CNOT_RING,14,0.46092117,0.613233,0.460921,0.66728,0.0311420821,4.625717426242449e-07,0,8.663049458603686e-07,1.3288766884846136e-06,4.890367931740809e-07,0.36800765,3.2.8,1,1,2,64.2218,2.39197804,6.64438e-07,153.61709177,Cortex-A53,4,4,26.9,1200.0,2,48.5,221.3164,0.88,Debian GNU/Linux 13 (trixie) aarch64,Linux,aarch64,3.10.20,0.7222222222222222,0.7285714285714285,0.7222222222222222,0.7202797202797204,0.7285714285714286,0.7222222222222222,0.7202797202797203
2026-07-06 01:06:47,c9160e6539125e06c66b22677b30e1ed0aad8c344173a6c30f97b14607f84244,c9160e65,ubuntu,quantum_circuit_qubit_sweep_codecarbon,11,1,1,True,RX_RY_RING_1Q,PennyLane,0.42.3,default.qubit,RX_RY_RING,1,4,13,14,2,12,0,CNOT_RING,14,0.07053337,0.517626,0.070533,0.692526,0.031467393,4.627905243800746e-07,0,8.666494283049056e-07,1.3294399526849803e-06,4.892440787112899e-07,0.36800765,3.2.8,1,1,2,63.5579,2.39299191,6.6472e-07,152.09343283,Cortex-A53,4,4,25.0,1200.0,1,48.7,221.4414,0.88,Debian GNU/Linux 13 (trixie) aarch64,Linux,aarch64,3.10.20,0.7222222222222222,0.7285714285714285,0.7222222222222222,0.7202797202797204,0.7285714285714286,0.7222222222222222,0.7202797202797203
2026-07-06 01:06:52,c9160e6539125e06c66b22677b30e1ed0aad8c344173a6c30f97b14607f84244,c9160e65,ubuntu,quantum_circuit_qubit_sweep_codecarbon,12,-1,-1,True,RX_RY_RING_1Q,PennyLane,0.42.3,default.qubit,RX_RY_RING,1,4,13,14,2,12,0,CNOT_RING,14,-0.09122854,0.522791,0.091229,0.692108,0.0310597392,4.623974004967346e-07,0,8.659894034887354e-07,1.32838680398547e-06,4.888565119286027e-07,0.36800765,3.2.8,1,1,2,64.392,2.39109625,6.64193e-07,153.96756768,Cortex-A53,4,4,25.3,1200.0,1,48.8,221.4414,0.88,Debian GNU/Linux 13 (trixie) aarch64,Linux,aarch64,3.10.20,0.7222222222222222,0.7285714285714285,0.7222222222222222,0.7202797202797204,0.7285714285714286,0.7222222222222222,0.7202797202797203
2026-07-06 01:06:57,c9160e6539125e06c66b22677b30e1ed0aad8c344173a6c30f97b14607f84244,c9160e65,ubuntu,quantum_circuit_qubit_sweep_codecarbon,13,1,1,True,RX_RY_RING_1Q,PennyLane,0.42.3,default.qubit,RX_RY_RING,1,4,13,14,2,12,0,CNOT_RING,14,0.1161055,0.528994,0.116106,0.691465,0.0308441671,4.623291119933129e-07,0,8.658181332672636e-07,1.3281472452605766e-06,4.887683524841532e-07,0.36800765,3.2.8,1,1,2,64.8421,2.39066504,6.64074e-07,155.01569766,Cortex-A53,4,4,25.3,700.0,1,48.7,221.4453,0.88,Debian GNU/Linux 13 (trixie) aarch64,Linux,aarch64,3.10.20,0.7222222222222222,0.7285714285714285,0.7222222222222222,0.7202797202797204,0.7285714285714286,0.7222222222222222,0.7202797202797203
2026-07-06 01:07:02,c9160e6539125e06c66b22677b30e1ed0aad8c344173a6c30f97b14607f84244,c9160e65,ubuntu,quantum_circuit_qubit_sweep_codecarbon,14,1,1,True,RX_RY_RING_1Q,PennyLane,0.42.3,default.qubit,RX_RY_RING,1,4,13,14,2,12,0,CNOT_RING,14,0.19764538,0.549251,0.197645,0.688288,0.031223644,4.628536553195354e-07,0,8.668081415817142e-07,1.3296617969012497e-06,4.89325719080971e-07,0.36800765,3.2.8,1,1,2,64.054,2.39339123,6.64831e-07,153.30633616,Cortex-A53,4,4,24.1,700.0,1,48.8,221.4453,0.88,Debian GNU/Linux 13 (trixie) aarch64,Linux,aarch64,3.10.20,0.7222222222222222,0.7285714285714285,0.7222222222222222,0.7202797202797204,0.7285714285714286,0.7222222222222222,0.7202797202797203
2026-07-06 01:07:07,c9160e6539125e06c66b22677b30e1ed0aad8c344173a6c30f97b14607f84244,c9160e65,ubuntu,quantum_circuit_qubit_sweep_codecarbon,15,-1,1,False,RX_RY_RING_1Q,PennyLane,0.42.3,default.qubit,RX_RY_RING,1,4,13,14,2,12,0,CNOT_RING,14,0.132279,0.533022,0.132279,0.690965,0.0310528639,4.624337255339519e-07,0,8.660156091597553e-07,1.3284493346937072e-06,4.888795237078717e-07,0.36800765,3.2.8,1,1,2,64.4063,2.3912088,6.64225e-07,154.00890612,Cortex-A53,4,4,24.4,700.0,1,48.9,221.4453,0.88,Debian GNU/Linux 13 (trixie) aarch64,Linux,aarch64,3.10.20,0.7222222222222222,0.7285714285714285,0.7222222222222222,0.7202797202797204,0.7285714285714286,0.7222222222222222,0.7202797202797203
2026-07-06 01:07:12,c9160e6539125e06c66b22677b30e1ed0aad8c344173a6c30f97b14607f84244,c9160e65,ubuntu,quantum_circuit_qubit_sweep_codecarbon,16,1,-1,False,RX_RY_RING_1Q,PennyLane,0.42.3,default.qubit,RX_RY_RING,1,4,13,14,2,12,0,CNOT_RING,14,-0.04065463,0.510162,0.040655,0.692941,0.0309478641,4.62377527629269e-07,0,8.6591920912421e-07,1.328296736753479e-06,4.888233664978155e-07,0.36800765,3.2.8,1,1,2,64.6248,2.39093413,6.64148e-07,154.51367641,Cortex-A53,4,4,25.3,1200.0,1,49.1,221.4492,0.88,Debian GNU/Linux 13 (trixie) aarch64,Linux,aarch64,3.10.20,0.7222222222222222,0.7285714285714285,0.7222222222222222,0.7202797202797204,0.7285714285714286,0.7222222222222222,0.7202797202797203
2026-07-06 01:07:17,c9160e6539125e06c66b22677b30e1ed0aad8c344173a6c30f97b14607f84244,c9160e65,ubuntu,quantum_circuit_qubit_sweep_codecarbon,17,1,1,True,RX_RY_RING_1Q,PennyLane,0.42.3,default.qubit,RX_RY_RING,1,4,13,14,2,12,0,CNOT_RING,14,0.03312331,0.50828,0.033123,0.69301,0.031157759,4.62438838086717e-07,0,8.660278859315441e-07,1.328466724018261e-06,4.888859231124132e-07,0.36800765,3.2.8,1,1,2,64.1895,2.3912401,6.64233e-07,153.49243197,Cortex-A53,4,4,24.1,1200.0,1,49.0,221.4492,0.88,Debian GNU/Linux 13 (trixie) aarch64,Linux,aarch64,3.10.20,0.7222222222222222,0.7285714285714285,0.7222222222222222,0.7202797202797204,0.7285714285714286,0.7222222222222222,0.7202797202797203
2026-07-06 01:07:22,c9160e6539125e06c66b22677b30e1ed0aad8c344173a6c30f97b14607f84244,c9160e65,ubuntu,quantum_circuit_qubit_sweep_codecarbon,18,-1,-1,True,RX_RY_RING_1Q,PennyLane,0.42.3,default.qubit,RX_RY_RING,1,4,13,14,2,12,0,CNOT_RING,14,-0.26517081,0.565907,0.265171,0.684434,0.0330486828,4.632846528871192e-07,0,8.676333841867745e-07,1.3309180370738938e-06,4.897880250803237e-07,0.36800765,3.2.8,1,1,2,60.5168,2.39565247,6.65459e-07,144.97718278,Cortex-A53,4,4,25.3,1200.0,2,49.1,221.4492,0.88,Debian GNU/Linux 13 (trixie) aarch64,Linux,aarch64,3.10.20,0.7222222222222222,0.7285714285714285,0.7222222222222222,0.7202797202797204,0.7285714285714286,0.7222222222222222,0.7202797202797203
2026-07-06 01:07:27,c9160e6539125e06c66b22677b30e1ed0aad8c344173a6c30f97b14607f84244,c9160e65,ubuntu,quantum_circuit_qubit_sweep_codecarbon,19,1,1,True,RX_RY_RING_1Q,PennyLane,0.42.3,default.qubit,RX_RY_RING,1,4,13,14,2,12,0,CNOT_RING,14,0.24554244,0.561079,0.245542,0.685667,0.0309322909,4.623751440602873e-07,0,8.659533583947147e-07,1.328328502455002e-06,4.888350565191247e-07,0.36800765,3.2.8,1,1,2,64.6574,2.3909913,6.64164e-07,154.59516456,Cortex-A53,4,4,25.6,1200.0,2,49.0,221.4531,0.88,Debian GNU/Linux 13 (trixie) aarch64,Linux,aarch64,3.10.20,0.7222222222222222,0.7285714285714285,0.7222222222222222,0.7202797202797204,0.7285714285714286,0.7222222222222222,0.7202797202797203
2026-07-06 01:07:33,c9160e6539125e06c66b22677b30e1ed0aad8c344173a6c30f97b14607f84244,c9160e65,ubuntu,quantum_circuit_qubit_sweep_codecarbon,20,-1,-1,True,RX_RY_RING_1Q,PennyLane,0.42.3,default.qubit,RX_RY_RING,1,4,13,14,2,12,0,CNOT_RING,14,-0.27225839,0.567647,0.272258,0.683967,0.0311471331,4.624028965416882e-07,0,8.659836935112253e-07,1.3283865900529134e-06,4.888564331997844e-07,0.36800765,3.2.8,1,1,2,64.2114,2.39109586,6.64193e-07,153.53553439,Cortex-A53,4,4,26.9,1200.0,1,49.2,221.4219,0.88,Debian GNU/Linux 13 (trixie) aarch64,Linux,aarch64,3.10.20,0.7222222222222222,0.7285714285714285,0.7222222222222222,0.7202797202797204,0.7285714285714286,0.7222222222222222,0.7202797202797203
2026-07-06 01:07:38,c9160e6539125e06c66b22677b30e1ed0aad8c344173a6c30f97b14607f84244,c9160e65,ubuntu,quantum_circuit_qubit_sweep_codecarbon,21,1,1,True,RX_RY_RING_1Q,PennyLane,0.42.3,default.qubit,RX_RY_RING,1,4,13,14,2,12,0,CNOT_RING,14,0.17813464,0.544416,0.178135,0.689196,0.031895201,4.629345120241245e-07,0,8.669934491626918e-07,1.3299279611868164e-06,4.894236695753991e-07,0.36800765,3.2.8,1,1,2,62.7054,2.39387033,6.64964e-07,150.10849648,Cortex-A53,4,4,24.5,1200.0,1,49.2,221.4531,0.88,Debian GNU/Linux 13 (trixie) aarch64,Linux,aarch64,3.10.20,0.7222222222222222,0.7285714285714285,0.7222222222222222,0.7202797202797204,0.7285714285714286,0.7222222222222222,0.7202797202797203
2026-07-06 01:07:43,c9160e6539125e06c66b22677b30e1ed0aad8c344173a6c30f97b14607f84244,c9160e65,ubuntu,quantum_circuit_qubit_sweep_codecarbon,22,1,1,True,RX_RY_RING_1Q,PennyLane,0.42.3,default.qubit,RX_RY_RING,1,4,13,14,2,12,0,CNOT_RING,14,0.03739781,0.509348,0.037398,0.692972,0.0310619771,4.624024310873615e-07,0,8.659927156986669e-07,1.3283951467860282e-06,4.888595821430676e-07,0.36800765,3.2.8,1,1,2,64.3874,2.39111126,6.64198e-07,153.95744146,Cortex-A53,4,4,25.8,1200.0,1,49.1,221.457,0.88,Debian GNU/Linux 13 (trixie) aarch64,Linux,aarch64,3.10.20,0.7222222222222222,0.7285714285714285,0.7222222222222222,0.7202797202797204,0.7285714285714286,0.7222222222222222,0.7202797202797203
2026-07-06 01:07:48,c9160e6539125e06c66b22677b30e1ed0aad8c344173a6c30f97b14607f84244,c9160e65,ubuntu,quantum_circuit_qubit_sweep_codecarbon,23,-1,1,False,RX_RY_RING_1Q,PennyLane,0.42.3,default.qubit,RX_RY_RING,1,4,13,14,2,12,0,CNOT_RING,14,0.1164786,0.529087,0.116479,0.691454,0.030950051,4.623675335701403e-07,0,8.659288684915132e-07,1.3282964020616531e-06,4.888232433286617e-07,0.36800765,3.2.8,1,1,2,64.6202,2.39093352,6.64148e-07,154.50271931,Cortex-A53,4,4,25.5,700.0,1,49.1,221.4688,0.88,Debian GNU/Linux 13 (trixie) aarch64,Linux,aarch64,3.10.20,0.7222222222222222,0.7285714285714285,0.7222222222222222,0.7202797202797204,0.7285714285714286,0.7222222222222222,0.7202797202797203
2026-07-06 01:07:53,c9160e6539125e06c66b22677b30e1ed0aad8c344173a6c30f97b14607f84244,c9160e65,ubuntu,quantum_circuit_qubit_sweep_codecarbon,24,1,-1,False,RX_RY_RING_1Q,PennyLane,0.42.3,default.qubit,RX_RY_RING,1,4,13,14,2,12,0,CNOT_RING,14,-0.03601709,0.509003,0.036017,0.692985,0.0310993209,4.623698232810061e-07,0,8.65941191635405e-07,1.328311014916411e-06,4.888286209710658e-07,0.36800765,3.2.8,1,1,2,64.3101,2.39095983,6.64156e-07,153.76283219,Cortex-A53,4,4,25.3,700.0,1,49.0,221.4609,0.88,Debian GNU/Linux 13 (trixie) aarch64,Linux,aarch64,3.10.20,0.7222222222222222,0.7285714285714285,0.7222222222222222,0.7202797202797204,0.7285714285714286,0.7222222222222222,0.7202797202797203
2026-07-06 01:07:58,c9160e6539125e06c66b22677b30e1ed0aad8c344173a6c30f97b14607f84244,c9160e65,ubuntu,quantum_circuit_qubit_sweep_codecarbon,25,1,-1,False,RX_RY_RING_1Q,PennyLane,0.42.3,default.qubit,RX_RY_RING,1,4,13,14,2,12,0,CNOT_RING,14,-0.09417498,0.523526,0.094175,0.69204,0.031038956,4.623028316206441e-07,0,8.657634124392644e-07,1.3280662440599083e-06,4.887385434222882e-07,0.36800765,3.2.8,1,1,2,64.4352,2.39051924,6.64033e-07,154.03348218,Cortex-A53,4,4,24.1,1200.0,1,49.1,221.4727,0.88,Debian GNU/Linux 13 (trixie) aarch64,Linux,aarch64,3.10.20,0.7222222222222222,0.7285714285714285,0.7222222222222222,0.7202797202797204,0.7285714285714286,0.7222222222222222,0.7202797202797203
2026-07-06 01:08:03,c9160e6539125e06c66b22677b30e1ed0aad8c344173a6c30f97b14607f84244,c9160e65,ubuntu,quantum_circuit_qubit_sweep_codecarbon,26,1,1,True,RX_RY_RING_1Q,PennyLane,0.42.3,default.qubit,RX_RY_RING,1,4,13,14,2,12,0,CNOT_RING,14,0.12054235,0.530099,0.120542,0.691334,0.0308660408,4.623933746996854e-07,0,8.659049891866745e-07,1.3282983638863598e-06,4.888239652951704e-07,0.36800765,3.2.8,1,1,2,64.7961,2.39093705,6.64149e-07,154.92346859,Cortex-A53,4,4,25.9,1200.0,1,49.0,221.4727,0.88,Debian GNU/Linux 13 (trixie) aarch64,Linux,aarch64,3.10.20,0.7222222222222222,0.7285714285714285,0.7222222222222222,0.7202797202797204,0.7285714285714286,0.7222222222222222,0.7202797202797203
2026-07-06 01:08:08,c9160e6539125e06c66b22677b30e1ed0aad8c344173a6c30f97b14607f84244,c9160e65,ubuntu,quantum_circuit_qubit_sweep_codecarbon,27,-1,-1,True,RX_RY_RING_1Q,PennyLane,0.42.3,default.qubit,RX_RY_RING,1,4,13,14,2,12,0,CNOT_RING,14,-0.28076309,0.569733,0.280763,0.68339,0.0309207279,4.614744445102083e-07,0,8.64202350882503e-07,1.3256767953927112e-06,4.878592080228594e-07,0.36800765,3.2.8,1,1,2,64.6815,2.38621823,6.62838e-07,154.34424708,Cortex-A53,4,4,25.0,1200.0,2,49.1,221.4023,0.88,Debian GNU/Linux 13 (trixie) aarch64,Linux,aarch64,3.10.20,0.7222222222222222,0.7285714285714285,0.7222222222222222,0.7202797202797204,0.7285714285714286,0.7222222222222222,0.7202797202797203
2026-07-06 01:08:13,c9160e6539125e06c66b22677b30e1ed0aad8c344173a6c30f97b14607f84244,c9160e65,ubuntu,quantum_circuit_qubit_sweep_codecarbon,28,-1,-1,True,RX_RY_RING_1Q,PennyLane,0.42.3,default.qubit,RX_RY_RING,1,4,13,14,2,12,0,CNOT_RING,14,-0.06757764,0.516888,0.067578,0.692577,0.031412079,4.618338155042795e-07,0,8.649361541029067e-07,1.3267699696071862e-06,4.882615045014266e-07,0.36800765,3.2.8,1,1,2,63.6698,2.38818595,6.63385e-07,152.05526163,Cortex-A53,4,4,25.9,1200.0,1,49.1,221.418,0.88,Debian GNU/Linux 13 (trixie) aarch64,Linux,aarch64,3.10.20,0.7222222222222222,0.7285714285714285,0.7222222222222222,0.7202797202797204,0.7285714285714286,0.7222222222222222,0.7202797202797203
2026-07-06 01:08:18,c9160e6539125e06c66b22677b30e1ed0aad8c344173a6c30f97b14607f84244,c9160e65,ubuntu,quantum_circuit_qubit_sweep_codecarbon,29,1,1,True,RX_RY_RING_1Q,PennyLane,0.42.3,default.qubit,RX_RY_RING,1,4,13,14,2,12,0,CNOT_RING,14,0.28132191,0.56987,0.281322,0.683351,0.031361819,4.625842026952241e-07,0,8.6630662844982e-07,1.3288908311450442e-06,4.890419977813735e-07,0.36800765,3.2.8,1,1,2,63.7718,2.3920035,6.64445e-07,152.54239527,Cortex-A53,4,4,25.0,1200.0,1,49.1,221.418,0.88,Debian GNU/Linux 13 (trixie) aarch64,Linux,aarch64,3.10.20,0.7222222222222222,0.7285714285714285,0.7222222222222222,0.7202797202797204,0.7285714285714286,0.7222222222222222,0.7202797202797203
2026-07-06 01:08:24,c9160e6539125e06c66b22677b30e1ed0aad8c344173a6c30f97b14607f84244,c9160e65,ubuntu,quantum_circuit_qubit_sweep_codecarbon,30,-1,-1,True,RX_RY_RING_1Q,PennyLane,0.42.3,default.qubit,RX_RY_RING,1,4,13,14,2,12,0,CNOT_RING,14,-0.03687652,0.509218,0.036877,0.692977,0.0312848401,4.625068519264947e-07,0,8.661962533369661e-07,1.328703105263461e-06,4.889729132200136e-07,0.36800765,3.2.8,1,1,2,63.9287,2.39166559,6.64352e-07,152.8961365,Cortex-A53,4,4,26.6,1200.0,1,49.1,221.4648,0.88,Debian GNU/Linux 13 (trixie) aarch64,Linux,aarch64,3.10.20,0.7222222222222222,0.7285714285714285,0.7222222222222222,0.7202797202797204,0.7285714285714286,0.7222222222222222,0.7202797202797203
2026-07-06 01:08:29,c9160e6539125e06c66b22677b30e1ed0aad8c344173a6c30f97b14607f84244,c9160e65,ubuntu,quantum_circuit_qubit_sweep_codecarbon,31,-1,-1,True,RX_RY_RING_1Q,PennyLane,0.42.3,default.qubit,RX_RY_RING,1,4,13,14,2,12,0,CNOT_RING,14,-0.01612311,0.504031,0.016123,0.693115,0.031225048,4.624179978337553e-07,0,8.659686924268802e-07,1.3283866902606357e-06,4.888564700769931e-07,0.36800765,3.2.8,1,1,2,64.0511,2.39109604,6.64193e-07,153.1524334,Cortex-A53,4,4,24.7,1200.0,1,49.0,221.4648,0.88,Debian GNU/Linux 13 (trixie) aarch64,Linux,aarch64,3.10.20,0.7222222222222222,0.7285714285714285,0.7222222222222222,0.7202797202797204,0.7285714285714286,0.7222222222222222,0.7202797202797203
2026-07-06 01:08:34,c9160e6539125e06c66b22677b30e1ed0aad8c344173a6c30f97b14607f84244,c9160e65,ubuntu,quantum_circuit_qubit_sweep_codecarbon,32,-1,-1,True,RX_RY_RING_1Q,PennyLane,0.42.3,default.qubit,RX_RY_RING,1,4,13,14,2,12,0,CNOT_RING,14,-0.02374628,0.505936,0.023746,0.693077,0.0307096362,4.622242586405971e-07,0,8.656291525888568e-07,1.3278534112294535e-06,4.886602193115639e-07,0.36800765,3.2.8,1,1,2,65.1261,2.39013614,6.63927e-07,155.66033589,Cortex-A53,4,4,25.0,1200.0,1,49.1,221.4688,0.88,Debian GNU/Linux 13 (trixie) aarch64,Linux,aarch64,3.10.20,0.7222222222222222,0.7285714285714285,0.7222222222222222,0.7202797202797204,0.7285714285714286,0.7222222222222222,0.7202797202797203
2026-07-06 01:08:39,c9160e6539125e06c66b22677b30e1ed0aad8c344173a6c30f97b14607f84244,c9160e65,ubuntu,quantum_circuit_qubit_sweep_codecarbon,33,-1,-1,True,RX_RY_RING_1Q,PennyLane,0.42.3,default.qubit,RX_RY_RING,1,4,13,14,2,12,0,CNOT_RING,14,-0.1926057,0.548003,0.192606,0.688531,0.0311391631,4.624591171411917e-07,0,8.660973325216521e-07,1.3285564496628437e-06,4.889189428364195e-07,0.36800765,3.2.8,1,1,2,64.2278,2.39140161,6.64278e-07,153.59446907,Cortex-A53,4,4,25.0,700.0,1,49.1,221.4141,0.88,Debian GNU/Linux 13 (trixie) aarch64,Linux,aarch64,3.10.20,0.7222222222222222,0.7285714285714285,0.7222222222222222,0.7202797202797204,0.7285714285714286,0.7222222222222222,0.7202797202797203
2026-07-06 01:08:44,c9160e6539125e06c66b22677b30e1ed0aad8c344173a6c30f97b14607f84244,c9160e65,ubuntu,quantum_circuit_qubit_sweep_codecarbon,34,1,1,True,RX_RY_RING_1Q,PennyLane,0.42.3,default.qubit,RX_RY_RING,1,4,13,14,2,12,0,CNOT_RING,14,0.07363894,0.518401,0.073639,0.69247,0.0309397371,4.623389204757082e-07,0,8.658777575086182e-07,1.3282166779843265e-06,4.88793904257962e-07,0.36800765,3.2.8,1,1,2,64.6418,2.39079002,6.64108e-07,154.54494733,Cortex-A53,4,4,25.0,700.0,1,49.1,221.418,0.88,Debian GNU/Linux 13 (trixie) aarch64,Linux,aarch64,3.10.20,0.7222222222222222,0.7285714285714285,0.7222222222222222,0.7202797202797204,0.7285714285714286,0.7222222222222222,0.7202797202797203
2026-07-06 01:08:49,c9160e6539125e06c66b22677b30e1ed0aad8c344173a6c30f97b14607f84244,c9160e65,ubuntu,quantum_circuit_qubit_sweep_codecarbon,35,-1,1,False,RX_RY_RING_1Q,PennyLane,0.42.3,default.qubit,RX_RY_RING,1,4,13,14,2,12,0,CNOT_RING,14,0.1132373,0.528279,0.113237,0.691547,0.0309095809,4.623645553006765e-07,0,8.658498475172868e-07,1.3282144028179634e-06,4.887930669793252e-07,0.36800765,3.2.8,1,1,2,64.7049,2.39078593,6.64107e-07,154.69546058,Cortex-A53,4,4,25.6,1200.0,1,49.1,221.418,0.88,Debian GNU/Linux 13 (trixie) aarch64,Linux,aarch64,3.10.20,0.7222222222222222,0.7285714285714285,0.7222222222222222,0.7202797202797204,0.7285714285714286,0.7222222222222222,0.7202797202797203
2026-07-06 01:08:54,c9160e6539125e06c66b22677b30e1ed0aad8c344173a6c30f97b14607f84244,c9160e65,ubuntu,quantum_circuit_qubit_sweep_codecarbon,36,1,1,True,RX_RY_RING_1Q,PennyLane,0.42.3,default.qubit,RX_RY_RING,1,4,13,14,2,12,0,CNOT_RING,14,0.16802527,0.541908,0.168025,0.689631,0.031276766,4.625731725302673e-07,0,8.663003633652504e-07,1.3288735358955177e-06,4.890356329971622e-07,0.36800765,3.2.8,1,1,2,63.9452,2.39197236,6.64437e-07,152.95522346,Cortex-A53,4,4,24.1,1200.0,1,49.1,221.418,0.88,Debian GNU/Linux 13 (trixie) aarch64,Linux,aarch64,3.10.20,0.7222222222222222,0.7285714285714285,0.7222222222222222,0.7202797202797204,0.7285714285714286,0.7222222222222222,0.7202797202797203
2026-07-06 01:08:59,c9160e6539125e06c66b22677b30e1ed0aad8c344173a6c30f97b14607f84244,c9160e65,ubuntu,quantum_circuit_qubit_sweep_codecarbon,37,-1,1,False,RX_RY_RING_1Q,PennyLane,0.42.3,default.qubit,RX_RY_RING,1,4,13,14,2,12,0,CNOT_RING,14,0.14234088,0.535525,0.142341,0.690621,0.031067966,4.624570186974274e-07,0,8.660303975921124e-07,1.3284874162895395e-06,4.888935380266316e-07,0.36800765,3.2.8,1,1,2,64.375,2.39127735,6.64244e-07,153.93845532,Cortex-A53,4,4,24.4,1200.0,1,48.9,221.4219,0.88,Debian GNU/Linux 13 (trixie) aarch64,Linux,aarch64,3.10.20,0.7222222222222222,0.7285714285714285,0.7222222222222222,0.7202797202797204,0.7285714285714286,0.7222222222222222,0.7202797202797203
2026-07-06 01:09:04,c9160e6539125e06c66b22677b30e1ed0aad8c344173a6c30f97b14607f84244,c9160e65,ubuntu,quantum_circuit_qubit_sweep_codecarbon,38,-1,-1,True,RX_RY_RING_1Q,PennyLane,0.42.3,default.qubit,RX_RY_RING,1,4,13,14,2,12,0,CNOT_RING,14,-0.02017865,0.505044,0.020179,0.693096,0.0312996311,4.625142163907488e-07,0,8.662045265858373e-07,1.328718742976586e-06,4.889786680181418e-07,0.36800765,3.2.8,1,1,2,63.8985,2.39169374,6.64359e-07,152.82568212,Cortex-A53,4,4,24.4,1200.0,1,48.8,221.4219,0.88,Debian GNU/Linux 13 (trixie) aarch64,Linux,aarch64,3.10.20,0.7222222222222222,0.7285714285714285,0.7222222222222222,0.7202797202797204,0.7285714285714286,0.7222222222222222,0.7202797202797203
2026-07-06 01:09:09,c9160e6539125e06c66b22677b30e1ed0aad8c344173a6c30f97b14607f84244,c9160e65,ubuntu,quantum_circuit_qubit_sweep_codecarbon,39,-1,1,False,RX_RY_RING_1Q,PennyLane,0.42.3,default.qubit,RX_RY_RING,1,4,13,14,2,12,0,CNOT_RING,14,0.15926894,0.539733,0.159269,0.689986,0.030795624,4.622745640161965e-07,0,8.65714597554567e-07,1.3279891615707634e-06,4.887101764762592e-07,0.36800765,3.2.8,1,1,2,64.9443,2.39038049,6.63995e-07,155.24156872,Cortex-A53,4,4,25.3,1200.0,1,49.0,221.4219,0.88,Debian GNU/Linux 13 (trixie) aarch64,Linux,aarch64,3.10.20,0.7222222222222222,0.7285714285714285,0.7222222222222222,0.7202797202797204,0.7285714285714286,0.7222222222222222,0.7202797202797203
2026-07-06 01:09:15,c9160e6539125e06c66b22677b30e1ed0aad8c344173a6c30f97b14607f84244,c9160e65,ubuntu,quantum_circuit_qubit_sweep_codecarbon,40,-1,-1,True,RX_RY_RING_1Q,PennyLane,0.42.3,default.qubit,RX_RY_RING,1,4,13,14,2,12,0,CNOT_RING,14,-0.26852146,0.56673,0.268521,0.684215,0.0310228099,4.6231693434381625e-07,0,8.65790420017826e-07,1.3281073543616422e-06,4.887536723280027e-07,0.36800765,3.2.8,1,1,2,64.4687,2.39059324,6.64054e-07,154.11842091,Cortex-A53,4,4,25.3,1200.0,2,49.1,221.4414,0.88,Debian GNU/Linux 13 (trixie) aarch64,Linux,aarch64,3.10.20,0.7222222222222222,0.7285714285714285,0.7222222222222222,0.7202797202797204,0.7285714285714286,0.7222222222222222,0.7202797202797203
2026-07-06 01:09:20,c9160e6539125e06c66b22677b30e1ed0aad8c344173a6c30f97b14607f84244,c9160e65,ubuntu,quantum_circuit_qubit_sweep_codecarbon,41,-1,1,False,RX_RY_RING_1Q,PennyLane,0.42.3,default.qubit,RX_RY_RING,1,4,13,14,2,12,0,CNOT_RING,14,0.03462429,0.508655,0.034624,0.692997,0.0310209352,4.623742141864367e-07,0,8.659351223226016e-07,1.3283093365090385e-06,4.888280033043054e-07,0.36800765,3.2.8,1,1,2,64.4726,2.39095681,6.64155e-07,154.15117523,Cortex-A53,4,4,25.0,1200.0,1,49.1,221.4414,0.88,Debian GNU/Linux 13 (trixie) aarch64,Linux,aarch64,3.10.20,0.7222222222222222,0.7285714285714285,0.7222222222222222,0.7202797202797204,0.7285714285714286,0.7222222222222222,0.7202797202797203
2026-07-06 01:09:25,c9160e6539125e06c66b22677b30e1ed0aad8c344173a6c30f97b14607f84244,c9160e65,ubuntu,quantum_circuit_qubit_sweep_codecarbon,42,-1,-1,True,RX_RY_RING_1Q,PennyLane,0.42.3,default.qubit,RX_RY_RING,1,4,13,14,2,12,0,CNOT_RING,14,-0.21992584,0.554761,0.219926,0.687138,0.0309999981,4.62332430606087e-07,0,8.658796948535989e-07,1.328212125459686e-06,4.887922288940473e-07,0.36800765,3.2.8,1,1,2,64.5161,2.39078183,6.64106e-07,154.24399823,Cortex-A53,4,4,25.0,1200.0,1,49.1,221.4414,0.88,Debian GNU/Linux 13 (trixie) aarch64,Linux,aarch64,3.10.20,0.7222222222222222,0.7285714285714285,0.7222222222222222,0.7202797202797204,0.7285714285714286,0.7222222222222222,0.7202797202797203
2026-07-06 01:09:30,c9160e6539125e06c66b22677b30e1ed0aad8c344173a6c30f97b14607f84244,c9160e65,ubuntu,quantum_circuit_qubit_sweep_codecarbon,43,1,1,True,RX_RY_RING_1Q,PennyLane,0.42.3,default.qubit,RX_RY_RING,1,4,13,14,2,12,0,CNOT_RING,14,0.2235406,0.555654,0.223541,0.68694,0.031018568,4.623312485809313e-07,0,8.658110059332103e-07,1.3281422545141414e-06,4.887665158512636e-07,0.36800765,3.2.8,1,1,2,64.4775,2.39065606,6.64071e-07,154.14354785,Cortex-A53,4,4,24.5,1200.0,1,49.1,221.4453,0.88,Debian GNU/Linux 13 (trixie) aarch64,Linux,aarch64,3.10.20,0.7222222222222222,0.7285714285714285,0.7222222222222222,0.7202797202797204,0.7285714285714286,0.7222222222222222,0.7202797202797203
2026-07-06 01:09:35,c9160e6539125e06c66b22677b30e1ed0aad8c344173a6c30f97b14607f84244,c9160e65,ubuntu,quantum_circuit_qubit_sweep_codecarbon,44,1,1,True,RX_RY_RING_1Q,PennyLane,0.42.3,default.qubit,RX_RY_RING,1,4,13,14,2,12,0,CNOT_RING,14,0.27111174,0.567366,0.271112,0.684043,0.0310664841,4.624353650408495e-07,0,8.660370258924861e-07,1.3284723909333355e-06,4.888880085805376e-07,0.36800765,3.2.8,1,1,2,64.3781,2.3912503,6.64236e-07,153.94405751,Cortex-A53,4,4,24.3,1200.0,1,49.1,221.4453,0.88,Debian GNU/Linux 13 (trixie) aarch64,Linux,aarch64,3.10.20,0.7222222222222222,0.7285714285714285,0.7222222222222222,0.7202797202797204,0.7285714285714286,0.7222222222222222,0.7202797202797203
2026-07-06 01:09:40,c9160e6539125e06c66b22677b30e1ed0aad8c344173a6c30f97b14607f84244,c9160e65,ubuntu,quantum_circuit_qubit_sweep_codecarbon,45,1,-1,False,RX_RY_RING_1Q,PennyLane,0.42.3,default.qubit,RX_RY_RING,1,4,13,14,2,12,0,CNOT_RING,14,-0.00732374,0.501831,0.007324,0.69314,0.0313548669,4.625143395322893e-07,0,8.662126548976327e-07,1.328726994429922e-06,4.889817046161296e-07,0.36800765,3.2.8,1,1,2,63.786,2.39170859,6.64363e-07,152.55740654,Cortex-A53,4,4,25.3,1200.0,2,49.1,221.4453,0.88,Debian GNU/Linux 13 (trixie) aarch64,Linux,aarch64,3.10.20,0.7222222222222222,0.7285714285714285,0.7222222222222222,0.7202797202797204,0.7285714285714286,0.7222222222222222,0.7202797202797203
2026-07-06 01:09:45,c9160e6539125e06c66b22677b30e1ed0aad8c344173a6c30f97b14607f84244,c9160e65,ubuntu,quantum_circuit_qubit_sweep_codecarbon,46,1,1,True,RX_RY_RING_1Q,PennyLane,0.42.3,default.qubit,RX_RY_RING,1,4,13,14,2,12,0,CNOT_RING,14,0.368897,0.591192,0.368897,0.676422,0.0331651201,4.633853790196576e-07,0,8.678045983348662e-07,1.331189977354524e-06,4.898881011851472e-07,0.36800765,3.2.8,1,1,2,60.3043,2.39614196,6.65595e-07,144.49771057,Cortex-A53,4,4,25.3,1200.0,1,49.3,221.4492,0.88,Debian GNU/Linux 13 (trixie) aarch64,Linux,aarch64,3.10.20,0.7222222222222222,0.7285714285714285,0.7222222222222222,0.7202797202797204,0.7285714285714286,0.7222222222222222,0.7202797202797203
2026-07-06 01:09:50,c9160e6539125e06c66b22677b30e1ed0aad8c344173a6c30f97b14607f84244,c9160e65,ubuntu,quantum_circuit_qubit_sweep_codecarbon,47,1,1,True,RX_RY_RING_1Q,PennyLane,0.42.3,default.qubit,RX_RY_RING,1,4,13,14,2,12,0,CNOT_RING,14,0.15121842,0.537733,0.151218,0.690297,0.030966534,4.623200364617838e-07,0,8.658237274115284e-07,1.3281437638733122e-06,4.887670713069918e-07,0.36800765,3.2.8,1,1,2,64.5859,2.39065877,6.64072e-07,154.40273499,Cortex-A53,4,4,25.5,1200.0,1,49.4,221.4492,0.88,Debian GNU/Linux 13 (trixie) aarch64,Linux,aarch64,3.10.20,0.7222222222222222,0.7285714285714285,0.7222222222222222,0.7202797202797204,0.7285714285714286,0.7222222222222222,0.7202797202797203
2026-07-06 01:09:55,c9160e6539125e06c66b22677b30e1ed0aad8c344173a6c30f97b14607f84244,c9160e65,ubuntu,quantum_circuit_qubit_sweep_codecarbon,48,1,1,True,RX_RY_RING_1Q,PennyLane,0.42.3,default.qubit,RX_RY_RING,1,4,13,14,2,12,0,CNOT_RING,14,0.19438876,0.548445,0.194389,0.688446,0.0316141872,4.627853018335171e-07,0,8.666444942355156e-07,1.3294297960690328e-06,4.892403409988779e-07,0.36800765,3.2.8,1,1,2,63.2627,2.39297363,6.64715e-07,151.38606093,Cortex-A53,4,4,25.5,1200.0,1,49.4,221.4492,0.88,Debian GNU/Linux 13 (trixie) aarch64,Linux,aarch64,3.10.20,0.7222222222222222,0.7285714285714285,0.7222222222222222,0.7202797202797204,0.7285714285714286,0.7222222222222222,0.7202797202797203
2026-07-06 01:10:01,c9160e6539125e06c66b22677b30e1ed0aad8c344173a6c30f97b14607f84244,c9160e65,ubuntu,quantum_circuit_qubit_sweep_codecarbon,49,-1,1,False,RX_RY_RING_1Q,PennyLane,0.42.3,default.qubit,RX_RY_RING,1,4,13,14,2,12,0,CNOT_RING,14,0.06055118,0.515133,0.060551,0.692689,0.0307610121,4.622931049802127e-07,0,8.657636617620786e-07,1.3280567667422913e-06,4.887350556968615e-07,0.36800765,3.2.8,1,1,2,65.0174,2.39050218,6.64028e-07,155.4241565,Cortex-A53,4,4,26.0,1200.0,2,49.3,221.4531,0.88,Debian GNU/Linux 13 (trixie) aarch64,Linux,aarch64,3.10.20,0.7222222222222222,0.7285714285714285,0.7222222222222222,0.7202797202797204,0.7285714285714286,0.7222222222222222,0.7202797202797203
2026-07-06 01:10:06,c9160e6539125e06c66b22677b30e1ed0aad8c344173a6c30f97b14607f84244,c9160e65,ubuntu,quantum_circuit_qubit_sweep_codecarbon,50,-1,1,False,RX_RY_RING_1Q,PennyLane,0.42.3,default.qubit,RX_RY_RING,1,4,13,14,2,12,0,CNOT_RING,14,0.00575061,0.501438,0.005751,0.693143,0.0312560098,4.6246090665873554e-07,0,8.661079540615901e-07,1.3285688607203257e-06,4.889235102005726e-07,0.36800765,3.2.8,1,1,2,63.9877,2.39142395,6.64284e-07,153.02170448,Cortex-A53,4,4,25.8,1200.0,1,49.4,221.4844,0.88,Debian GNU/Linux 13 (trixie) aarch64,Linux,aarch64,3.10.20,0.7222222222222222,0.7285714285714285,0.7222222222222222,0.7202797202797204,0.7285714285714286,0.7222222222222222,0.7202797202797203
2026-07-06 01:10:11,c9160e6539125e06c66b22677b30e1ed0aad8c344173a6c30f97b14607f84244,c9160e65,ubuntu,quantum_circuit_qubit_sweep_codecarbon,51,1,-1,False,RX_RY_RING_1Q,PennyLane,0.42.3,default.qubit,RX_RY_RING,1,4,13,14,2,12,0,CNOT_RING,14,-0.12970711,0.532381,0.129707,0.691049,0.030979448,4.6247108084046186e-07,0,8.660632290411741e-07,1.328534309881636e-06,4.889107952274674e-07,0.36800765,3.2.8,1,1,2,64.5589,2.39136176,6.64267e-07,154.38375519,Cortex-A53,4,4,25.0,1200.0,1,49.4,221.4844,0.88,Debian GNU/Linux 13 (trixie) aarch64,Linux,aarch64,3.10.20,0.7222222222222222,0.7285714285714285,0.7222222222222222,0.7202797202797204,0.7285714285714286,0.7222222222222222,0.7202797202797203
2026-07-06 01:10:16,c9160e6539125e06c66b22677b30e1ed0aad8c344173a6c30f97b14607f84244,c9160e65,ubuntu,quantum_circuit_qubit_sweep_codecarbon,52,1,1,True,RX_RY_RING_1Q,PennyLane,0.42.3,default.qubit,RX_RY_RING,1,4,13,14,2,12,0,CNOT_RING,14,0.37404844,0.592437,0.374048,0.675959,0.0311506451,4.625052021384378e-07,0,8.66158782543304e-07,1.328663984681742e-06,4.889585165464948e-07,0.36800765,3.2.8,1,1,2,64.2041,2.39159517,6.64332e-07,153.55028212,Cortex-A53,4,4,24.3,1200.0,1,49.3,221.4883,0.88,Debian GNU/Linux 13 (trixie) aarch64,Linux,aarch64,3.10.20,0.7222222222222222,0.7285714285714285,0.7222222222222222,0.7202797202797204,0.7285714285714286,0.7222222222222222,0.7202797202797203
2026-07-06 01:10:21,c9160e6539125e06c66b22677b30e1ed0aad8c344173a6c30f97b14607f84244,c9160e65,ubuntu,quantum_circuit_qubit_sweep_codecarbon,53,1,-1,False,RX_RY_RING_1Q,PennyLane,0.42.3,default.qubit,RX_RY_RING,1,4,13,14,2,12,0,CNOT_RING,14,-0.05204734,0.513009,0.052047,0.692809,0.0309565822,4.6227895509865546e-07,0,8.657619776204229e-07,1.3280409327190783e-06,4.887292286551185e-07,0.36800765,3.2.8,1,1,2,64.6066,2.39047368,6.6402e-07,154.44041374,Cortex-A53,4,4,25.3,1200.0,1,49.4,221.6523,0.88,Debian GNU/Linux 13 (trixie) aarch64,Linux,aarch64,3.10.20,0.7222222222222222,0.7285714285714285,0.7222222222222222,0.7202797202797204,0.7285714285714286,0.7222222222222222,0.7202797202797203
2026-07-06 01:10:26,c9160e6539125e06c66b22677b30e1ed0aad8c344173a6c30f97b14607f84244,c9160e65,ubuntu,quantum_circuit_qubit_sweep_codecarbon,54,-1,-1,True,RX_RY_RING_1Q,PennyLane,0.42.3,default.qubit,RX_RY_RING,1,4,13,14,2,12,0,CNOT_RING,14,-0.16002363,0.539921,0.160024,0.689956,0.0310806429,4.624132270821267e-07,0,8.660171223649135e-07,1.3284303494470402e-06,4.888725369917768e-07,0.36800765,3.2.8,1,1,2,64.3487,2.39117463,6.64215e-07,153.86905818,Cortex-A53,4,4,24.5,1200.0,2,49.2,221.6484,0.88,Debian GNU/Linux 13 (trixie) aarch64,Linux,aarch64,3.10.20,0.7222222222222222,0.7285714285714285,0.7222222222222222,0.7202797202797204,0.7285714285714286,0.7222222222222222,0.7202797202797203
2026-07-06 01:10:31,c9160e6539125e06c66b22677b30e1ed0aad8c344173a6c30f97b14607f84244,c9160e65,ubuntu,quantum_circuit_qubit_sweep_codecarbon,55,-1,1,False,RX_RY_RING_1Q,PennyLane,0.42.3,default.qubit,RX_RY_RING,1,4,13,14,2,12,0,CNOT_RING,14,0.13612558,0.533979,0.136126,0.690836,0.0310352261,4.62393055152562e-07,0,8.659496125377094e-07,1.3283426676902714e-06,4.888402694341308e-07,0.36800765,3.2.8,1,1,2,64.4429,2.3910168,6.64171e-07,154.08405896,Cortex-A53,4,4,25.3,1200.0,1,49.2,221.6523,0.88,Debian GNU/Linux 13 (trixie) aarch64,Linux,aarch64,3.10.20,0.7222222222222222,0.7285714285714285,0.7222222222222222,0.7202797202797204,0.7285714285714286,0.7222222222222222,0.7202797202797203
2026-07-06 01:10:36,c9160e6539125e06c66b22677b30e1ed0aad8c344173a6c30f97b14607f84244,c9160e65,ubuntu,quantum_circuit_qubit_sweep_codecarbon,56,1,1,True,RX_RY_RING_1Q,PennyLane,0.42.3,default.qubit,RX_RY_RING,1,4,13,14,2,12,0,CNOT_RING,14,0.08541277,0.52134,0.085413,0.692236,0.0311453808,4.6245956076167714e-07,0,8.661073634478574e-07,1.3285669242095343e-06,4.889227975497786e-07,0.36800765,3.2.8,1,1,2,64.215,2.39142046,6.64283e-07,153.56501679,Cortex-A53,4,4,24.8,1200.0,1,49.2,221.6562,0.88,Debian GNU/Linux 13 (trixie) aarch64,Linux,aarch64,3.10.20,0.7222222222222222,0.7285714285714285,0.7222222222222222,0.7202797202797204,0.7285714285714286,0.7222222222222222,0.7202797202797203
2026-07-06 01:10:42,c9160e6539125e06c66b22677b30e1ed0aad8c344173a6c30f97b14607f84244,c9160e65,ubuntu,quantum_circuit_qubit_sweep_codecarbon,57,1,1,True,RX_RY_RING_1Q,PennyLane,0.42.3,default.qubit,RX_RY_RING,1,4,13,14,2,12,0,CNOT_RING,14,0.2269511,0.556495,0.226951,0.68675,0.030923455,4.623153383655688e-07,0,8.657931099878625e-07,1.3281084483534313e-06,4.88754074925355e-07,0.36800765,3.2.8,1,1,2,64.6758,2.39059521,6.64054e-07,154.61371993,Cortex-A53,4,4,25.5,1200.0,1,49.2,221.6562,0.88,Debian GNU/Linux 13 (trixie) aarch64,Linux,aarch64,3.10.20,0.7222222222222222,0.7285714285714285,0.7222222222222222,0.7202797202797204,0.7285714285714286,0.7222222222222222,0.7202797202797203
2026-07-06 01:10:47,c9160e6539125e06c66b22677b30e1ed0aad8c344173a6c30f97b14607f84244,c9160e65,ubuntu,quantum_circuit_qubit_sweep_codecarbon,58,-1,-1,True,RX_RY_RING_1Q,PennyLane,0.42.3,default.qubit,RX_RY_RING,1,4,13,14,2,12,0,CNOT_RING,14,-0.10819946,0.527024,0.108199,0.691686,0.031043818,4.623649008572102e-07,0,8.659107558196411e-07,1.3282756566768512e-06,4.888156088682602e-07,0.36800765,3.2.8,1,1,2,64.4251,2.39089618,6.64138e-07,154.03364257,Cortex-A53,4,4,25.3,1200.0,1,49.3,221.6602,0.88,Debian GNU/Linux 13 (trixie) aarch64,Linux,aarch64,3.10.20,0.7222222222222222,0.7285714285714285,0.7222222222222222,0.7202797202797204,0.7285714285714286,0.7222222222222222,0.7202797202797203
2026-07-06 01:10:52,c9160e6539125e06c66b22677b30e1ed0aad8c344173a6c30f97b14607f84244,c9160e65,ubuntu,quantum_circuit_qubit_sweep_codecarbon,59,1,1,True,RX_RY_RING_1Q,PennyLane,0.42.3,default.qubit,RX_RY_RING,1,4,13,14,2,12,0,CNOT_RING,14,0.12041034,0.530066,0.12041,0.691338,0.031008766,4.6229169724716083e-07,0,8.657475015691792e-07,1.32803919881634e-06,4.887285905656387e-07,0.36800765,3.2.8,1,1,2,64.4979,2.39047056,6.6402e-07,154.18030858,Cortex-A53,4,4,25.0,1200.0,1,49.3,221.5586,0.88,Debian GNU/Linux 13 (trixie) aarch64,Linux,aarch64,3.10.20,0.7222222222222222,0.7285714285714285,0.7222222222222222,0.7202797202797204,0.7285714285714286,0.7222222222222222,0.7202797202797203
2026-07-06 01:10:57,c9160e6539125e06c66b22677b30e1ed0aad8c344173a6c30f97b14607f84244,c9160e65,ubuntu,quantum_circuit_qubit_sweep_codecarbon,60,-1,1,False,RX_RY_RING_1Q,PennyLane,0.42.3,default.qubit,RX_RY_RING,1,4,13,14,2,12,0,CNOT_RING,14,0.12523559,0.531268,0.125236,0.691191,0.0308135049,4.622770516099122e-07,0,8.657029082921023e-07,1.3279799599020146e-06,4.88706790191726e-07,0.36800765,3.2.8,1,1,2,64.9066,2.39036393,6.6399e-07,155.15040774,Cortex-A53,4,4,23.8,1200.0,1,49.3,221.5859,0.88,Debian GNU/Linux 13 (trixie) aarch64,Linux,aarch64,3.10.20,0.7222222222222222,0.7285714285714285,0.7222222222222222,0.7202797202797204,0.7285714285714286,0.7222222222222222,0.7202797202797203
2026-07-06 01:11:02,c9160e6539125e06c66b22677b30e1ed0aad8c344173a6c30f97b14607f84244,c9160e65,ubuntu,quantum_circuit_qubit_sweep_codecarbon,61,-1,-1,True,RX_RY_RING_1Q,PennyLane,0.42.3,default.qubit,RX_RY_RING,1,4,13,14,2,12,0,CNOT_RING,14,-0.09431167,0.52356,0.094312,0.692037,0.030933036,4.626047551218008e-07,0,8.663754134128491e-07,1.3289801685346497e-06,4.890748746245764e-07,0.36800765,3.2.8,1,1,2,64.6558,2.3921643,6.6449e-07,154.66728213,Cortex-A53,4,4,25.3,1200.0,1,49.4,221.5898,0.88,Debian GNU/Linux 13 (trixie) aarch64,Linux,aarch64,3.10.20,0.7222222222222222,0.7285714285714285,0.7222222222222222,0.7202797202797204,0.7285714285714286,0.7222222222222222,0.7202797202797203
2026-07-06 01:11:07,c9160e6539125e06c66b22677b30e1ed0aad8c344173a6c30f97b14607f84244,c9160e65,ubuntu,quantum_circuit_qubit_sweep_codecarbon,62,-1,-1,True,RX_RY_RING_1Q,PennyLane,0.42.3,default.qubit,RX_RY_RING,1,4,13,14,2,12,0,CNOT_RING,14,-0.15710739,0.539196,0.157107,0.690071,0.031260533,4.641328409521116e-07,0,8.692424408703421e-07,1.3333752818224538e-06,4.906923099566353e-07,0.36800765,3.2.8,1,1,2,63.9784,2.40007551,6.66688e-07,153.55307636,Cortex-A53,4,4,25.5,1200.0,2,49.4,221.5938,0.88,Debian GNU/Linux 13 (trixie) aarch64,Linux,aarch64,3.10.20,0.7222222222222222,0.7285714285714285,0.7222222222222222,0.7202797202797204,0.7285714285714286,0.7222222222222222,0.7202797202797203
2026-07-06 01:11:12,c9160e6539125e06c66b22677b30e1ed0aad8c344173a6c30f97b14607f84244,c9160e65,ubuntu,quantum_circuit_qubit_sweep_codecarbon,63,-1,1,False,RX_RY_RING_1Q,PennyLane,0.42.3,default.qubit,RX_RY_RING,1,4,13,14,2,12,0,CNOT_RING,14,0.0423531,0.510587,0.042353,0.692923,0.0310454301,4.623958950655328e-07,0,8.659561541086683e-07,1.328352049174201e-06,4.88843721892027e-07,0.36800765,3.2.8,1,1,2,64.4217,2.39103369,6.64176e-07,154.03450236,Cortex-A53,4,4,25.3,1200.0,2,49.4,221.5938,0.88,Debian GNU/Linux 13 (trixie) aarch64,Linux,aarch64,3.10.20,0.7222222222222222,0.7285714285714285,0.7222222222222222,0.7202797202797204,0.7285714285714286,0.7222222222222222,0.7202797202797203
2026-07-06 01:11:17,c9160e6539125e06c66b22677b30e1ed0aad8c344173a6c30f97b14607f84244,c9160e65,ubuntu,quantum_circuit_qubit_sweep_codecarbon,64,1,1,True,RX_RY_RING_1Q,PennyLane,0.42.3,default.qubit,RX_RY_RING,1,4,13,14,2,12,0,CNOT_RING,14,0.1577734,0.539362,0.157773,0.690045,0.0309840229,4.623715804061956e-07,0,8.659422907900686e-07,1.3283138711962642e-06,4.88829672103915e-07,0.36800765,3.2.8,1,1,2,64.5494,2.39096497,6.64157e-07,154.3353474,Cortex-A53,4,4,25.7,1200.0,1,49.4,221.5977,0.88,Debian GNU/Linux 13 (trixie) aarch64,Linux,aarch64,3.10.20,0.7222222222222222,0.7285714285714285,0.7222222222222222,0.7202797202797204,0.7285714285714286,0.7222222222222222,0.7202797202797203
2026-07-06 01:11:22,c9160e6539125e06c66b22677b30e1ed0aad8c344173a6c30f97b14607f84244,c9160e65,ubuntu,quantum_circuit_qubit_sweep_codecarbon,65,-1,-1,True,RX_RY_RING_1Q,PennyLane,0.42.3,default.qubit,RX_RY_RING,1,4,13,14,2,12,0,CNOT_RING,14,-0.01062533,0.502656,0.010625,0.693133,0.030863554,4.623546271274488e-07,0,8.657930133631453e-07,1.328147640490594e-06,4.887684979318248e-07,0.36800765,3.2.8,1,1,2,64.8014,2.39066575,6.64074e-07,154.91837098,Cortex-A53,4,4,25.7,1200.0,3,49.4,221.5977,0.88,Debian GNU/Linux 13 (trixie) aarch64,Linux,aarch64,3.10.20,0.7222222222222222,0.7285714285714285,0.7222222222222222,0.7202797202797204,0.7285714285714286,0.7222222222222222,0.7202797202797203
2026-07-06 01:11:28,c9160e6539125e06c66b22677b30e1ed0aad8c344173a6c30f97b14607f84244,c9160e65,ubuntu,quantum_circuit_qubit_sweep_codecarbon,66,-1,-1,True,RX_RY_RING_1Q,PennyLane,0.42.3,default.qubit,RX_RY_RING,1,4,13,14,2,12,0,CNOT_RING,14,-0.04552089,0.511378,0.045521,0.692888,0.03104574,4.623848903178863e-07,0,8.659432118292897e-07,1.328328102147176e-06,4.888349092027805e-07,0.36800765,3.2.8,1,1,2,64.4211,2.39099058,6.64164e-07,154.03018794,Cortex-A53,4,4,24.3,1200.0,1,49.3,221.6016,0.88,Debian GNU/Linux 13 (trixie) aarch64,Linux,aarch64,3.10.20,0.7222222222222222,0.7285714285714285,0.7222222222222222,0.7202797202797204,0.7285714285714286,0.7222222222222222,0.7202797202797203
2026-07-06 01:11:33,c9160e6539125e06c66b22677b30e1ed0aad8c344173a6c30f97b14607f84244,c9160e65,ubuntu,quantum_circuit_qubit_sweep_codecarbon,67,1,1,True,RX_RY_RING_1Q,PennyLane,0.42.3,default.qubit,RX_RY_RING,1,4,13,14,2,12,0,CNOT_RING,14,0.13565263,0.533861,0.135653,0.690852,0.031255686,4.62419966883118e-07,0,8.659858600003645e-07,1.3284058268834825e-06,4.88863512500681e-07,0.36800765,3.2.8,1,1,2,63.9884,2.39113049,6.64203e-07,153.00451199,Cortex-A53,4,4,25.7,1200.0,2,49.3,221.6016,0.88,Debian GNU/Linux 13 (trixie) aarch64,Linux,aarch64,3.10.20,0.7222222222222222,0.7285714285714285,0.7222222222222222,0.7202797202797204,0.7285714285714286,0.7222222222222222,0.7202797202797203
2026-07-06 01:11:38,c9160e6539125e06c66b22677b30e1ed0aad8c344173a6c30f97b14607f84244,c9160e65,ubuntu,quantum_circuit_qubit_sweep_codecarbon,68,-1,-1,True,RX_RY_RING_1Q,PennyLane,0.42.3,default.qubit,RX_RY_RING,1,4,13,14,2,12,0,CNOT_RING,14,-0.26895101,0.566835,0.268951,0.684186,0.031002667,4.623372627215253e-07,0,8.658912267613535e-07,1.3282284894828788e-06,4.887982509798397e-07,0.36800765,3.2.8,1,1,2,64.5106,2.39081128,6.64114e-07,154.23261995,Cortex-A53,4,4,25.0,1200.0,1,49.2,221.6055,0.88,Debian GNU/Linux 13 (trixie) aarch64,Linux,aarch64,3.10.20,0.7222222222222222,0.7285714285714285,0.7222222222222222,0.7202797202797204,0.7285714285714286,0.7222222222222222,0.7202797202797203
2026-07-06 01:11:43,c9160e6539125e06c66b22677b30e1ed0aad8c344173a6c30f97b14607f84244,c9160e65,ubuntu,quantum_circuit_qubit_sweep_codecarbon,69,-1,-1,True,RX_RY_RING_1Q,PennyLane,0.42.3,default.qubit,RX_RY_RING,1,4,13,14,2,12,0,CNOT_RING,14,-0.24648892,0.561312,0.246489,0.68561,0.0309845931,4.623587689870109e-07,0,8.659246732713654e-07,1.328283442258376e-06,4.888184740218556e-07,0.36800765,3.2.8,1,1,2,64.5482,2.3909102,6.64142e-07,154.32897177,Cortex-A53,4,4,24.0,1200.0,1,49.4,221.582,0.88,Debian GNU/Linux 13 (trixie) aarch64,Linux,aarch64,3.10.20,0.7222222222222222,0.7285714285714285,0.7222222222222222,0.7202797202797204,0.7285714285714286,0.7222222222222222,0.7202797202797203
2026-07-06 01:11:48,c9160e6539125e06c66b22677b30e1ed0aad8c344173a6c30f97b14607f84244,c9160e65,ubuntu,quantum_circuit_qubit_sweep_codecarbon,70,-1,1,False,RX_RY_RING_1Q,PennyLane,0.42.3,default.qubit,RX_RY_RING,1,4,13,14,2,12,0,CNOT_RING,14,0.02494731,0.506237,0.024947,0.693069,0.0313740699,4.625506467289394e-07,0,8.662777799569691e-07,1.3288284266859083e-06,4.890190324627401e-07,0.36800765,3.2.8,1,1,2,63.7469,2.39189117,6.64414e-07,152.47567042,Cortex-A53,4,4,25.7,1200.0,2,49.4,221.6406,0.88,Debian GNU/Linux 13 (trixie) aarch64,Linux,aarch64,3.10.20,0.7222222222222222,0.7285714285714285,0.7222222222222222,0.7202797202797204,0.7285714285714286,0.7222222222222222,0.7202797202797203
2026-07-06 01:11:53,c9160e6539125e06c66b22677b30e1ed0aad8c344173a6c30f97b14607f84244,c9160e65,ubuntu,quantum_circuit_qubit_sweep_codecarbon,71,-1,-1,True,RX_RY_RING_1Q,PennyLane,0.42.3,default.qubit,RX_RY_RING,1,4,13,14,2,12,0,CNOT_RING,14,-0.10555017,0.526363,0.10555,0.691757,0.030983133,4.623247826885846e-07,0,8.658485991569857e-07,1.3281733818455705e-06,4.887779709474918e-07,0.36800765,3.2.8,1,1,2,64.5513,2.39071209,6.64087e-07,154.32345636,Cortex-A53,4,4,25.5,1200.0,1,49.3,221.6406,0.88,Debian GNU/Linux 13 (trixie) aarch64,Linux,aarch64,3.10.20,0.7222222222222222,0.7285714285714285,0.7222222222222222,0.7202797202797204,0.7285714285714286,0.7222222222222222,0.7202797202797203
2026-07-06 01:12:04,c9160e6539125e06c66b22677b30e1ed0aad8c344173a6c30f97b14607f84244,c9160e65,ubuntu,quantum_circuit_qubit_sweep_codecarbon,0,-1,1,False,RX_RY_RING_2Q,PennyLane,0.42.3,default.qubit,RX_RY_RING,2,4,25,18,4,24,8,CNOT_RING,36,0.26124297,0.564942,0.261243,0.684688,0.1070195371,4.965310852249394e-07,0,9.277559073719508e-07,1.42428699259689e-06,5.24148515400196e-07,0.36800765,3.2.8,2,1,3,28.0323,1.70914439,4.74762e-07,47.9111881,Cortex-A53,4,4,30.7,1200.0,3,49.2,221.6836,0.88,Debian GNU/Linux 13 (trixie) aarch64,Linux,aarch64,3.10.20,0.6666666666666666,0.6753246753246754,0.6666666666666666,0.6625000000000001,0.6753246753246753,0.6666666666666667,0.6625
2026-07-06 01:12:09,c9160e6539125e06c66b22677b30e1ed0aad8c344173a6c30f97b14607f84244,c9160e65,ubuntu,quantum_circuit_qubit_sweep_codecarbon,1,1,-1,False,RX_RY_RING_2Q,PennyLane,0.42.3,default.qubit,RX_RY_RING,2,4,25,18,4,24,8,CNOT_RING,36,-0.26967033,0.567012,0.26967,0.684139,0.119853796,5.025143773398466e-07,0,9.411987509035196e-07,1.443713128243366e-06,5.3129748201436e-07,0.36800765,3.2.8,2,1,3,25.0305,1.73245575,4.81238e-07,43.36422739,Cortex-A53,4,4,25.0,1200.0,1,49.1,221.6914,0.88,Debian GNU/Linux 13 (trixie) aarch64,Linux,aarch64,3.10.20,0.6666666666666666,0.6753246753246754,0.6666666666666666,0.6625000000000001,0.6753246753246753,0.6666666666666667,0.6625
2026-07-06 01:12:14,c9160e6539125e06c66b22677b30e1ed0aad8c344173a6c30f97b14607f84244,c9160e65,ubuntu,quantum_circuit_qubit_sweep_codecarbon,2,1,1,True,RX_RY_RING_2Q,PennyLane,0.42.3,default.qubit,RX_RY_RING,2,4,25,18,4,24,8,CNOT_RING,36,0.45708565,0.612323,0.457086,0.667698,0.0933478812,4.905903987172577e-07,0,9.188284866589432e-07,1.409418885376201e-06,5.186769381358934e-07,0.36800765,3.2.8,2,1,3,32.1378,1.69130266,4.69806e-07,54.35482756,Cortex-A53,4,4,25.3,1200.0,1,49.3,221.7344,0.88,Debian GNU/Linux 13 (trixie) aarch64,Linux,aarch64,3.10.20,0.6666666666666666,0.6753246753246754,0.6666666666666666,0.6625000000000001,0.6753246753246753,0.6666666666666667,0.6625
2026-07-06 01:12:20,c9160e6539125e06c66b22677b30e1ed0aad8c344173a6c30f97b14607f84244,c9160e65,ubuntu,quantum_circuit_qubit_sweep_codecarbon,3,1,1,True,RX_RY_RING_2Q,PennyLane,0.42.3,default.qubit,RX_RY_RING,2,4,25,18,4,24,8,CNOT_RING,36,0.39604943,0.597738,0.396049,0.673918,0.1120113819,4.990719689263238e-07,0,9.343964942187692e-07,1.433468463145093e-06,5.275273668409836e-07,0.36800765,3.2.8,2,1,3,26.783,1.72016216,4.77823e-07,46.0710901,Cortex-A53,4,4,26.1,1200.0,2,49.3,221.7852,0.88,Debian GNU/Linux 13 (trixie) aarch64,Linux,aarch64,3.10.20,0.6666666666666666,0.6753246753246754,0.6666666666666666,0.6625000000000001,0.6753246753246753,0.6666666666666667,0.6625
2026-07-06 01:12:25,c9160e6539125e06c66b22677b30e1ed0aad8c344173a6c30f97b14607f84244,c9160e65,ubuntu,quantum_circuit_qubit_sweep_codecarbon,4,-1,-1,True,RX_RY_RING_2Q,PennyLane,0.42.3,default.qubit,RX_RY_RING,2,4,25,18,4,24,8,CNOT_RING,36,-0.22280306,0.555471,0.222803,0.68698,0.121909352,5.02798410984702e-07,0,9.41724263248034e-07,1.444522674232736e-06,5.315954011350723e-07,0.36800765,3.2.8,2,1,3,24.6084,1.73342721,4.81508e-07,42.65695405,Cortex-A53,4,4,25.3,1200.0,1,49.4,221.7852,0.88,Debian GNU/Linux 13 (trixie) aarch64,Linux,aarch64,3.10.20,0.6666666666666666,0.6753246753246754,0.6666666666666666,0.6625000000000001,0.6753246753246753,0.6666666666666667,0.6625
2026-07-06 01:12:30,c9160e6539125e06c66b22677b30e1ed0aad8c344173a6c30f97b14607f84244,c9160e65,ubuntu,quantum_circuit_qubit_sweep_codecarbon,5,1,1,True,RX_RY_RING_2Q,PennyLane,0.42.3,default.qubit,RX_RY_RING,2,4,25,18,4,24,8,CNOT_RING,36,0.44183535,0.608696,0.441835,0.669328,0.103515065,4.949905133495728e-07,0,9.270974083725984e-07,1.4220879217221712e-06,5.233392404856353e-07,0.36800765,3.2.8,2,1,3,28.9813,1.70650551,4.74029e-07,49.45672899,Cortex-A53,4,4,25.6,1200.0,1,49.4,221.7852,0.88,Debian GNU/Linux 13 (trixie) aarch64,Linux,aarch64,3.10.20,0.6666666666666666,0.6753246753246754,0.6666666666666666,0.6625000000000001,0.6753246753246753,0.6666666666666667,0.6625
2026-07-06 01:12:35,c9160e6539125e06c66b22677b30e1ed0aad8c344173a6c30f97b14607f84244,c9160e65,ubuntu,quantum_circuit_qubit_sweep_codecarbon,6,1,1,True,RX_RY_RING_2Q,PennyLane,0.42.3,default.qubit,RX_RY_RING,2,4,25,18,4,24,8,CNOT_RING,36,0.10373726,0.525911,0.103737,0.691804,0.105609898,4.961699208037721e-07,0,9.29075552461048e-07,1.42524547326482e-06,5.245012436226305e-07,0.36800765,3.2.8,2,1,3,28.4064,1.71029457,4.75082e-07,48.5833601,Cortex-A53,4,4,25.3,1200.0,1,49.4,221.7852,0.88,Debian GNU/Linux 13 (trixie) aarch64,Linux,aarch64,3.10.20,0.6666666666666666,0.6753246753246754,0.6666666666666666,0.6625000000000001,0.6753246753246753,0.6666666666666667,0.6625
2026-07-06 01:12:40,c9160e6539125e06c66b22677b30e1ed0aad8c344173a6c30f97b14607f84244,c9160e65,ubuntu,quantum_circuit_qubit_sweep_codecarbon,7,1,1,True,RX_RY_RING_2Q,PennyLane,0.42.3,default.qubit,RX_RY_RING,2,4,25,18,4,24,8,CNOT_RING,36,0.41769903,0.602933,0.417699,0.671805,0.1120966349,4.988690021257522e-07,0,9.335961299560344e-07,1.4324651320817863e-06,5.271581333297458e-07,0.36800765,3.2.8,2,1,3,26.7626,1.71895816,4.77488e-07,46.00382945,Cortex-A53,4,4,23.9,1200.0,1,49.3,221.793,0.88,Debian GNU/Linux 13 (trixie) aarch64,Linux,aarch64,3.10.20,0.6666666666666666,0.6753246753246754,0.6666666666666666,0.6625000000000001,0.6753246753246753,0.6666666666666667,0.6625
2026-07-06 01:12:45,c9160e6539125e06c66b22677b30e1ed0aad8c344173a6c30f97b14607f84244,c9160e65,ubuntu,quantum_circuit_qubit_sweep_codecarbon,8,1,-1,False,RX_RY_RING_2Q,PennyLane,0.42.3,default.qubit,RX_RY_RING,2,4,25,18,4,24,8,CNOT_RING,36,-0.57629153,0.640214,0.576292,0.653295,0.1054560412,4.95962914182908e-07,0,9.288340715769058e-07,1.4247969857598138e-06,5.243361967878659e-07,0.36800765,3.2.8,2,1,3,28.4479,1.70975638,4.74932e-07,48.63893137,Cortex-A53,4,4,24.7,1200.0,1,49.4,221.8047,0.88,Debian GNU/Linux 13 (trixie) aarch64,Linux,aarch64,3.10.20,0.6666666666666666,0.6753246753246754,0.6666666666666666,0.6625000000000001,0.6753246753246753,0.6666666666666667,0.6625
2026-07-06 01:12:50,c9160e6539125e06c66b22677b30e1ed0aad8c344173a6c30f97b14607f84244,c9160e65,ubuntu,quantum_circuit_qubit_sweep_codecarbon,9,-1,-1,True,RX_RY_RING_2Q,PennyLane,0.42.3,default.qubit,RX_RY_RING,2,4,25,18,4,24,8,CNOT_RING,36,-0.55931372,0.636294,0.559314,0.655521,0.104626616,4.956882105452854e-07,0,9.280902242365604e-07,1.423778434781846e-06,5.239613622315325e-07,0.36800765,3.2.8,2,1,3,28.6734,1.70853412,4.74593e-07,48.98946904,Cortex-A53,4,4,24.5,1200.0,2,49.4,221.8086,0.88,Debian GNU/Linux 13 (trixie) aarch64,Linux,aarch64,3.10.20,0.6666666666666666,0.6753246753246754,0.6666666666666666,0.6625000000000001,0.6753246753246753,0.6666666666666667,0.6625
2026-07-06 01:12:56,c9160e6539125e06c66b22677b30e1ed0aad8c344173a6c30f97b14607f84244,c9160e65,ubuntu,quantum_circuit_qubit_sweep_codecarbon,10,1,1,True,RX_RY_RING_2Q,PennyLane,0.42.3,default.qubit,RX_RY_RING,2,4,25,18,4,24,8,CNOT_RING,36,0.78642427,0.687063,0.786424,0.62143,0.122680326,5.037810871707095e-07,0,9.43562569251905e-07,1.4473436564226145e-06,5.326335441739968e-07,0.36800765,3.2.8,2,1,3,24.4538,1.73681239,4.82448e-07,42.47166056,Cortex-A53,4,4,26.1,1200.0,1,49.4,221.8477,0.88,Debian GNU/Linux 13 (trixie) aarch64,Linux,aarch64,3.10.20,0.6666666666666666,0.6753246753246754,0.6666666666666666,0.6625000000000001,0.6753246753246753,0.6666666666666667,0.6625
2026-07-06 01:13:01,c9160e6539125e06c66b22677b30e1ed0aad8c344173a6c30f97b14607f84244,c9160e65,ubuntu,quantum_circuit_qubit_sweep_codecarbon,11,1,1,True,RX_RY_RING_2Q,PennyLane,0.42.3,default.qubit,RX_RY_RING,2,4,25,18,4,24,8,CNOT_RING,36,0.4902171,0.620158,0.490217,0.663987,0.1059136372,4.961419422043401e-07,0,9.291975650315484e-07,1.4253395072358885e-06,5.245358488437614e-07,0.36800765,3.2.8,2,1,3,28.325,1.71040741,4.75113e-07,48.44722891,Cortex-A53,4,4,24.7,1200.0,1,49.2,221.8789,0.88,Debian GNU/Linux 13 (trixie) aarch64,Linux,aarch64,3.10.20,0.6666666666666666,0.6753246753246754,0.6666666666666666,0.6625000000000001,0.6753246753246753,0.6666666666666667,0.6625
2026-07-06 01:13:06,c9160e6539125e06c66b22677b30e1ed0aad8c344173a6c30f97b14607f84244,c9160e65,ubuntu,quantum_circuit_qubit_sweep_codecarbon,12,-1,-1,True,RX_RY_RING_2Q,PennyLane,0.42.3,default.qubit,RX_RY_RING,2,4,25,18,4,24,8,CNOT_RING,36,-0.10067941,0.525149,0.100679,0.691882,0.0951713969,4.913999892760628e-07,0,9.20337395897756e-07,1.4117373851738187e-06,5.195301638082428e-07,0.36800765,3.2.8,2,1,3,31.5221,1.69408486,4.70579e-07,53.40107169,Cortex-A53,4,4,25.0,1200.0,1,49.3,221.8789,0.88,Debian GNU/Linux 13 (trixie) aarch64,Linux,aarch64,3.10.20,0.6666666666666666,0.6753246753246754,0.6666666666666666,0.6625000000000001,0.6753246753246753,0.6666666666666667,0.6625
2026-07-06 01:13:11,c9160e6539125e06c66b22677b30e1ed0aad8c344173a6c30f97b14607f84244,c9160e65,ubuntu,quantum_circuit_qubit_sweep_codecarbon,13,1,1,True,RX_RY_RING_2Q,PennyLane,0.42.3,default.qubit,RX_RY_RING,2,4,25,18,4,24,8,CNOT_RING,36,0.24044118,0.559822,0.240441,0.685973,0.1174935231,5.014833319518302e-07,0,9.388168016448616e-07,1.440300133596692e-06,5.300414738598086e-07,0.36800765,3.2.8,2,1,3,25.5333,1.72836016,4.801e-07,44.13077714,Cortex-A53,4,4,24.2,1200.0,2,49.3,221.8789,0.88,Debian GNU/Linux 13 (trixie) aarch64,Linux,aarch64,3.10.20,0.6666666666666666,0.6753246753246754,0.6666666666666666,0.6625000000000001,0.6753246753246753,0.6666666666666667,0.6625
2026-07-06 01:13:16,c9160e6539125e06c66b22677b30e1ed0aad8c344173a6c30f97b14607f84244,c9160e65,ubuntu,quantum_circuit_qubit_sweep_codecarbon,14,1,1,True,RX_RY_RING_2Q,PennyLane,0.42.3,default.qubit,RX_RY_RING,2,4,25,18,4,24,8,CNOT_RING,36,0.02020442,0.505051,0.020204,0.693096,0.1060482659,4.962196960335211e-07,0,9.293862358511735e-07,1.4256059318846948e-06,5.246338951538546e-07,0.36800765,3.2.8,2,1,3,28.289,1.71072712,4.75202e-07,48.39476921,Cortex-A53,4,4,23.9,1200.0,3,49.4,221.8789,0.88,Debian GNU/Linux 13 (trixie) aarch64,Linux,aarch64,3.10.20,0.6666666666666666,0.6753246753246754,0.6666666666666666,0.6625000000000001,0.6753246753246753,0.6666666666666667,0.6625
2026-07-06 01:13:21,c9160e6539125e06c66b22677b30e1ed0aad8c344173a6c30f97b14607f84244,c9160e65,ubuntu,quantum_circuit_qubit_sweep_codecarbon,15,-1,1,False,RX_RY_RING_2Q,PennyLane,0.42.3,default.qubit,RX_RY_RING,2,4,25,18,4,24,8,CNOT_RING,36,0.15988361,0.539886,0.159884,0.689962,0.1139783801,5.001257764589455e-07,0,9.364626609021798e-07,1.4365884373611251e-06,5.286755412341504e-07,0.36800765,3.2.8,2,1,3,26.3208,1.72390612,4.78863e-07,45.37455586,Cortex-A53,4,4,25.8,1200.0,1,49.4,221.8789,0.88,Debian GNU/Linux 13 (trixie) aarch64,Linux,aarch64,3.10.20,0.6666666666666666,0.6753246753246754,0.6666666666666666,0.6625000000000001,0.6753246753246753,0.6666666666666667,0.6625
2026-07-06 01:13:27,c9160e6539125e06c66b22677b30e1ed0aad8c344173a6c30f97b14607f84244,c9160e65,ubuntu,quantum_circuit_qubit_sweep_codecarbon,16,1,1,True,RX_RY_RING_2Q,PennyLane,0.42.3,default.qubit,RX_RY_RING,2,4,25,18,4,24,8,CNOT_RING,36,0.10538895,0.526323,0.105389,0.691761,0.1133980169,4.990862603816721e-07,0,9.347460316106056e-07,1.4338322919922778e-06,5.276612586416551e-07,0.36800765,3.2.8,2,1,3,26.4555,1.72059875,4.77944e-07,45.51928149,Cortex-A53,4,4,25.0,1200.0,2,49.3,221.8789,0.88,Debian GNU/Linux 13 (trixie) aarch64,Linux,aarch64,3.10.20,0.6666666666666666,0.6753246753246754,0.6666666666666666,0.6625000000000001,0.6753246753246753,0.6666666666666667,0.6625
2026-07-06 01:13:32,c9160e6539125e06c66b22677b30e1ed0aad8c344173a6c30f97b14607f84244,c9160e65,ubuntu,quantum_circuit_qubit_sweep_codecarbon,17,1,1,True,RX_RY_RING_2Q,PennyLane,0.42.3,default.qubit,RX_RY_RING,2,4,25,18,4,24,8,CNOT_RING,36,0.0251178,0.506279,0.025118,0.693068,0.09951168,4.933026710318195e-07,0,9.238810550111036e-07,1.4171837260429232e-06,5.215344589367825e-07,0.36800765,3.2.8,2,1,3,30.1472,1.70062047,4.72395e-07,51.2689708,Cortex-A53,4,4,25.6,1200.0,1,49.3,221.8789,0.88,Debian GNU/Linux 13 (trixie) aarch64,Linux,aarch64,3.10.20,0.6666666666666666,0.6753246753246754,0.6666666666666666,0.6625000000000001,0.6753246753246753,0.6666666666666667,0.6625
2026-07-06 01:13:37,c9160e6539125e06c66b22677b30e1ed0aad8c344173a6c30f97b14607f84244,c9160e65,ubuntu,quantum_circuit_qubit_sweep_codecarbon,18,-1,-1,True,RX_RY_RING_2Q,PennyLane,0.42.3,default.qubit,RX_RY_RING,2,4,25,18,4,24,8,CNOT_RING,36,-0.50136023,0.622779,0.50136,0.662687,0.104565663,4.953871688767134e-07,0,9.276072384091094e-07,1.4229944072858227e-06,5.236728341117017e-07,0.36800765,3.2.8,2,1,3,28.6901,1.70759329,4.74331e-07,48.99103317,Cortex-A53,4,4,25.0,1200.0,1,49.4,221.8789,0.88,Debian GNU/Linux 13 (trixie) aarch64,Linux,aarch64,3.10.20,0.6666666666666666,0.6753246753246754,0.6666666666666666,0.6625000000000001,0.6753246753246753,0.6666666666666667,0.6625
2026-07-06 01:13:42,c9160e6539125e06c66b22677b30e1ed0aad8c344173a6c30f97b14607f84244,c9160e65,ubuntu,quantum_circuit_qubit_sweep_codecarbon,19,1,1,True,RX_RY_RING_2Q,PennyLane,0.42.3,default.qubit,RX_RY_RING,2,4,25,18,4,24,8,CNOT_RING,36,0.54128666,0.632112,0.541287,0.657822,0.111512918,4.982242333295447e-07,0,9.330497740302237e-07,1.4312740073597684e-06,5.26719790314646e-07,0.36800765,3.2.8,2,1,3,26.9027,1.71752881,4.77091e-07,46.20618416,Cortex-A53,4,4,25.3,1200.0,1,48.9,221.8984,0.88,Debian GNU/Linux 13 (trixie) aarch64,Linux,aarch64,3.10.20,0.6666666666666666,0.6753246753246754,0.6666666666666666,0.6625000000000001,0.6753246753246753,0.6666666666666667,0.6625
2026-07-06 01:13:47,c9160e6539125e06c66b22677b30e1ed0aad8c344173a6c30f97b14607f84244,c9160e65,ubuntu,quantum_circuit_qubit_sweep_codecarbon,20,-1,-1,True,RX_RY_RING_2Q,PennyLane,0.42.3,default.qubit,RX_RY_RING,2,4,25,18,4,24,8,CNOT_RING,36,-0.53256107,0.63008,0.532561,0.658913,0.116637578,5.010539053214921e-07,0,9.38443569272446e-07,1.439497474593938e-06,5.297460892028871e-07,0.36800765,3.2.8,2,1,3,25.7207,1.72739697,4.79832e-07,44.42985698,Cortex-A53,4,4,23.4,1200.0,2,49.0,221.8672,0.88,Debian GNU/Linux 13 (trixie) aarch64,Linux,aarch64,3.10.20,0.6666666666666666,0.6753246753246754,0.6666666666666666,0.6625000000000001,0.6753246753246753,0.6666666666666667,0.6625
2026-07-06 01:13:53,c9160e6539125e06c66b22677b30e1ed0aad8c344173a6c30f97b14607f84244,c9160e65,ubuntu,quantum_circuit_qubit_sweep_codecarbon,21,1,-1,False,RX_RY_RING_2Q,PennyLane,0.42.3,default.qubit,RX_RY_RING,2,4,25,18,4,24,8,CNOT_RING,36,-0.08633627,0.521571,0.086336,0.692216,0.1155447681,5.007876030479868e-07,0,9.375630041661984e-07,1.4383506072141851e-06,5.293240332285063e-07,0.36800765,3.2.8,2,1,3,25.964,1.72602073,4.7945e-07,44.8143371,Cortex-A53,4,4,24.7,1200.0,1,49.0,221.8984,0.88,Debian GNU/Linux 13 (trixie) aarch64,Linux,aarch64,3.10.20,0.6666666666666666,0.6753246753246754,0.6666666666666666,0.6625000000000001,0.6753246753246753,0.6666666666666667,0.6625
2026-07-06 01:13:58,c9160e6539125e06c66b22677b30e1ed0aad8c344173a6c30f97b14607f84244,c9160e65,ubuntu,quantum_circuit_qubit_sweep_codecarbon,22,1,1,True,RX_RY_RING_2Q,PennyLane,0.42.3,default.qubit,RX_RY_RING,2,4,25,18,4,24,8,CNOT_RING,36,0.21022053,0.552362,0.210221,0.687653,0.1109656759,4.984070340475421e-07,0,9.334443484355384e-07,1.4318513824830805e-06,5.269322687795103e-07,0.36800765,3.2.8,2,1,3,27.0354,1.71822166,4.77284e-07,46.45278763,Cortex-A53,4,4,25.6,1200.0,1,49.1,221.8984,0.88,Debian GNU/Linux 13 (trixie) aarch64,Linux,aarch64,3.10.20,0.6666666666666666,0.6753246753246754,0.6666666666666666,0.6625000000000001,0.6753246753246753,0.6666666666666667,0.6625
2026-07-06 01:14:03,c9160e6539125e06c66b22677b30e1ed0aad8c344173a6c30f97b14607f84244,c9160e65,ubuntu,quantum_circuit_qubit_sweep_codecarbon,23,-1,1,False,RX_RY_RING_2Q,PennyLane,0.42.3,default.qubit,RX_RY_RING,2,4,25,18,4,24,8,CNOT_RING,36,0.23568175,0.558649,0.235682,0.686252,0.0958790339,4.917902737441991e-07,0,9.210417949361728e-07,1.4128320686803715e-06,5.199330157178475e-07,0.36800765,3.2.8,2,1,3,31.2894,1.69539848,4.70944e-07,53.04804648,Cortex-A53,4,4,25.3,1200.0,1,49.1,221.8984,0.88,Debian GNU/Linux 13 (trixie) aarch64,Linux,aarch64,3.10.20,0.6666666666666666,0.6753246753246754,0.6666666666666666,0.6625000000000001,0.6753246753246753,0.6666666666666667,0.6625
2026-07-06 01:14:08,c9160e6539125e06c66b22677b30e1ed0aad8c344173a6c30f97b14607f84244,c9160e65,ubuntu,quantum_circuit_qubit_sweep_codecarbon,24,1,1,True,RX_RY_RING_2Q,PennyLane,0.42.3,default.qubit,RX_RY_RING,2,4,25,18,4,24,8,CNOT_RING,36,0.25950522,0.564515,0.259505,0.6848,0.110100782,4.982217084089063e-07,0,9.328207142728692e-07,1.4310424226817754e-06,5.266345653804928e-07,0.36800765,3.2.8,2,1,3,27.2478,1.71725091,4.77014e-07,46.79124551,Cortex-A53,4,4,26.4,1200.0,1,49.1,221.8984,0.88,Debian GNU/Linux 13 (trixie) aarch64,Linux,aarch64,3.10.20,0.6666666666666666,0.6753246753246754,0.6666666666666666,0.6625000000000001,0.6753246753246753,0.6666666666666667,0.6625
2026-07-06 01:14:13,c9160e6539125e06c66b22677b30e1ed0aad8c344173a6c30f97b14607f84244,c9160e65,ubuntu,quantum_circuit_qubit_sweep_codecarbon,25,1,-1,False,RX_RY_RING_2Q,PennyLane,0.42.3,default.qubit,RX_RY_RING,2,4,25,18,4,24,8,CNOT_RING,36,-0.05724058,0.514306,0.057241,0.692738,0.1143100809,5.00033781863749e-07,0,9.36440820999754e-07,1.4364746028635032e-06,5.286336492676858e-07,0.36800765,3.2.8,2,1,3,26.2444,1.72376952,4.78825e-07,45.23930462,Cortex-A53,4,4,25.3,1200.0,2,49.1,221.9102,0.88,Debian GNU/Linux 13 (trixie) aarch64,Linux,aarch64,3.10.20,0.6666666666666666,0.6753246753246754,0.6666666666666666,0.6625000000000001,0.6753246753246753,0.6666666666666667,0.6625
2026-07-06 01:14:18,c9160e6539125e06c66b22677b30e1ed0aad8c344173a6c30f97b14607f84244,c9160e65,ubuntu,quantum_circuit_qubit_sweep_codecarbon,26,1,1,True,RX_RY_RING_2Q,PennyLane,0.42.3,default.qubit,RX_RY_RING,2,4,25,18,4,24,8,CNOT_RING,36,0.38992776,0.596265,0.389928,0.674497,0.1056475199,4.962362017896441e-07,0,9.291826417514434e-07,1.4254188435410874e-06,5.245650452113499e-07,0.36800765,3.2.8,2,1,3,28.3963,1.71050261,4.7514e-07,48.57196686,Cortex-A53,4,4,25.8,1200.0,2,49.1,221.918,0.88,Debian GNU/Linux 13 (trixie) aarch64,Linux,aarch64,3.10.20,0.6666666666666666,0.6753246753246754,0.6666666666666666,0.6625000000000001,0.6753246753246753,0.6666666666666667,0.6625
2026-07-06 01:14:24,c9160e6539125e06c66b22677b30e1ed0aad8c344173a6c30f97b14607f84244,c9160e65,ubuntu,quantum_circuit_qubit_sweep_codecarbon,27,-1,-1,True,RX_RY_RING_2Q,PennyLane,0.42.3,default.qubit,RX_RY_RING,2,4,25,18,4,24,8,CNOT_RING,36,-0.458266,0.612603,0.458266,0.66757,0.114948147,5.000168928462598e-07,0,9.364860200245554e-07,1.4365029128708152e-06,5.286440675670739e-07,0.36800765,3.2.8,2,1,3,26.0987,1.7238035,4.78834e-07,44.98907222,Cortex-A53,4,4,25.3,1200.0,1,49.2,221.918,0.88,Debian GNU/Linux 13 (trixie) aarch64,Linux,aarch64,3.10.20,0.6666666666666666,0.6753246753246754,0.6666666666666666,0.6625000000000001,0.6753246753246753,0.6666666666666667,0.6625
2026-07-06 01:14:29,c9160e6539125e06c66b22677b30e1ed0aad8c344173a6c30f97b14607f84244,c9160e65,ubuntu,quantum_circuit_qubit_sweep_codecarbon,28,-1,-1,True,RX_RY_RING_2Q,PennyLane,0.42.3,default.qubit,RX_RY_RING,2,4,25,18,4,24,8,CNOT_RING,36,-0.08950643,0.522362,0.089506,0.692147,0.105230436,4.959361458643418e-07,0,9.286009357310832e-07,1.424537081595425e-06,5.24240550065949e-07,0.36800765,3.2.8,2,1,3,28.5089,1.7094445,4.74846e-07,48.73431766,Cortex-A53,4,4,25.5,1200.0,3,49.2,221.9375,0.88,Debian GNU/Linux 13 (trixie) aarch64,Linux,aarch64,3.10.20,0.6666666666666666,0.6753246753246754,0.6666666666666666,0.6625000000000001,0.6753246753246753,0.6666666666666667,0.6625
2026-07-06 01:14:34,c9160e6539125e06c66b22677b30e1ed0aad8c344173a6c30f97b14607f84244,c9160e65,ubuntu,quantum_circuit_qubit_sweep_codecarbon,29,1,1,True,RX_RY_RING_2Q,PennyLane,0.42.3,default.qubit,RX_RY_RING,2,4,25,18,4,24,8,CNOT_RING,36,0.49705355,0.621767,0.497054,0.663193,0.121492693,5.02284529308478e-07,0,9.407661366276444e-07,1.4430506659361225e-06,5.310536908145139e-07,0.36800765,3.2.8,2,1,3,24.6928,1.7316608,4.81017e-07,42.75962834,Cortex-A53,4,4,21.3,1200.0,1,49.2,221.9375,0.88,Debian GNU/Linux 13 (trixie) aarch64,Linux,aarch64,3.10.20,0.6666666666666666,0.6753246753246754,0.6666666666666666,0.6625000000000001,0.6753246753246753,0.6666666666666667,0.6625
2026-07-06 01:14:39,c9160e6539125e06c66b22677b30e1ed0aad8c344173a6c30f97b14607f84244,c9160e65,ubuntu,quantum_circuit_qubit_sweep_codecarbon,30,-1,1,False,RX_RY_RING_2Q,PennyLane,0.42.3,default.qubit,RX_RY_RING,2,4,25,18,4,24,8,CNOT_RING,36,0.10392132,0.525957,0.103921,0.691799,0.113442838,4.997396746443378e-07,0,9.360006108181552e-07,1.4357402854624931e-06,5.283634148433229e-07,0.36800765,3.2.8,2,1,3,26.445,1.72288834,4.7858e-07,45.56184525,Cortex-A53,4,4,25.3,1200.0,1,49.1,221.8945,0.88,Debian GNU/Linux 13 (trixie) aarch64,Linux,aarch64,3.10.20,0.6666666666666666,0.6753246753246754,0.6666666666666666,0.6625000000000001,0.6753246753246753,0.6666666666666667,0.6625
2026-07-06 01:14:44,c9160e6539125e06c66b22677b30e1ed0aad8c344173a6c30f97b14607f84244,c9160e65,ubuntu,quantum_circuit_qubit_sweep_codecarbon,31,-1,1,False,RX_RY_RING_2Q,PennyLane,0.42.3,default.qubit,RX_RY_RING,2,4,25,18,4,24,8,CNOT_RING,36,0.12359845,0.53086,0.123598,0.691241,0.097621358,4.924880395539933e-07,0,9.22393204139856e-07,1.4148812436938492e-06,5.206871278081019e-07,0.36800765,3.2.8,2,1,3,30.731,1.69785749,4.71627e-07,52.17682464,Cortex-A53,4,4,25.5,1200.0,1,49.4,221.9258,0.88,Debian GNU/Linux 13 (trixie) aarch64,Linux,aarch64,3.10.20,0.6666666666666666,0.6753246753246754,0.6666666666666666,0.6625000000000001,0.6753246753246753,0.6666666666666667,0.6625
2026-07-06 01:14:50,c9160e6539125e06c66b22677b30e1ed0aad8c344173a6c30f97b14607f84244,c9160e65,ubuntu,quantum_circuit_qubit_sweep_codecarbon,32,-1,-1,True,RX_RY_RING_2Q,PennyLane,0.42.3,default.qubit,RX_RY_RING,2,4,25,18,4,24,8,CNOT_RING,36,-0.11954118,0.52985,0.119541,0.691364,0.111673261,4.988827043797667e-07,0,9.340586259107416e-07,1.4329413302905082e-06,5.273333779155877e-07,0.36800765,3.2.8,2,1,3,26.8641,1.7195296,4.77647e-07,46.19358959,Cortex-A53,4,4,25.8,1200.0,2,49.4,221.9258,0.88,Debian GNU/Linux 13 (trixie) aarch64,Linux,aarch64,3.10.20,0.6666666666666666,0.6753246753246754,0.6666666666666666,0.6625000000000001,0.6753246753246753,0.6666666666666667,0.6625
2026-07-06 01:14:55,c9160e6539125e06c66b22677b30e1ed0aad8c344173a6c30f97b14607f84244,c9160e65,ubuntu,quantum_circuit_qubit_sweep_codecarbon,33,-1,-1,True,RX_RY_RING_2Q,PennyLane,0.42.3,default.qubit,RX_RY_RING,2,4,25,18,4,24,8,CNOT_RING,36,-0.06700838,0.516746,0.067008,0.692586,0.1128490351,4.992731123448059e-07,0,9.350385557627306e-07,1.4343116681075365e-06,5.278376727214278e-07,0.36800765,3.2.8,2,1,3,26.5842,1.721174,4.78104e-07,45.75601379,Cortex-A53,4,4,25.0,1200.0,1,49.3,221.9258,0.88,Debian GNU/Linux 13 (trixie) aarch64,Linux,aarch64,3.10.20,0.6666666666666666,0.6753246753246754,0.6666666666666666,0.6625000000000001,0.6753246753246753,0.6666666666666667,0.6625
2026-07-06 01:15:00,c9160e6539125e06c66b22677b30e1ed0aad8c344173a6c30f97b14607f84244,c9160e65,ubuntu,quantum_circuit_qubit_sweep_codecarbon,34,1,-1,False,RX_RY_RING_2Q,PennyLane,0.42.3,default.qubit,RX_RY_RING,2,4,25,18,4,24,8,CNOT_RING,36,-0.22239757,0.555371,0.222398,0.687003,0.105397875,4.95980550443332e-07,0,9.286809392506256e-07,1.4246614896939576e-06,5.242863331984838e-07,0.36800765,3.2.8,2,1,3,28.4636,1.70959379,4.74887e-07,48.66114583,Cortex-A53,4,4,24.5,1200.0,1,49.2,221.9727,0.88,Debian GNU/Linux 13 (trixie) aarch64,Linux,aarch64,3.10.20,0.6666666666666666,0.6753246753246754,0.6666666666666666,0.6625000000000001,0.6753246753246753,0.6666666666666667,0.6625
2026-07-06 01:15:05,c9160e6539125e06c66b22677b30e1ed0aad8c344173a6c30f97b14607f84244,c9160e65,ubuntu,quantum_circuit_qubit_sweep_codecarbon,35,-1,1,False,RX_RY_RING_2Q,PennyLane,0.42.3,default.qubit,RX_RY_RING,2,4,25,18,4,24,8,CNOT_RING,36,0.29863362,0.574108,0.298634,0.682122,0.115286831,4.999661060095026e-07,0,9.362759825307876e-07,1.4362420885402902e-06,5.285480822169756e-07,0.36800765,3.2.8,2,1,3,26.0221,1.72349051,4.78747e-07,44.84876088,Cortex-A53,4,4,25.0,1200.0,1,49.2,221.9727,0.88,Debian GNU/Linux 13 (trixie) aarch64,Linux,aarch64,3.10.20,0.6666666666666666,0.6753246753246754,0.6666666666666666,0.6625000000000001,0.6753246753246753,0.6666666666666667,0.6625
2026-07-06 01:15:10,c9160e6539125e06c66b22677b30e1ed0aad8c344173a6c30f97b14607f84244,c9160e65,ubuntu,quantum_circuit_qubit_sweep_codecarbon,36,1,1,True,RX_RY_RING_2Q,PennyLane,0.42.3,default.qubit,RX_RY_RING,2,4,25,18,4,24,8,CNOT_RING,36,0.28608206,0.571037,0.286082,0.683021,0.1016030489,4.942495035421518e-07,0,9.256208191315332e-07,1.419870322673685e-06,5.225231470613055e-07,0.36800765,3.2.8,2,1,3,29.5267,1.70384439,4.7329e-07,50.30885608,Cortex-A53,4,4,26.1,1200.0,3,49.5,221.9922,0.88,Debian GNU/Linux 13 (trixie) aarch64,Linux,aarch64,3.10.20,0.6666666666666666,0.6753246753246754,0.6666666666666666,0.6625000000000001,0.6753246753246753,0.6666666666666667,0.6625
2026-07-06 01:15:15,c9160e6539125e06c66b22677b30e1ed0aad8c344173a6c30f97b14607f84244,c9160e65,ubuntu,quantum_circuit_qubit_sweep_codecarbon,37,-1,1,False,RX_RY_RING_2Q,PennyLane,0.42.3,default.qubit,RX_RY_RING,2,4,25,18,4,24,8,CNOT_RING,36,0.25201808,0.562673,0.252018,0.685271,0.111959659,4.993062756127782e-07,0,9.347538316311935e-07,1.4340601072439715e-06,5.277450963980775e-07,0.36800765,3.2.8,2,1,3,26.7954,1.72087213,4.7802e-07,46.1113979,Cortex-A53,4,4,24.5,1200.0,1,49.4,222.0273,0.88,Debian GNU/Linux 13 (trixie) aarch64,Linux,aarch64,3.10.20,0.6666666666666666,0.6753246753246754,0.6666666666666666,0.6625000000000001,0.6753246753246753,0.6666666666666667,0.6625
2026-07-06 01:15:20,c9160e6539125e06c66b22677b30e1ed0aad8c344173a6c30f97b14607f84244,c9160e65,ubuntu,quantum_circuit_qubit_sweep_codecarbon,38,-1,1,False,RX_RY_RING_2Q,PennyLane,0.42.3,default.qubit,RX_RY_RING,2,4,25,18,4,24,8,CNOT_RING,36,0.00914409,0.502286,0.009144,0.693137,0.101304766,4.941008804986874e-07,0,9.253837317616368e-07,1.4194846122603244e-06,5.223812026767901e-07,0.36800765,3.2.8,2,1,3,29.6136,1.70338153,4.73162e-07,50.44327927,Cortex-A53,4,4,25.8,1200.0,1,49.3,222.1367,0.88,Debian GNU/Linux 13 (trixie) aarch64,Linux,aarch64,3.10.20,0.6666666666666666,0.6753246753246754,0.6666666666666666,0.6625000000000001,0.6753246753246753,0.6666666666666667,0.6625
2026-07-06 01:15:26,c9160e6539125e06c66b22677b30e1ed0aad8c344173a6c30f97b14607f84244,c9160e65,ubuntu,quantum_circuit_qubit_sweep_codecarbon,39,-1,1,False,RX_RY_RING_2Q,PennyLane,0.42.3,default.qubit,RX_RY_RING,2,4,25,18,4,24,8,CNOT_RING,36,0.1962437,0.548904,0.196244,0.688356,0.107726502,4.961812826593935e-07,0,9.290458091224232e-07,1.425227091781817e-06,5.244944790961854e-07,0.36800765,3.2.8,2,1,3,27.8483,1.71027251,4.75076e-07,47.62818281,Cortex-A53,4,4,25.5,1200.0,2,49.3,222.1367,0.88,Debian GNU/Linux 13 (trixie) aarch64,Linux,aarch64,3.10.20,0.6666666666666666,0.6753246753246754,0.6666666666666666,0.6625000000000001,0.6753246753246753,0.6666666666666667,0.6625
2026-07-06 01:15:31,c9160e6539125e06c66b22677b30e1ed0aad8c344173a6c30f97b14607f84244,c9160e65,ubuntu,quantum_circuit_qubit_sweep_codecarbon,40,-1,-1,True,RX_RY_RING_2Q,PennyLane,0.42.3,default.qubit,RX_RY_RING,2,4,25,18,4,24,8,CNOT_RING,36,-0.47624234,0.61686,0.476242,0.66558,0.1158100499,5.004517267810197e-07,0,9.37259729253128e-07,1.4377114560341478e-06,5.290888207019059e-07,0.36800765,3.2.8,2,1,3,25.9045,1.72525375,4.79237e-07,44.69181427,Cortex-A53,4,4,24.4,1200.0,1,49.1,222.0039,0.88,Debian GNU/Linux 13 (trixie) aarch64,Linux,aarch64,3.10.20,0.6666666666666666,0.6753246753246754,0.6666666666666666,0.6625000000000001,0.6753246753246753,0.6666666666666667,0.6625
2026-07-06 01:15:36,c9160e6539125e06c66b22677b30e1ed0aad8c344173a6c30f97b14607f84244,c9160e65,ubuntu,quantum_circuit_qubit_sweep_codecarbon,41,-1,1,False,RX_RY_RING_2Q,PennyLane,0.42.3,default.qubit,RX_RY_RING,2,4,25,18,4,24,8,CNOT_RING,36,0.01190034,0.502975,0.0119,0.693129,0.1012358579,4.940497055776527e-07,0,9.25321805019242e-07,1.419371510596895e-06,5.223395803989178e-07,0.36800765,3.2.8,2,1,3,29.6338,1.70324581,4.73124e-07,50.47359249,Cortex-A53,4,4,25.3,1200.0,2,49.3,222.0352,0.88,Debian GNU/Linux 13 (trixie) aarch64,Linux,aarch64,3.10.20,0.6666666666666666,0.6753246753246754,0.6666666666666666,0.6625000000000001,0.6753246753246753,0.6666666666666667,0.6625
2026-07-06 01:15:41,c9160e6539125e06c66b22677b30e1ed0aad8c344173a6c30f97b14607f84244,c9160e65,ubuntu,quantum_circuit_qubit_sweep_codecarbon,42,-1,-1,True,RX_RY_RING_2Q,PennyLane,0.42.3,default.qubit,RX_RY_RING,2,4,25,18,4,24,8,CNOT_RING,36,-0.26066431,0.5648,0.260664,0.684726,0.119713411,5.022914830802215e-07,0,9.407789582231394e-07,1.4430704413033609e-06,5.310609683010271e-07,0.36800765,3.2.8,2,1,3,25.0598,1.73168453,4.81023e-07,43.3957528,Cortex-A53,4,4,26.0,1200.0,1,49.4,222.0352,0.88,Debian GNU/Linux 13 (trixie) aarch64,Linux,aarch64,3.10.20,0.6666666666666666,0.6753246753246754,0.6666666666666666,0.6625000000000001,0.6753246753246753,0.6666666666666667,0.6625
2026-07-06 01:15:47,c9160e6539125e06c66b22677b30e1ed0aad8c344173a6c30f97b14607f84244,c9160e65,ubuntu,quantum_circuit_qubit_sweep_codecarbon,43,1,1,True,RX_RY_RING_2Q,PennyLane,0.42.3,default.qubit,RX_RY_RING,2,4,25,18,4,24,8,CNOT_RING,36,0.62043812,0.650318,0.620438,0.647249,0.10110747,4.930309249757383e-07,0,9.234143717912958e-07,1.4164452967670342e-06,5.212627113109901e-07,0.36800765,3.2.8,2,1,3,29.6714,1.69973436,4.72148e-07,50.43349486,Cortex-A53,4,4,25.3,1200.0,2,49.6,222.0391,0.88,Debian GNU/Linux 13 (trixie) aarch64,Linux,aarch64,3.10.20,0.6666666666666666,0.6753246753246754,0.6666666666666666,0.6625000000000001,0.6753246753246753,0.6666666666666667,0.6625
2026-07-06 01:15:52,c9160e6539125e06c66b22677b30e1ed0aad8c344173a6c30f97b14607f84244,c9160e65,ubuntu,quantum_circuit_qubit_sweep_codecarbon,44,1,1,True,RX_RY_RING_2Q,PennyLane,0.42.3,default.qubit,RX_RY_RING,2,4,25,18,4,24,8,CNOT_RING,36,0.57276731,0.639401,0.572767,0.653762,0.1125279278,4.986322320376833e-07,0,9.335300607684378e-07,1.4321622928061213e-06,5.270466861582348e-07,0.36800765,3.2.8,2,1,3,26.66,1.71859475,4.77387e-07,45.81781921,Cortex-A53,4,4,23.8,1200.0,1,49.6,222.0391,0.88,Debian GNU/Linux 13 (trixie) aarch64,Linux,aarch64,3.10.20,0.6666666666666666,0.6753246753246754,0.6666666666666666,0.6625000000000001,0.6753246753246753,0.6666666666666667,0.6625
2026-07-06 01:15:57,c9160e6539125e06c66b22677b30e1ed0aad8c344173a6c30f97b14607f84244,c9160e65,ubuntu,quantum_circuit_qubit_sweep_codecarbon,45,1,-1,False,RX_RY_RING_2Q,PennyLane,0.42.3,default.qubit,RX_RY_RING,2,4,25,18,4,24,8,CNOT_RING,36,-0.45459217,0.611731,0.454592,0.667968,0.105394528,4.959824055365073e-07,0,9.287179674720392e-07,1.4247003730085466e-06,5.243006425558826e-07,0.36800765,3.2.8,2,1,3,28.4645,1.70964045,4.749e-07,48.66401928,Cortex-A53,4,4,25.3,1200.0,1,49.5,222.0391,0.88,Debian GNU/Linux 13 (trixie) aarch64,Linux,aarch64,3.10.20,0.6666666666666666,0.6753246753246754,0.6666666666666666,0.6625000000000001,0.6753246753246753,0.6666666666666667,0.6625
2026-07-06 01:16:02,c9160e6539125e06c66b22677b30e1ed0aad8c344173a6c30f97b14607f84244,c9160e65,ubuntu,quantum_circuit_qubit_sweep_codecarbon,46,1,1,True,RX_RY_RING_2Q,PennyLane,0.42.3,default.qubit,RX_RY_RING,2,4,25,18,4,24,8,CNOT_RING,36,0.61049692,0.648054,0.610497,0.648643,0.113260786,4.98697411232795e-07,0,9.339741341924916e-07,1.4326715454252866e-06,5.272340950201331e-07,0.36800765,3.2.8,2,1,3,26.4875,1.71920585,4.77557e-07,45.5375399,Cortex-A53,4,4,25.5,1200.0,1,49.4,222.0586,0.88,Debian GNU/Linux 13 (trixie) aarch64,Linux,aarch64,3.10.20,0.6666666666666666,0.6753246753246754,0.6666666666666666,0.6625000000000001,0.6753246753246753,0.6666666666666667,0.6625
2026-07-06 01:16:07,c9160e6539125e06c66b22677b30e1ed0aad8c344173a6c30f97b14607f84244,c9160e65,ubuntu,quantum_circuit_qubit_sweep_codecarbon,47,1,1,True,RX_RY_RING_2Q,PennyLane,0.42.3,default.qubit,RX_RY_RING,2,4,25,18,4,24,8,CNOT_RING,36,0.5833737,0.641843,0.583374,0.65235,0.097138738,4.922573888260457e-07,0,9.21959215775132e-07,1.414216604601178e-06,5.204425355345563e-07,0.36800765,3.2.8,2,1,3,30.8837,1.69705993,4.71406e-07,52.41142597,Cortex-A53,4,4,25.0,1200.0,1,49.4,222.0586,0.88,Debian GNU/Linux 13 (trixie) aarch64,Linux,aarch64,3.10.20,0.6666666666666666,0.6753246753246754,0.6666666666666666,0.6625000000000001,0.6753246753246753,0.6666666666666667,0.6625
2026-07-06 01:16:12,c9160e6539125e06c66b22677b30e1ed0aad8c344173a6c30f97b14607f84244,c9160e65,ubuntu,quantum_circuit_qubit_sweep_codecarbon,48,1,1,True,RX_RY_RING_2Q,PennyLane,0.42.3,default.qubit,RX_RY_RING,2,4,25,18,4,24,8,CNOT_RING,36,0.58801571,0.64291,0.588016,0.651726,0.114898639,5.004354404906432e-07,0,9.369184982885296e-07,1.4373539387791729e-06,5.289572516154794e-07,0.36800765,3.2.8,2,1,3,26.11,1.72482473,4.79118e-07,45.03512159,Cortex-A53,4,4,25.3,1200.0,1,49.4,222.0664,0.88,Debian GNU/Linux 13 (trixie) aarch64,Linux,aarch64,3.10.20,0.6666666666666666,0.6753246753246754,0.6666666666666666,0.6625000000000001,0.6753246753246753,0.6666666666666667,0.6625
2026-07-06 01:16:17,c9160e6539125e06c66b22677b30e1ed0aad8c344173a6c30f97b14607f84244,c9160e65,ubuntu,quantum_circuit_qubit_sweep_codecarbon,49,-1,1,False,RX_RY_RING_2Q,PennyLane,0.42.3,default.qubit,RX_RY_RING,2,4,25,18,4,24,8,CNOT_RING,36,0.17124392,0.542707,0.171244,0.689495,0.1015977729,4.941986177056018e-07,0,9.255411200380576e-07,1.4197397377436591e-06,5.224750908075009e-07,0.36800765,3.2.8,2,1,3,29.5282,1.70368769,4.73247e-07,50.30684147,Cortex-A53,4,4,25.3,1200.0,2,49.6,222.0664,0.88,Debian GNU/Linux 13 (trixie) aarch64,Linux,aarch64,3.10.20,0.6666666666666666,0.6753246753246754,0.6666666666666666,0.6625000000000001,0.6753246753246753,0.6666666666666667,0.6625
2026-07-06 01:16:23,c9160e6539125e06c66b22677b30e1ed0aad8c344173a6c30f97b14607f84244,c9160e65,ubuntu,quantum_circuit_qubit_sweep_codecarbon,50,-1,-1,True,RX_RY_RING_2Q,PennyLane,0.42.3,default.qubit,RX_RY_RING,2,4,25,18,4,24,8,CNOT_RING,36,-0.04319157,0.510796,0.043192,0.692914,0.112174589,4.993100218209443e-07,0,9.34843488309222e-07,1.4341535101301662e-06,5.277794693751442e-07,0.36800765,3.2.8,2,1,3,26.744,1.72098421,4.78051e-07,46.02604462,Cortex-A53,4,4,24.5,1200.0,2,49.7,222.043,0.88,Debian GNU/Linux 13 (trixie) aarch64,Linux,aarch64,3.10.20,0.6666666666666666,0.6753246753246754,0.6666666666666666,0.6625000000000001,0.6753246753246753,0.6666666666666667,0.6625
2026-07-06 01:16:28,c9160e6539125e06c66b22677b30e1ed0aad8c344173a6c30f97b14607f84244,c9160e65,ubuntu,quantum_circuit_qubit_sweep_codecarbon,51,1,1,True,RX_RY_RING_2Q,PennyLane,0.42.3,default.qubit,RX_RY_RING,2,4,25,18,4,24,8,CNOT_RING,36,0.00432193,0.50108,0.004322,0.693145,0.117203674,5.015517831262615e-07,0,9.390927598966906e-07,1.4406445430229522e-06,5.30168219164935e-07,0.36800765,3.2.8,2,1,3,25.5965,1.72877345,4.80215e-07,44.25049297,Cortex-A53,4,4,24.5,1200.0,4,50.2,222.0781,0.88,Debian GNU/Linux 13 (trixie) aarch64,Linux,aarch64,3.10.20,0.6666666666666666,0.6753246753246754,0.6666666666666666,0.6625000000000001,0.6753246753246753,0.6666666666666667,0.6625
2026-07-06 01:16:33,c9160e6539125e06c66b22677b30e1ed0aad8c344173a6c30f97b14607f84244,c9160e65,ubuntu,quantum_circuit_qubit_sweep_codecarbon,52,1,1,True,RX_RY_RING_2Q,PennyLane,0.42.3,default.qubit,RX_RY_RING,2,4,25,18,4,24,8,CNOT_RING,36,0.59745922,0.645075,0.597459,0.650442,0.1098444951,4.977844417224693e-07,0,9.319826331920924e-07,1.4297670749145614e-06,5.261652276400804e-07,0.36800765,3.2.8,2,1,3,27.3113,1.71572049,4.76589e-07,46.85862014,Cortex-A53,4,4,25.3,1200.0,1,50.2,222.0781,0.88,Debian GNU/Linux 13 (trixie) aarch64,Linux,aarch64,3.10.20,0.6666666666666666,0.6753246753246754,0.6666666666666666,0.6625000000000001,0.6753246753246753,0.6666666666666667,0.6625
2026-07-06 01:16:38,c9160e6539125e06c66b22677b30e1ed0aad8c344173a6c30f97b14607f84244,c9160e65,ubuntu,quantum_circuit_qubit_sweep_codecarbon,53,1,-1,False,RX_RY_RING_2Q,PennyLane,0.42.3,default.qubit,RX_RY_RING,2,4,25,18,4,24,8,CNOT_RING,36,-0.01538685,0.503847,0.015387,0.693118,0.1027618241,4.947184306672877e-07,0,9.265724532694246e-07,1.4212908839367125e-06,5.230459244797057e-07,0.36800765,3.2.8,2,1,3,29.1937,1.70554906,4.73764e-07,49.79132304,Cortex-A53,4,4,45.7,1200.0,2,53.4,222.0781,0.88,Debian GNU/Linux 13 (trixie) aarch64,Linux,aarch64,3.10.20,0.6666666666666666,0.6753246753246754,0.6666666666666666,0.6625000000000001,0.6753246753246753,0.6666666666666667,0.6625
2026-07-06 01:16:44,c9160e6539125e06c66b22677b30e1ed0aad8c344173a6c30f97b14607f84244,c9160e65,ubuntu,quantum_circuit_qubit_sweep_codecarbon,54,-1,-1,True,RX_RY_RING_2Q,PennyLane,0.42.3,default.qubit,RX_RY_RING,2,4,25,18,4,24,8,CNOT_RING,36,-0.24558693,0.56109,0.245587,0.685665,0.1183331951,5.007594800036814e-07,0,9.378441258256012e-07,1.4386036058292829e-06,5.294171386554259e-07,0.36800765,3.2.8,2,1,3,25.3521,1.72632433,4.79535e-07,43.76601998,Cortex-A53,4,4,24.8,1200.0,2,48.9,222.0781,0.88,Debian GNU/Linux 13 (trixie) aarch64,Linux,aarch64,3.10.20,0.6666666666666666,0.6753246753246754,0.6666666666666666,0.6625000000000001,0.6753246753246753,0.6666666666666667,0.6625
2026-07-06 01:16:49,c9160e6539125e06c66b22677b30e1ed0aad8c344173a6c30f97b14607f84244,c9160e65,ubuntu,quantum_circuit_qubit_sweep_codecarbon,55,-1,1,False,RX_RY_RING_2Q,PennyLane,0.42.3,default.qubit,RX_RY_RING,2,4,25,18,4,24,8,CNOT_RING,36,0.09114429,0.52277,0.091144,0.69211,0.1200133411,5.021973693847699e-07,0,9.405322949169204e-07,1.4427296643016905e-06,5.309355597559539e-07,0.36800765,3.2.8,2,1,3,24.9972,1.7312756,4.8091e-07,43.27707857,Cortex-A53,4,4,25.0,1200.0,2,49.0,222.0977,0.88,Debian GNU/Linux 13 (trixie) aarch64,Linux,aarch64,3.10.20,0.6666666666666666,0.6753246753246754,0.6666666666666666,0.6625000000000001,0.6753246753246753,0.6666666666666667,0.6625
2026-07-06 01:16:54,c9160e6539125e06c66b22677b30e1ed0aad8c344173a6c30f97b14607f84244,c9160e65,ubuntu,quantum_circuit_qubit_sweep_codecarbon,56,1,1,True,RX_RY_RING_2Q,PennyLane,0.42.3,default.qubit,RX_RY_RING,2,4,25,18,4,24,8,CNOT_RING,36,0.14388368,0.535909,0.143884,0.690566,0.097233519,4.922150724257033e-07,0,9.218948899069802e-07,1.4141099623326837e-06,5.204032903634632e-07,0.36800765,3.2.8,2,1,3,30.8536,1.69693195,4.7137e-07,52.3563882,Cortex-A53,4,4,25.8,1200.0,1,49.0,222.1055,0.88,Debian GNU/Linux 13 (trixie) aarch64,Linux,aarch64,3.10.20,0.6666666666666666,0.6753246753246754,0.6666666666666666,0.6625000000000001,0.6753246753246753,0.6666666666666667,0.6625
2026-07-06 01:16:59,c9160e6539125e06c66b22677b30e1ed0aad8c344173a6c30f97b14607f84244,c9160e65,ubuntu,quantum_circuit_qubit_sweep_codecarbon,57,1,1,True,RX_RY_RING_2Q,PennyLane,0.42.3,default.qubit,RX_RY_RING,2,4,25,18,4,24,8,CNOT_RING,36,0.57099548,0.638993,0.570995,0.653995,0.1218784321,5.033777600361242e-07,0,9.427608233333256e-07,1.4461385833694498e-06,5.321900680662684e-07,0.36800765,3.2.8,2,1,3,24.6147,1.7353663,4.82046e-07,42.71550602,Cortex-A53,4,4,26.3,1200.0,1,47.9,222.1094,0.88,Debian GNU/Linux 13 (trixie) aarch64,Linux,aarch64,3.10.20,0.6666666666666666,0.6753246753246754,0.6666666666666666,0.6625000000000001,0.6753246753246753,0.6666666666666667,0.6625
2026-07-06 01:17:04,c9160e6539125e06c66b22677b30e1ed0aad8c344173a6c30f97b14607f84244,c9160e65,ubuntu,quantum_circuit_qubit_sweep_codecarbon,58,-1,-1,True,RX_RY_RING_2Q,PennyLane,0.42.3,default.qubit,RX_RY_RING,2,4,25,18,4,24,8,CNOT_RING,36,-0.19160344,0.547755,0.191603,0.688579,0.1104114121,4.984688928557767e-07,0,9.332248857632902e-07,1.4316937786190668e-06,5.268742693511834e-07,0.36800765,3.2.8,2,1,3,27.1711,1.71803253,4.77231e-07,46.68084128,Cortex-A53,4,4,25.5,1200.0,2,47.8,222.1094,0.88,Debian GNU/Linux 13 (trixie) aarch64,Linux,aarch64,3.10.20,0.6666666666666666,0.6753246753246754,0.6666666666666666,0.6625000000000001,0.6753246753246753,0.6666666666666667,0.6625
2026-07-06 01:17:09,c9160e6539125e06c66b22677b30e1ed0aad8c344173a6c30f97b14607f84244,c9160e65,ubuntu,quantum_circuit_qubit_sweep_codecarbon,59,1,-1,False,RX_RY_RING_2Q,PennyLane,0.42.3,default.qubit,RX_RY_RING,2,4,25,18,4,24,8,CNOT_RING,36,-0.12560483,0.53136,0.125605,0.691179,0.115334925,5.005481586688095e-07,0,9.374566667247564e-07,1.438004825393566e-06,5.29196782871751e-07,0.36800765,3.2.8,2,1,3,26.0112,1.72560579,4.79335e-07,44.88508031,Cortex-A53,4,4,24.0,1200.0,1,48.0,222.1094,0.88,Debian GNU/Linux 13 (trixie) aarch64,Linux,aarch64,3.10.20,0.6666666666666666,0.6753246753246754,0.6666666666666666,0.6625000000000001,0.6753246753246753,0.6666666666666667,0.6625
2026-07-06 01:17:15,c9160e6539125e06c66b22677b30e1ed0aad8c344173a6c30f97b14607f84244,c9160e65,ubuntu,quantum_circuit_qubit_sweep_codecarbon,60,-1,1,False,RX_RY_RING_2Q,PennyLane,0.42.3,default.qubit,RX_RY_RING,2,4,25,18,4,24,8,CNOT_RING,36,0.26222472,0.565183,0.262225,0.684625,0.113121029,4.998172319804629e-07,0,9.358146524755284e-07,1.4356318844559912e-06,5.283235224431807e-07,0.36800765,3.2.8,2,1,3,26.5203,1.72275826,4.78544e-07,45.68801071,Cortex-A53,4,4,25.8,1200.0,1,48.0,222.082,0.88,Debian GNU/Linux 13 (trixie) aarch64,Linux,aarch64,3.10.20,0.6666666666666666,0.6753246753246754,0.6666666666666666,0.6625000000000001,0.6753246753246753,0.6666666666666667,0.6625
2026-07-06 01:17:20,c9160e6539125e06c66b22677b30e1ed0aad8c344173a6c30f97b14607f84244,c9160e65,ubuntu,quantum_circuit_qubit_sweep_codecarbon,61,-1,-1,True,RX_RY_RING_2Q,PennyLane,0.42.3,default.qubit,RX_RY_RING,2,4,25,18,4,24,8,CNOT_RING,36,-0.21542991,0.55365,0.21543,0.687379,0.1042569119,4.954366265899606e-07,0,9.278392541455104e-07,1.4232758807354713e-06,5.237764184956951e-07,0.36800765,3.2.8,2,1,3,28.7751,1.70793106,4.74425e-07,49.14583673,Cortex-A53,4,4,25.3,1200.0,1,48.0,222.1133,0.88,Debian GNU/Linux 13 (trixie) aarch64,Linux,aarch64,3.10.20,0.6666666666666666,0.6753246753246754,0.6666666666666666,0.6625000000000001,0.6753246753246753,0.6666666666666667,0.6625
2026-07-06 01:17:25,c9160e6539125e06c66b22677b30e1ed0aad8c344173a6c30f97b14607f84244,c9160e65,ubuntu,quantum_circuit_qubit_sweep_codecarbon,62,-1,-1,True,RX_RY_RING_2Q,PennyLane,0.42.3,default.qubit,RX_RY_RING,2,4,25,18,4,24,8,CNOT_RING,36,-0.32953931,0.581647,0.329539,0.679755,0.111587442,4.988505844440726e-07,0,9.339709816655764e-07,1.432821566109649e-06,5.272893037803034e-07,0.36800765,3.2.8,2,1,3,26.8847,1.71938588,4.77607e-07,46.22525211,Cortex-A53,4,4,25.5,1200.0,1,47.8,222.1133,0.88,Debian GNU/Linux 13 (trixie) aarch64,Linux,aarch64,3.10.20,0.6666666666666666,0.6753246753246754,0.6666666666666666,0.6625000000000001,0.6753246753246753,0.6666666666666667,0.6625
2026-07-06 01:17:30,c9160e6539125e06c66b22677b30e1ed0aad8c344173a6c30f97b14607f84244,c9160e65,ubuntu,quantum_circuit_qubit_sweep_codecarbon,63,-1,1,False,RX_RY_RING_2Q,PennyLane,0.42.3,default.qubit,RX_RY_RING,2,4,25,18,4,24,8,CNOT_RING,36,0.01329445,0.503324,0.013294,0.693125,0.104391336,4.954946725111869e-07,0,9.279750434992216e-07,1.4234697160104084e-06,5.238477513605731e-07,0.36800765,3.2.8,2,1,3,28.738,1.70816366,4.7449e-07,49.08923648,Cortex-A53,4,4,25.8,1200.0,2,48.0,222.1133,0.88,Debian GNU/Linux 13 (trixie) aarch64,Linux,aarch64,3.10.20,0.6666666666666666,0.6753246753246754,0.6666666666666666,0.6625000000000001,0.6753246753246753,0.6666666666666667,0.6625
2026-07-06 01:17:36,c9160e6539125e06c66b22677b30e1ed0aad8c344173a6c30f97b14607f84244,c9160e65,ubuntu,quantum_circuit_qubit_sweep_codecarbon,64,1,1,True,RX_RY_RING_2Q,PennyLane,0.42.3,default.qubit,RX_RY_RING,2,4,25,18,4,24,8,CNOT_RING,36,0.2516049,0.562571,0.251605,0.685296,0.111573013,4.991275404269497e-07,0,9.345062907474736e-07,1.4336338311744233e-06,5.275882235415775e-07,0.36800765,3.2.8,2,1,3,26.8882,1.7203606,4.77878e-07,46.25743854,Cortex-A53,4,4,26.2,1200.0,1,48.2,222.1328,0.88,Debian GNU/Linux 13 (trixie) aarch64,Linux,aarch64,3.10.20,0.6666666666666666,0.6753246753246754,0.6666666666666666,0.6625000000000001,0.6753246753246753,0.6666666666666667,0.6625
2026-07-06 01:17:41,c9160e6539125e06c66b22677b30e1ed0aad8c344173a6c30f97b14607f84244,c9160e65,ubuntu,quantum_circuit_qubit_sweep_codecarbon,65,-1,1,False,RX_RY_RING_2Q,PennyLane,0.42.3,default.qubit,RX_RY_RING,2,4,25,18,4,24,8,CNOT_RING,36,0.08815596,0.522025,0.088156,0.692177,0.0964160149,4.919237110556828e-07,0,9.213309224772578e-07,1.4132546335329406e-06,5.200885228180917e-07,0.36800765,3.2.8,2,1,3,31.1152,1.69590556,4.71085e-07,52.76837757,Cortex-A53,4,4,25.5,1200.0,1,48.3,222.1328,0.88,Debian GNU/Linux 13 (trixie) aarch64,Linux,aarch64,3.10.20,0.6666666666666666,0.6753246753246754,0.6666666666666666,0.6625000000000001,0.6753246753246753,0.6666666666666667,0.6625
2026-07-06 01:17:46,c9160e6539125e06c66b22677b30e1ed0aad8c344173a6c30f97b14607f84244,c9160e65,ubuntu,quantum_circuit_qubit_sweep_codecarbon,66,-1,-1,True,RX_RY_RING_2Q,PennyLane,0.42.3,default.qubit,RX_RY_RING,2,4,25,18,4,24,8,CNOT_RING,36,-0.07727161,0.519308,0.077272,0.692401,0.122324564,5.036203529064854e-07,0,9.432725424024588e-07,1.446892895308944e-06,5.324676606338406e-07,0.36800765,3.2.8,2,1,3,24.5249,1.73627147,4.82298e-07,42.58191692,Cortex-A53,4,4,25.8,1200.0,1,48.1,222.1367,0.88,Debian GNU/Linux 13 (trixie) aarch64,Linux,aarch64,3.10.20,0.6666666666666666,0.6753246753246754,0.6666666666666666,0.6625000000000001,0.6753246753246753,0.6666666666666667,0.6625
2026-07-06 01:17:51,c9160e6539125e06c66b22677b30e1ed0aad8c344173a6c30f97b14607f84244,c9160e65,ubuntu,quantum_circuit_qubit_sweep_codecarbon,67,1,1,True,RX_RY_RING_2Q,PennyLane,0.42.3,default.qubit,RX_RY_RING,2,4,25,18,4,24,8,CNOT_RING,36,0.18055284,0.545016,0.180553,0.689089,0.104701227,4.957084955854549e-07,0,9.282007017948976e-07,1.4239091973803524e-06,5.240094838686979e-07,0.36800765,3.2.8,2,1,3,28.653,1.70869104,4.74636e-07,48.95905478,Cortex-A53,4,4,25.5,1200.0,2,48.2,222.1367,0.88,Debian GNU/Linux 13 (trixie) aarch64,Linux,aarch64,3.10.20,0.6666666666666666,0.6753246753246754,0.6666666666666666,0.6625000000000001,0.6753246753246753,0.6666666666666667,0.6625
2026-07-06 01:17:56,c9160e6539125e06c66b22677b30e1ed0aad8c344173a6c30f97b14607f84244,c9160e65,ubuntu,quantum_circuit_qubit_sweep_codecarbon,68,-1,-1,True,RX_RY_RING_2Q,PennyLane,0.42.3,default.qubit,RX_RY_RING,2,4,25,18,4,24,8,CNOT_RING,36,-0.48858842,0.619774,0.488588,0.664175,0.1168413649,5.011544777080417e-07,0,9.385947741490478e-07,1.4397492518570896e-06,5.298387451629418e-07,0.36800765,3.2.8,2,1,3,25.6758,1.7276991,4.79916e-07,44.36012291,Cortex-A53,4,4,25.3,1200.0,1,48.1,222.1445,0.88,Debian GNU/Linux 13 (trixie) aarch64,Linux,aarch64,3.10.20,0.6666666666666666,0.6753246753246754,0.6666666666666666,0.6625000000000001,0.6753246753246753,0.6666666666666667,0.6625
2026-07-06 01:18:01,c9160e6539125e06c66b22677b30e1ed0aad8c344173a6c30f97b14607f84244,c9160e65,ubuntu,quantum_circuit_qubit_sweep_codecarbon,69,-1,-1,True,RX_RY_RING_2Q,PennyLane,0.42.3,default.qubit,RX_RY_RING,2,4,25,18,4,24,8,CNOT_RING,36,-0.5111756,0.625082,0.511176,0.661521,0.1102549951,4.982275044485475e-07,0,9.328201457780476e-07,1.431047650226595e-06,5.266364891570004e-07,0.36800765,3.2.8,2,1,3,27.2097,1.71725718,4.77016e-07,46.72596954,Cortex-A53,4,4,25.5,1200.0,1,48.3,222.1445,0.88,Debian GNU/Linux 13 (trixie) aarch64,Linux,aarch64,3.10.20,0.6666666666666666,0.6753246753246754,0.6666666666666666,0.6625000000000001,0.6753246753246753,0.6666666666666667,0.6625
2026-07-06 01:18:07,c9160e6539125e06c66b22677b30e1ed0aad8c344173a6c30f97b14607f84244,c9160e65,ubuntu,quantum_circuit_qubit_sweep_codecarbon,70,-1,1,False,RX_RY_RING_2Q,PennyLane,0.42.3,default.qubit,RX_RY_RING,2,4,25,18,4,24,8,CNOT_RING,36,0.03934969,0.509836,0.03935,0.692954,0.10007401,4.937443719559074e-07,0,9.246824668177092e-07,1.4184268387736168e-06,5.219919339370141e-07,0.36800765,3.2.8,2,1,3,29.9778,1.70211221,4.72809e-07,51.02560216,Cortex-A53,4,4,25.3,1200.0,1,48.3,222.2266,0.88,Debian GNU/Linux 13 (trixie) aarch64,Linux,aarch64,3.10.20,0.6666666666666666,0.6753246753246754,0.6666666666666666,0.6625000000000001,0.6753246753246753,0.6666666666666667,0.6625
2026-07-06 01:18:12,c9160e6539125e06c66b22677b30e1ed0aad8c344173a6c30f97b14607f84244,c9160e65,ubuntu,quantum_circuit_qubit_sweep_codecarbon,71,-1,-1,True,RX_RY_RING_2Q,PennyLane,0.42.3,default.qubit,RX_RY_RING,2,4,25,18,4,24,8,CNOT_RING,36,-0.20928783,0.552132,0.209288,0.687702,0.119266608,5.021358937438992e-07,0,9.40486317461667e-07,1.4426222112055662e-06,5.308960161940866e-07,0.36800765,3.2.8,2,1,3,25.1537,1.73114665,4.80874e-07,43.54479469,Cortex-A53,4,4,25.3,1200.0,1,48.4,222.2461,0.88,Debian GNU/Linux 13 (trixie) aarch64,Linux,aarch64,3.10.20,0.6666666666666666,0.6753246753246754,0.6666666666666666,0.6625000000000001,0.6753246753246753,0.6666666666666667,0.6625
2026-07-06 01:18:25,c9160e6539125e06c66b22677b30e1ed0aad8c344173a6c30f97b14607f84244,c9160e65,ubuntu,quantum_circuit_qubit_sweep_codecarbon,0,-1,1,False,RX_RY_RING_3Q,PennyLane,0.42.3,default.qubit,RX_RY_RING,3,4,37,18,6,36,12,CNOT_RING,54,0.02194711,0.505487,0.021947,0.693087,0.1055863712,4.955320555923713e-07,0,9.280795109225438e-07,1.4236115665149152e-06,5.238999534320184e-07,0.36800765,3.2.8,3,1,4,37.8837,1.28125041,3.55903e-07,48.53847692,Cortex-A53,4,4,25.3,1200.0,2,48.2,222.2656,0.88,Debian GNU/Linux 13 (trixie) aarch64,Linux,aarch64,3.10.20,0.7638888888888888,0.7814814814814814,0.7638888888888888,0.7601410934744268,0.7814814814814814,0.7638888888888888,0.7601410934744268
2026-07-06 01:18:30,c9160e6539125e06c66b22677b30e1ed0aad8c344173a6c30f97b14607f84244,c9160e65,ubuntu,quantum_circuit_qubit_sweep_codecarbon,1,1,1,True,RX_RY_RING_3Q,PennyLane,0.42.3,default.qubit,RX_RY_RING,3,4,37,18,6,36,12,CNOT_RING,54,0.2607323,0.564816,0.260732,0.684721,0.1124917991,4.986965983942334e-07,0,9.339689649641512e-07,1.4326655633583847e-06,5.272318935737239e-07,0.36800765,3.2.8,3,1,4,35.5581,1.28939901,3.58166e-07,45.84864027,Cortex-A53,4,4,25.3,1200.0,1,48.1,222.293,0.88,Debian GNU/Linux 13 (trixie) aarch64,Linux,aarch64,3.10.20,0.7638888888888888,0.7814814814814814,0.7638888888888888,0.7601410934744268,0.7814814814814814,0.7638888888888888,0.7601410934744268
2026-07-06 01:18:35,c9160e6539125e06c66b22677b30e1ed0aad8c344173a6c30f97b14607f84244,c9160e65,ubuntu,quantum_circuit_qubit_sweep_codecarbon,2,1,1,True,RX_RY_RING_3Q,PennyLane,0.42.3,default.qubit,RX_RY_RING,3,4,37,18,6,36,12,CNOT_RING,54,0.42190544,0.603939,0.421905,0.671382,0.105774598,4.947380231072505e-07,0,9.265938257643332e-07,1.4213318488715835e-06,5.230609998893021e-07,0.36800765,3.2.8,3,1,4,37.8163,1.27919866,3.55333e-07,48.37451292,Cortex-A53,4,4,26.0,1200.0,2,48.3,222.4141,0.88,Debian GNU/Linux 13 (trixie) aarch64,Linux,aarch64,3.10.20,0.7638888888888888,0.7814814814814814,0.7638888888888888,0.7601410934744268,0.7814814814814814,0.7638888888888888,0.7601410934744268
2026-07-06 01:18:41,c9160e6539125e06c66b22677b30e1ed0aad8c344173a6c30f97b14607f84244,c9160e65,ubuntu,quantum_circuit_qubit_sweep_codecarbon,3,1,1,True,RX_RY_RING_3Q,PennyLane,0.42.3,default.qubit,RX_RY_RING,3,4,37,18,6,36,12,CNOT_RING,54,0.14234557,0.535526,0.142346,0.690621,0.1053458489,4.951828315647112e-07,0,9.27442207466811e-07,1.4226250390315222e-06,5.235369037668106e-07,0.36800765,3.2.8,3,1,4,37.9702,1.28036254,3.55656e-07,48.61558563,Cortex-A53,4,4,26.7,1200.0,1,48.3,222.6406,0.88,Debian GNU/Linux 13 (trixie) aarch64,Linux,aarch64,3.10.20,0.7638888888888888,0.7814814814814814,0.7638888888888888,0.7601410934744268,0.7814814814814814,0.7638888888888888,0.7601410934744268
2026-07-06 01:18:46,c9160e6539125e06c66b22677b30e1ed0aad8c344173a6c30f97b14607f84244,c9160e65,ubuntu,quantum_circuit_qubit_sweep_codecarbon,4,-1,-1,True,RX_RY_RING_3Q,PennyLane,0.42.3,default.qubit,RX_RY_RING,3,4,37,18,6,36,12,CNOT_RING,54,-0.08093247,0.520222,0.080932,0.692329,0.1053835039,4.951452365592854e-07,0,9.273417224176228e-07,1.422486958976908e-06,5.234860892497867e-07,0.36800765,3.2.8,3,1,4,37.9566,1.28023826,3.55622e-07,48.59349766,Cortex-A53,4,4,24.2,1200.0,1,48.3,222.6406,0.88,Debian GNU/Linux 13 (trixie) aarch64,Linux,aarch64,3.10.20,0.7638888888888888,0.7814814814814814,0.7638888888888888,0.7601410934744268,0.7814814814814814,0.7638888888888888,0.7601410934744268
2026-07-06 01:18:51,c9160e6539125e06c66b22677b30e1ed0aad8c344173a6c30f97b14607f84244,c9160e65,ubuntu,quantum_circuit_qubit_sweep_codecarbon,5,1,1,True,RX_RY_RING_3Q,PennyLane,0.42.3,default.qubit,RX_RY_RING,3,4,37,18,6,36,12,CNOT_RING,54,0.47343532,0.616197,0.473435,0.665895,0.1049324649,4.95046066322526e-07,0,9.271351626375692e-07,1.4221812289600951e-06,5.233735782634063e-07,0.36800765,3.2.8,3,1,4,38.1198,1.27996311,3.55545e-07,48.7918818,Cortex-A53,4,4,25.3,1200.0,1,48.3,222.6406,0.88,Debian GNU/Linux 13 (trixie) aarch64,Linux,aarch64,3.10.20,0.7638888888888888,0.7814814814814814,0.7638888888888888,0.7601410934744268,0.7814814814814814,0.7638888888888888,0.7601410934744268
2026-07-06 01:18:56,c9160e6539125e06c66b22677b30e1ed0aad8c344173a6c30f97b14607f84244,c9160e65,ubuntu,quantum_circuit_qubit_sweep_codecarbon,6,1,1,True,RX_RY_RING_3Q,PennyLane,0.42.3,default.qubit,RX_RY_RING,3,4,37,18,6,36,12,CNOT_RING,54,0.20703305,0.551574,0.207033,0.687818,0.1077409361,4.965755426221424e-07,0,9.300526291675244e-07,1.4266281717896668e-06,5.25010087263562e-07,0.36800765,3.2.8,3,1,4,37.1261,1.28396535,3.56657e-07,47.668617,Cortex-A53,4,4,26.3,1200.0,2,48.3,222.6406,0.88,Debian GNU/Linux 13 (trixie) aarch64,Linux,aarch64,3.10.20,0.7638888888888888,0.7814814814814814,0.7638888888888888,0.7601410934744268,0.7814814814814814,0.7638888888888888,0.7601410934744268
2026-07-06 01:19:06,c9160e6539125e06c66b22677b30e1ed0aad8c344173a6c30f97b14607f84244,c9160e65,ubuntu,quantum_circuit_qubit_sweep_codecarbon,7,1,1,True,RX_RY_RING_3Q,PennyLane,0.42.3,default.qubit,RX_RY_RING,3,4,37,18,6,36,12,CNOT_RING,54,0.21445709,0.55341,0.214457,0.687431,0.1058575599,4.946987862802214e-07,0,9.265483384175848e-07,1.4212471246978062e-06,5.230298207448355e-07,0.36800765,3.2.8,3,1,4,37.7866,1.27912241,3.55312e-07,48.33371987,Cortex-A53,4,4,26.0,1200.0,1,48.1,222.6719,0.88,Debian GNU/Linux 13 (trixie) aarch64,Linux,aarch64,3.10.20,0.7638888888888888,0.7814814814814814,0.7638888888888888,0.7601410934744268,0.7814814814814814,0.7638888888888888,0.7601410934744268
2026-07-06 01:19:12,c9160e6539125e06c66b22677b30e1ed0aad8c344173a6c30f97b14607f84244,c9160e65,ubuntu,quantum_circuit_qubit_sweep_codecarbon,8,1,-1,False,RX_RY_RING_3Q,PennyLane,0.42.3,default.qubit,RX_RY_RING,3,4,37,18,6,36,12,CNOT_RING,54,-0.09589814,0.523956,0.095898,0.691999,0.105531259,4.955395413562656e-07,0,9.28102054167539e-07,1.4236415955238046e-06,5.23911004337145e-07,0.36800765,3.2.8,3,1,4,37.9035,1.28127744,3.5591e-07,48.56484982,Cortex-A53,4,4,26.3,1200.0,2,48.1,222.6953,0.88,Debian GNU/Linux 13 (trixie) aarch64,Linux,aarch64,3.10.20,0.7638888888888888,0.7814814814814814,0.7638888888888888,0.7601410934744268,0.7814814814814814,0.7638888888888888,0.7601410934744268
2026-07-06 01:19:17,c9160e6539125e06c66b22677b30e1ed0aad8c344173a6c30f97b14607f84244,c9160e65,ubuntu,quantum_circuit_qubit_sweep_codecarbon,9,-1,-1,True,RX_RY_RING_3Q,PennyLane,0.42.3,default.qubit,RX_RY_RING,3,4,37,18,6,36,12,CNOT_RING,54,-0.29893553,0.574182,0.298936,0.6821,0.1048670441,4.943183880965249e-07,0,9.25842815777287e-07,1.4201612038738118e-06,5.226301935694859e-07,0.36800765,3.2.8,3,1,4,38.1435,1.27814508,3.5504e-07,48.75297455,Cortex-A53,4,4,25.5,1200.0,1,48.1,222.7109,0.88,Debian GNU/Linux 13 (trixie) aarch64,Linux,aarch64,3.10.20,0.7638888888888888,0.7814814814814814,0.7638888888888888,0.7601410934744268,0.7814814814814814,0.7638888888888888,0.7601410934744268
2026-07-06 01:19:22,c9160e6539125e06c66b22677b30e1ed0aad8c344173a6c30f97b14607f84244,c9160e65,ubuntu,quantum_circuit_qubit_sweep_codecarbon,10,1,1,True,RX_RY_RING_3Q,PennyLane,0.42.3,default.qubit,RX_RY_RING,3,4,37,18,6,36,12,CNOT_RING,54,0.51766496,0.626602,0.517665,0.66074,0.105861048,4.955945560294721e-07,0,9.282221775113916e-07,1.4238167335408638e-06,5.239754564680069e-07,0.36800765,3.2.8,3,1,4,37.7854,1.28143506,3.55954e-07,48.4195116,Cortex-A53,4,4,25.3,1200.0,3,48.2,222.7031,0.88,Debian GNU/Linux 13 (trixie) aarch64,Linux,aarch64,3.10.20,0.7638888888888888,0.7814814814814814,0.7638888888888888,0.7601410934744268,0.7814814814814814,0.7638888888888888,0.7601410934744268
2026-07-06 01:19:28,c9160e6539125e06c66b22677b30e1ed0aad8c344173a6c30f97b14607f84244,c9160e65,ubuntu,quantum_circuit_qubit_sweep_codecarbon,11,1,1,True,RX_RY_RING_3Q,PennyLane,0.42.3,default.qubit,RX_RY_RING,3,4,37,18,6,36,12,CNOT_RING,54,0.28844488,0.571615,0.288445,0.682854,0.104780793,4.94910274218354e-07,0,9.268641493205604e-07,1.4217744235389145e-06,5.232238707545426e-07,0.36800765,3.2.8,3,1,4,38.1749,1.27959698,3.55444e-07,48.84853207,Cortex-A53,4,4,26.5,1200.0,1,48.2,222.7227,0.88,Debian GNU/Linux 13 (trixie) aarch64,Linux,aarch64,3.10.20,0.7638888888888888,0.7814814814814814,0.7638888888888888,0.7601410934744268,0.7814814814814814,0.7638888888888888,0.7601410934744268
2026-07-06 01:19:33,c9160e6539125e06c66b22677b30e1ed0aad8c344173a6c30f97b14607f84244,c9160e65,ubuntu,quantum_circuit_qubit_sweep_codecarbon,12,-1,-1,True,RX_RY_RING_3Q,PennyLane,0.42.3,default.qubit,RX_RY_RING,3,4,37,18,6,36,12,CNOT_RING,54,-0.0955434,0.523868,0.095543,0.692007,0.1050568321,4.952756861277448e-07,0,9.275752049870788e-07,1.4228508911148236e-06,5.236200190622377e-07,0.36800765,3.2.8,3,1,4,38.0746,1.2805658,3.55713e-07,48.75706898,Cortex-A53,4,4,25.0,1200.0,1,48.1,222.7266,0.88,Debian GNU/Linux 13 (trixie) aarch64,Linux,aarch64,3.10.20,0.7638888888888888,0.7814814814814814,0.7638888888888888,0.7601410934744268,0.7814814814814814,0.7638888888888888,0.7601410934744268
2026-07-06 01:19:38,c9160e6539125e06c66b22677b30e1ed0aad8c344173a6c30f97b14607f84244,c9160e65,ubuntu,quantum_circuit_qubit_sweep_codecarbon,13,1,1,True,RX_RY_RING_3Q,PennyLane,0.42.3,default.qubit,RX_RY_RING,3,4,37,18,6,36,12,CNOT_RING,54,0.08704868,0.521748,0.087049,0.692201,0.1085191029,4.968024580273152e-07,0,9.305003983899952e-07,1.4273028564173103e-06,5.252583763708704e-07,0.36800765,3.2.8,3,1,4,36.8599,1.28457257,3.56826e-07,47.34917766,Cortex-A53,4,4,24.5,1200.0,1,48.1,222.7266,0.88,Debian GNU/Linux 13 (trixie) aarch64,Linux,aarch64,3.10.20,0.7638888888888888,0.7814814814814814,0.7638888888888888,0.7601410934744268,0.7814814814814814,0.7638888888888888,0.7601410934744268
2026-07-06 01:19:43,c9160e6539125e06c66b22677b30e1ed0aad8c344173a6c30f97b14607f84244,c9160e65,ubuntu,quantum_circuit_qubit_sweep_codecarbon,14,1,1,True,RX_RY_RING_3Q,PennyLane,0.42.3,default.qubit,RX_RY_RING,3,4,37,18,6,36,12,CNOT_RING,54,0.36648679,0.59061,0.366487,0.676636,0.1078907731,4.966103221393294e-07,0,9.301070341219504e-07,1.42671735626128e-06,5.250429078317732e-07,0.36800765,3.2.8,3,1,4,37.0745,1.28404562,3.56679e-07,47.60539141,Cortex-A53,4,4,25.3,1200.0,1,48.2,222.7305,0.88,Debian GNU/Linux 13 (trixie) aarch64,Linux,aarch64,3.10.20,0.7638888888888888,0.7814814814814814,0.7638888888888888,0.7601410934744268,0.7814814814814814,0.7638888888888888,0.7601410934744268
2026-07-06 01:19:48,c9160e6539125e06c66b22677b30e1ed0aad8c344173a6c30f97b14607f84244,c9160e65,ubuntu,quantum_circuit_qubit_sweep_codecarbon,15,-1,1,False,RX_RY_RING_3Q,PennyLane,0.42.3,default.qubit,RX_RY_RING,3,4,37,18,6,36,12,CNOT_RING,54,0.17982369,0.544835,0.179824,0.689121,0.1054605769,4.952118563110809e-07,0,9.274785274950168e-07,1.4226903838060974e-06,5.235609511440323e-07,0.36800765,3.2.8,3,1,4,37.9289,1.28042135,3.55673e-07,48.56492853,Cortex-A53,4,4,24.5,1200.0,1,48.3,222.7305,0.88,Debian GNU/Linux 13 (trixie) aarch64,Linux,aarch64,3.10.20,0.7638888888888888,0.7814814814814814,0.7638888888888888,0.7601410934744268,0.7814814814814814,0.7638888888888888,0.7601410934744268
2026-07-06 01:19:54,c9160e6539125e06c66b22677b30e1ed0aad8c344173a6c30f97b14607f84244,c9160e65,ubuntu,quantum_circuit_qubit_sweep_codecarbon,16,1,1,True,RX_RY_RING_3Q,PennyLane,0.42.3,default.qubit,RX_RY_RING,3,4,37,18,6,36,12,CNOT_RING,54,0.13154421,0.532839,0.131544,0.690989,0.106568591,4.960061058195101e-07,0,9.289828084486848e-07,1.424988914268195e-06,5.24406827948056e-07,0.36800765,3.2.8,3,1,4,37.5345,1.28249002,3.56247e-07,48.13763647,Cortex-A53,4,4,25.5,1200.0,1,48.4,222.7305,0.88,Debian GNU/Linux 13 (trixie) aarch64,Linux,aarch64,3.10.20,0.7638888888888888,0.7814814814814814,0.7638888888888888,0.7601410934744268,0.7814814814814814,0.7638888888888888,0.7601410934744268
2026-07-06 01:19:59,c9160e6539125e06c66b22677b30e1ed0aad8c344173a6c30f97b14607f84244,c9160e65,ubuntu,quantum_circuit_qubit_sweep_codecarbon,17,1,1,True,RX_RY_RING_3Q,PennyLane,0.42.3,default.qubit,RX_RY_RING,3,4,37,18,6,36,12,CNOT_RING,54,0.081947,0.520475,0.081947,0.692308,0.1055692211,4.95199614478886e-07,0,9.274759091204032e-07,1.4226755235992891e-06,5.235554824741802e-07,0.36800765,3.2.8,3,1,4,37.8898,1.28040797,3.55669e-07,48.5144423,Cortex-A53,4,4,24.5,1200.0,4,48.6,222.7305,0.88,Debian GNU/Linux 13 (trixie) aarch64,Linux,aarch64,3.10.20,0.7638888888888888,0.7814814814814814,0.7638888888888888,0.7601410934744268,0.7814814814814814,0.7638888888888888,0.7601410934744268
2026-07-06 01:20:04,c9160e6539125e06c66b22677b30e1ed0aad8c344173a6c30f97b14607f84244,c9160e65,ubuntu,quantum_circuit_qubit_sweep_codecarbon,18,-1,-1,True,RX_RY_RING_3Q,PennyLane,0.42.3,default.qubit,RX_RY_RING,3,4,37,18,6,36,12,CNOT_RING,54,-0.26934427,0.566932,0.269344,0.68416,0.1051912541,4.953547505190433e-07,0,9.277485574906072e-07,1.4231033080096504e-06,5.237129104116448e-07,0.36800765,3.2.8,3,1,4,38.026,1.28079298,3.55776e-07,48.70340177,Cortex-A53,4,4,25.5,1200.0,2,48.5,222.7305,0.88,Debian GNU/Linux 13 (trixie) aarch64,Linux,aarch64,3.10.20,0.7638888888888888,0.7814814814814814,0.7638888888888888,0.7601410934744268,0.7814814814814814,0.7638888888888888,0.7601410934744268
2026-07-06 01:20:09,c9160e6539125e06c66b22677b30e1ed0aad8c344173a6c30f97b14607f84244,c9160e65,ubuntu,quantum_circuit_qubit_sweep_codecarbon,19,1,1,True,RX_RY_RING_3Q,PennyLane,0.42.3,default.qubit,RX_RY_RING,3,4,37,18,6,36,12,CNOT_RING,54,0.08429619,0.521062,0.084296,0.69226,0.106881347,4.961286149349078e-07,0,9.291727175392832e-07,1.425301332474191e-06,5.245218002392502e-07,0.36800765,3.2.8,3,1,4,37.4247,1.2827712,3.56325e-07,48.00729912,Cortex-A53,4,4,25.5,1200.0,2,49.0,222.7344,0.88,Debian GNU/Linux 13 (trixie) aarch64,Linux,aarch64,3.10.20,0.7638888888888888,0.7814814814814814,0.7638888888888888,0.7601410934744268,0.7814814814814814,0.7638888888888888,0.7601410934744268
2026-07-06 01:20:15,c9160e6539125e06c66b22677b30e1ed0aad8c344173a6c30f97b14607f84244,c9160e65,ubuntu,quantum_circuit_qubit_sweep_codecarbon,20,-1,-1,True,RX_RY_RING_3Q,PennyLane,0.42.3,default.qubit,RX_RY_RING,3,4,37,18,6,36,12,CNOT_RING,54,-0.33050966,0.581883,0.33051,0.679677,0.105633697,4.955273459134475e-07,0,9.280731950032836e-07,1.4236005409167311e-06,5.238958959274918e-07,0.36800765,3.2.8,3,1,4,37.8667,1.28124049,3.559e-07,48.51635503,Cortex-A53,4,4,25.5,1200.0,1,48.7,222.7305,0.88,Debian GNU/Linux 13 (trixie) aarch64,Linux,aarch64,3.10.20,0.7638888888888888,0.7814814814814814,0.7638888888888888,0.7601410934744268,0.7814814814814814,0.7638888888888888,0.7601410934744268
2026-07-06 01:20:20,c9160e6539125e06c66b22677b30e1ed0aad8c344173a6c30f97b14607f84244,c9160e65,ubuntu,quantum_circuit_qubit_sweep_codecarbon,21,1,1,True,RX_RY_RING_3Q,PennyLane,0.42.3,default.qubit,RX_RY_RING,3,4,37,18,6,36,12,CNOT_RING,54,0.26137996,0.564975,0.26138,0.68468,0.10536823,4.953792861973246e-07,0,9.27826271702846e-07,1.4232055579001706e-06,5.237505391540223e-07,0.36800765,3.2.8,3,1,4,37.9621,1.280885,3.55801e-07,48.62509323,Cortex-A53,4,4,24.8,1200.0,1,48.7,222.75,0.88,Debian GNU/Linux 13 (trixie) aarch64,Linux,aarch64,3.10.20,0.7638888888888888,0.7814814814814814,0.7638888888888888,0.7601410934744268,0.7814814814814814,0.7638888888888888,0.7601410934744268
2026-07-06 01:20:25,c9160e6539125e06c66b22677b30e1ed0aad8c344173a6c30f97b14607f84244,c9160e65,ubuntu,quantum_circuit_qubit_sweep_codecarbon,22,1,1,True,RX_RY_RING_3Q,PennyLane,0.42.3,default.qubit,RX_RY_RING,3,4,37,18,6,36,12,CNOT_RING,54,0.03987654,0.509968,0.039877,0.692948,0.1106086669,4.977819809584982e-07,0,9.322994149988518e-07,1.43008139595735e-06,5.262809001897793e-07,0.36800765,3.2.8,3,1,4,36.1635,1.28707326,3.5752e-07,46.54511414,Cortex-A53,4,4,23.1,1200.0,1,48.5,222.7578,0.88,Debian GNU/Linux 13 (trixie) aarch64,Linux,aarch64,3.10.20,0.7638888888888888,0.7814814814814814,0.7638888888888888,0.7601410934744268,0.7814814814814814,0.7638888888888888,0.7601410934744268
2026-07-06 01:20:30,c9160e6539125e06c66b22677b30e1ed0aad8c344173a6c30f97b14607f84244,c9160e65,ubuntu,quantum_circuit_qubit_sweep_codecarbon,23,-1,1,False,RX_RY_RING_3Q,PennyLane,0.42.3,default.qubit,RX_RY_RING,3,4,37,18,6,36,12,CNOT_RING,54,0.15832488,0.539499,0.158325,0.690024,0.1061489,4.957956654123134e-07,0,9.285247351120536e-07,1.4243204005243671e-06,5.241608097732267e-07,0.36800765,3.2.8,3,1,4,37.6829,1.28188836,3.5608e-07,48.30529042,Cortex-A53,4,4,26.2,1200.0,1,48.4,222.7578,0.88,Debian GNU/Linux 13 (trixie) aarch64,Linux,aarch64,3.10.20,0.7638888888888888,0.7814814814814814,0.7638888888888888,0.7601410934744268,0.7814814814814814,0.7638888888888888,0.7601410934744268
2026-07-06 01:20:36,c9160e6539125e06c66b22677b30e1ed0aad8c344173a6c30f97b14607f84244,c9160e65,ubuntu,quantum_circuit_qubit_sweep_codecarbon,24,1,-1,False,RX_RY_RING_3Q,PennyLane,0.42.3,default.qubit,RX_RY_RING,3,4,37,18,6,36,12,CNOT_RING,54,-0.1129039,0.528196,0.112904,0.691556,0.1056475481,4.955264890857187e-07,0,9.280920059730608e-07,1.4236184950587795e-06,5.239025031891946e-07,0.36800765,3.2.8,3,1,4,37.8617,1.28125665,3.55905e-07,48.51060601,Cortex-A53,4,4,25.3,1200.0,1,48.4,222.7617,0.88,Debian GNU/Linux 13 (trixie) aarch64,Linux,aarch64,3.10.20,0.7638888888888888,0.7814814814814814,0.7638888888888888,0.7601410934744268,0.7814814814814814,0.7638888888888888,0.7601410934744268
2026-07-06 01:20:41,c9160e6539125e06c66b22677b30e1ed0aad8c344173a6c30f97b14607f84244,c9160e65,ubuntu,quantum_circuit_qubit_sweep_codecarbon,25,1,-1,False,RX_RY_RING_3Q,PennyLane,0.42.3,default.qubit,RX_RY_RING,3,4,37,18,6,36,12,CNOT_RING,54,-0.09800853,0.524483,0.098009,0.691948,0.108579926,4.969125783932212e-07,0,9.30624970739397e-07,1.4275375491326185e-06,5.253447450865459e-07,0.36800765,3.2.8,3,1,4,36.8392,1.28478379,3.56884e-07,47.33043545,Cortex-A53,4,4,24.5,1200.0,3,48.4,222.7773,0.88,Debian GNU/Linux 13 (trixie) aarch64,Linux,aarch64,3.10.20,0.7638888888888888,0.7814814814814814,0.7638888888888888,0.7601410934744268,0.7814814814814814,0.7638888888888888,0.7601410934744268
2026-07-06 01:20:46,c9160e6539125e06c66b22677b30e1ed0aad8c344173a6c30f97b14607f84244,c9160e65,ubuntu,quantum_circuit_qubit_sweep_codecarbon,26,1,1,True,RX_RY_RING_3Q,PennyLane,0.42.3,default.qubit,RX_RY_RING,3,4,37,18,6,36,12,CNOT_RING,54,0.37720066,0.593198,0.377201,0.675674,0.1058923369,4.956391982527243e-07,0,9.28296636751232e-07,1.4239358350039562e-06,5.240192867180803e-07,0.36800765,3.2.8,3,1,4,37.7742,1.28154225,3.55984e-07,48.40925373,Cortex-A53,4,4,25.5,1200.0,1,48.7,222.7773,0.88,Debian GNU/Linux 13 (trixie) aarch64,Linux,aarch64,3.10.20,0.7638888888888888,0.7814814814814814,0.7638888888888888,0.7601410934744268,0.7814814814814814,0.7638888888888888,0.7601410934744268
2026-07-06 01:20:51,c9160e6539125e06c66b22677b30e1ed0aad8c344173a6c30f97b14607f84244,c9160e65,ubuntu,quantum_circuit_qubit_sweep_codecarbon,27,-1,-1,True,RX_RY_RING_3Q,PennyLane,0.42.3,default.qubit,RX_RY_RING,3,4,37,18,6,36,12,CNOT_RING,54,-0.32494355,0.580529,0.324944,0.680121,0.106338792,4.958895408651895e-07,0,9.287247090833262e-07,1.4246142499485158e-06,5.242689486105672e-07,0.36800765,3.2.8,3,1,4,37.6156,1.28215282,3.56154e-07,48.22897837,Cortex-A53,4,4,25.5,1200.0,1,48.7,222.7812,0.88,Debian GNU/Linux 13 (trixie) aarch64,Linux,aarch64,3.10.20,0.7638888888888888,0.7814814814814814,0.7638888888888888,0.7601410934744268,0.7814814814814814,0.7638888888888888,0.7601410934744268
2026-07-06 01:20:57,c9160e6539125e06c66b22677b30e1ed0aad8c344173a6c30f97b14607f84244,c9160e65,ubuntu,quantum_circuit_qubit_sweep_codecarbon,28,-1,-1,True,RX_RY_RING_3Q,PennyLane,0.42.3,default.qubit,RX_RY_RING,3,4,37,18,6,36,12,CNOT_RING,54,-0.15567013,0.538839,0.15567,0.690127,0.1050537999,4.949466737063816e-07,0,9.270089583393808e-07,1.4219556320457623e-06,5.23290556872113e-07,0.36800765,3.2.8,3,1,4,38.0757,1.27976007,3.55489e-07,48.72779737,Cortex-A53,4,4,25.5,1200.0,1,48.7,222.7812,0.88,Debian GNU/Linux 13 (trixie) aarch64,Linux,aarch64,3.10.20,0.7638888888888888,0.7814814814814814,0.7638888888888888,0.7601410934744268,0.7814814814814814,0.7638888888888888,0.7601410934744268
2026-07-06 01:21:02,c9160e6539125e06c66b22677b30e1ed0aad8c344173a6c30f97b14607f84244,c9160e65,ubuntu,quantum_circuit_qubit_sweep_codecarbon,29,1,1,True,RX_RY_RING_3Q,PennyLane,0.42.3,default.qubit,RX_RY_RING,3,4,37,18,6,36,12,CNOT_RING,54,0.33880179,0.583899,0.338802,0.679002,0.1050404659,4.953012061541641e-07,0,9.276682800070072e-07,1.4229694861611711e-06,5.236636629470727e-07,0.36800765,3.2.8,3,1,4,38.0806,1.28067254,3.55742e-07,48.76873026,Cortex-A53,4,4,25.2,1200.0,2,48.5,222.7812,0.88,Debian GNU/Linux 13 (trixie) aarch64,Linux,aarch64,3.10.20,0.7638888888888888,0.7814814814814814,0.7638888888888888,0.7601410934744268,0.7814814814814814,0.7638888888888888,0.7601410934744268
2026-07-06 01:21:07,c9160e6539125e06c66b22677b30e1ed0aad8c344173a6c30f97b14607f84244,c9160e65,ubuntu,quantum_circuit_qubit_sweep_codecarbon,30,-1,-1,True,RX_RY_RING_3Q,PennyLane,0.42.3,default.qubit,RX_RY_RING,3,4,37,18,6,36,12,CNOT_RING,54,-0.04457006,0.511141,0.04457,0.692899,0.109963872,4.97610330581665e-07,0,9.31787997445402e-07,1.429398328027067e-06,5.260295259629302e-07,0.36800765,3.2.8,3,1,4,36.3756,1.2864585,3.5735e-07,46.79567832,Cortex-A53,4,4,25.0,1200.0,1,48.7,222.7656,0.88,Debian GNU/Linux 13 (trixie) aarch64,Linux,aarch64,3.10.20,0.7638888888888888,0.7814814814814814,0.7638888888888888,0.7601410934744268,0.7814814814814814,0.7638888888888888,0.7601410934744268
2026-07-06 01:21:12,c9160e6539125e06c66b22677b30e1ed0aad8c344173a6c30f97b14607f84244,c9160e65,ubuntu,quantum_circuit_qubit_sweep_codecarbon,31,-1,-1,True,RX_RY_RING_3Q,PennyLane,0.42.3,default.qubit,RX_RY_RING,3,4,37,18,6,36,12,CNOT_RING,54,-0.13767468,0.534364,0.137675,0.690783,0.10622478,4.958188800762097e-07,0,9.285947375853234e-07,1.4244136176615332e-06,5.241951143932291e-07,0.36800765,3.2.8,3,1,4,37.656,1.28197226,3.56103e-07,48.27394347,Cortex-A53,4,4,24.8,1200.0,1,48.7,222.7852,0.88,Debian GNU/Linux 13 (trixie) aarch64,Linux,aarch64,3.10.20,0.7638888888888888,0.7814814814814814,0.7638888888888888,0.7601410934744268,0.7814814814814814,0.7638888888888888,0.7601410934744268
2026-07-06 01:21:18,c9160e6539125e06c66b22677b30e1ed0aad8c344173a6c30f97b14607f84244,c9160e65,ubuntu,quantum_circuit_qubit_sweep_codecarbon,32,-1,1,False,RX_RY_RING_3Q,PennyLane,0.42.3,default.qubit,RX_RY_RING,3,4,37,18,6,36,12,CNOT_RING,54,0.05559662,0.513896,0.055597,0.692761,0.105456867,4.954626755788923e-07,0,9.279143975193924e-07,1.4233770730982846e-06,5.238136580597816e-07,0.36800765,3.2.8,3,1,4,37.9302,1.28103937,3.55844e-07,48.59007865,Cortex-A53,4,4,24.5,1200.0,1,48.7,222.7852,0.88,Debian GNU/Linux 13 (trixie) aarch64,Linux,aarch64,3.10.20,0.7638888888888888,0.7814814814814814,0.7638888888888888,0.7601410934744268,0.7814814814814814,0.7638888888888888,0.7601410934744268
2026-07-06 01:21:23,c9160e6539125e06c66b22677b30e1ed0aad8c344173a6c30f97b14607f84244,c9160e65,ubuntu,quantum_circuit_qubit_sweep_codecarbon,33,-1,1,False,RX_RY_RING_3Q,PennyLane,0.42.3,default.qubit,RX_RY_RING,3,4,37,18,6,36,12,CNOT_RING,54,0.29557934,0.573361,0.295579,0.682344,0.1057597818,4.95634826040448e-07,0,9.282182533449184e-07,1.4238530793853663e-06,5.23988832016991e-07,0.36800765,3.2.8,3,1,4,37.8216,1.28146777,3.55963e-07,48.46711103,Cortex-A53,4,4,25.2,1200.0,1,48.5,222.7891,0.88,Debian GNU/Linux 13 (trixie) aarch64,Linux,aarch64,3.10.20,0.7638888888888888,0.7814814814814814,0.7638888888888888,0.7601410934744268,0.7814814814814814,0.7638888888888888,0.7601410934744268
2026-07-06 01:21:28,c9160e6539125e06c66b22677b30e1ed0aad8c344173a6c30f97b14607f84244,c9160e65,ubuntu,quantum_circuit_qubit_sweep_codecarbon,34,1,1,True,RX_RY_RING_3Q,PennyLane,0.42.3,default.qubit,RX_RY_RING,3,4,37,18,6,36,12,CNOT_RING,54,0.24066852,0.559878,0.240669,0.685959,0.104984994,4.952328560046025e-07,0,9.275219407087812e-07,1.4227547967133835e-06,5.235846555869586e-07,0.36800765,3.2.8,3,1,4,38.1007,1.28047932,3.55689e-07,48.78713682,Cortex-A53,4,4,26.0,1200.0,1,49.1,222.8008,0.88,Debian GNU/Linux 13 (trixie) aarch64,Linux,aarch64,3.10.20,0.7638888888888888,0.7814814814814814,0.7638888888888888,0.7601410934744268,0.7814814814814814,0.7638888888888888,0.7601410934744268
2026-07-06 01:21:33,c9160e6539125e06c66b22677b30e1ed0aad8c344173a6c30f97b14607f84244,c9160e65,ubuntu,quantum_circuit_qubit_sweep_codecarbon,35,-1,1,False,RX_RY_RING_3Q,PennyLane,0.42.3,default.qubit,RX_RY_RING,3,4,37,18,6,36,12,CNOT_RING,54,0.0825937,0.520637,0.082594,0.692295,0.1075252381,4.964097208446926e-07,0,9.296797782493134e-07,1.4260894990940062e-06,5.248118515883192e-07,0.36800765,3.2.8,3,1,4,37.2006,1.28348055,3.56522e-07,47.74620628,Cortex-A53,4,4,25.2,1200.0,2,48.9,222.8008,0.88,Debian GNU/Linux 13 (trixie) aarch64,Linux,aarch64,3.10.20,0.7638888888888888,0.7814814814814814,0.7638888888888888,0.7601410934744268,0.7814814814814814,0.7638888888888888,0.7601410934744268
2026-07-06 01:21:38,c9160e6539125e06c66b22677b30e1ed0aad8c344173a6c30f97b14607f84244,c9160e65,ubuntu,quantum_circuit_qubit_sweep_codecarbon,36,1,1,True,RX_RY_RING_3Q,PennyLane,0.42.3,default.qubit,RX_RY_RING,3,4,37,18,6,36,12,CNOT_RING,54,0.37213452,0.591975,0.372135,0.676132,0.10504093,4.952895626839664e-07,0,9.275634225923568e-07,1.422852985276323e-06,5.236207897296992e-07,0.36800765,3.2.8,3,1,4,38.0804,1.28056769,3.55713e-07,48.76452206,Cortex-A53,4,4,25.5,1200.0,2,48.9,222.8125,0.88,Debian GNU/Linux 13 (trixie) aarch64,Linux,aarch64,3.10.20,0.7638888888888888,0.7814814814814814,0.7638888888888888,0.7601410934744268,0.7814814814814814,0.7638888888888888,0.7601410934744268
2026-07-06 01:21:44,c9160e6539125e06c66b22677b30e1ed0aad8c344173a6c30f97b14607f84244,c9160e65,ubuntu,quantum_circuit_qubit_sweep_codecarbon,37,-1,1,False,RX_RY_RING_3Q,PennyLane,0.42.3,default.qubit,RX_RY_RING,3,4,37,18,6,36,12,CNOT_RING,54,0.13317126,0.533244,0.133171,0.690935,0.108153671,4.97109806722938e-07,0,9.309847507392988e-07,1.4280945574622369e-06,5.255497284154344e-07,0.36800765,3.2.8,3,1,4,36.9844,1.2852851,3.57024e-07,47.53551459,Cortex-A53,4,4,25.0,1200.0,1,48.7,222.8203,0.88,Debian GNU/Linux 13 (trixie) aarch64,Linux,aarch64,3.10.20,0.7638888888888888,0.7814814814814814,0.7638888888888888,0.7601410934744268,0.7814814814814814,0.7638888888888888,0.7601410934744268
2026-07-06 01:21:49,c9160e6539125e06c66b22677b30e1ed0aad8c344173a6c30f97b14607f84244,c9160e65,ubuntu,quantum_circuit_qubit_sweep_codecarbon,38,-1,1,False,RX_RY_RING_3Q,PennyLane,0.42.3,default.qubit,RX_RY_RING,3,4,37,18,6,36,12,CNOT_RING,54,0.01035279,0.502588,0.010353,0.693134,0.104982751,4.952460386686855e-07,0,9.275164499801272e-07,1.4227624886488129e-06,5.23587486278074e-07,0.36800765,3.2.8,3,1,4,38.1015,1.28048624,3.55691e-07,48.78844298,Cortex-A53,4,4,25.0,1200.0,1,48.6,222.8203,0.88,Debian GNU/Linux 13 (trixie) aarch64,Linux,aarch64,3.10.20,0.7638888888888888,0.7814814814814814,0.7638888888888888,0.7601410934744268,0.7814814814814814,0.7638888888888888,0.7601410934744268
2026-07-06 01:21:54,c9160e6539125e06c66b22677b30e1ed0aad8c344173a6c30f97b14607f84244,c9160e65,ubuntu,quantum_circuit_qubit_sweep_codecarbon,39,-1,1,False,RX_RY_RING_3Q,PennyLane,0.42.3,default.qubit,RX_RY_RING,3,4,37,18,6,36,12,CNOT_RING,54,0.13730431,0.534272,0.137304,0.690796,0.1050907711,4.952821478579974e-07,0,9.275960018082212e-07,1.4228781496662187e-06,5.236300504178001e-07,0.36800765,3.2.8,3,1,4,38.0623,1.28059033,3.5572e-07,48.74225667,Cortex-A53,4,4,24.8,1200.0,2,48.6,222.8242,0.88,Debian GNU/Linux 13 (trixie) aarch64,Linux,aarch64,3.10.20,0.7638888888888888,0.7814814814814814,0.7638888888888888,0.7601410934744268,0.7814814814814814,0.7638888888888888,0.7601410934744268
2026-07-06 01:22:00,c9160e6539125e06c66b22677b30e1ed0aad8c344173a6c30f97b14607f84244,c9160e65,ubuntu,quantum_circuit_qubit_sweep_codecarbon,40,-1,-1,True,RX_RY_RING_3Q,PennyLane,0.42.3,default.qubit,RX_RY_RING,3,4,37,18,6,36,12,CNOT_RING,54,-0.35304399,0.587356,0.353044,0.677807,0.1050830099,4.952890779236068e-07,0,9.27625423258481e-07,1.422914501182088e-06,5.236434280538906e-07,0.36800765,3.2.8,3,1,4,38.0651,1.28062305,3.55729e-07,48.74710201,Cortex-A53,4,4,25.5,1200.0,2,48.7,223.6406,0.88,Debian GNU/Linux 13 (trixie) aarch64,Linux,aarch64,3.10.20,0.7638888888888888,0.7814814814814814,0.7638888888888888,0.7601410934744268,0.7814814814814814,0.7638888888888888,0.7601410934744268
2026-07-06 01:22:05,c9160e6539125e06c66b22677b30e1ed0aad8c344173a6c30f97b14607f84244,c9160e65,ubuntu,quantum_circuit_qubit_sweep_codecarbon,41,-1,-1,True,RX_RY_RING_3Q,PennyLane,0.42.3,default.qubit,RX_RY_RING,3,4,37,18,6,36,12,CNOT_RING,54,-0.0014988,0.500375,0.001499,0.693147,0.1050850411,4.952966547053722e-07,0,9.276726401488608e-07,1.4229692948542331e-06,5.236635925446551e-07,0.36800765,3.2.8,3,1,4,38.0644,1.28067237,3.55742e-07,48.74803688,Cortex-A53,4,4,25.7,1200.0,2,48.5,222.8047,0.88,Debian GNU/Linux 13 (trixie) aarch64,Linux,aarch64,3.10.20,0.7638888888888888,0.7814814814814814,0.7638888888888888,0.7601410934744268,0.7814814814814814,0.7638888888888888,0.7601410934744268
2026-07-06 01:22:10,c9160e6539125e06c66b22677b30e1ed0aad8c344173a6c30f97b14607f84244,c9160e65,ubuntu,quantum_circuit_qubit_sweep_codecarbon,42,-1,-1,True,RX_RY_RING_3Q,PennyLane,0.42.3,default.qubit,RX_RY_RING,3,4,37,18,6,36,12,CNOT_RING,54,-0.37252832,0.59207,0.372528,0.676096,0.1057382661,4.956451612423414e-07,0,9.282653825357556e-07,1.423910543778097e-06,5.240099793533739e-07,0.36800765,3.2.8,3,1,4,37.8293,1.28151949,3.55978e-07,48.47892958,Cortex-A53,4,4,25.2,1200.0,2,48.6,222.8281,0.88,Debian GNU/Linux 13 (trixie) aarch64,Linux,aarch64,3.10.20,0.7638888888888888,0.7814814814814814,0.7638888888888888,0.7601410934744268,0.7814814814814814,0.7638888888888888,0.7601410934744268
2026-07-06 01:22:15,c9160e6539125e06c66b22677b30e1ed0aad8c344173a6c30f97b14607f84244,c9160e65,ubuntu,quantum_circuit_qubit_sweep_codecarbon,43,1,1,True,RX_RY_RING_3Q,PennyLane,0.42.3,default.qubit,RX_RY_RING,3,4,37,18,6,36,12,CNOT_RING,54,0.35279968,0.587296,0.3528,0.677827,0.1114028138,4.981223310031988e-07,0,9.328422157947596e-07,1.4309645467979585e-06,5.266059064591515e-07,0.36800765,3.2.8,3,1,4,35.9057,1.28786809,3.57741e-07,46.24185146,Cortex-A53,4,4,22.9,1200.0,3,48.5,222.8281,0.88,Debian GNU/Linux 13 (trixie) aarch64,Linux,aarch64,3.10.20,0.7638888888888888,0.7814814814814814,0.7638888888888888,0.7601410934744268,0.7814814814814814,0.7638888888888888,0.7601410934744268
2026-07-06 01:22:20,c9160e6539125e06c66b22677b30e1ed0aad8c344173a6c30f97b14607f84244,c9160e65,ubuntu,quantum_circuit_qubit_sweep_codecarbon,44,1,1,True,RX_RY_RING_3Q,PennyLane,0.42.3,default.qubit,RX_RY_RING,3,4,37,18,6,36,12,CNOT_RING,54,0.28185025,0.57,0.28185,0.683315,0.105284933,4.953917151110041e-07,0,9.278119892890876e-07,1.4232037044000916e-06,5.237498570518057e-07,0.36800765,3.2.8,3,1,4,37.9921,1.28088333,3.55801e-07,48.66349999,Cortex-A53,4,4,25.5,1200.0,1,48.7,222.8281,0.88,Debian GNU/Linux 13 (trixie) aarch64,Linux,aarch64,3.10.20,0.7638888888888888,0.7814814814814814,0.7638888888888888,0.7601410934744268,0.7814814814814814,0.7638888888888888,0.7601410934744268
2026-07-06 01:22:26,c9160e6539125e06c66b22677b30e1ed0aad8c344173a6c30f97b14607f84244,c9160e65,ubuntu,quantum_circuit_qubit_sweep_codecarbon,45,1,1,True,RX_RY_RING_3Q,PennyLane,0.42.3,default.qubit,RX_RY_RING,3,4,37,18,6,36,12,CNOT_RING,54,0.12492282,0.53119,0.124923,0.6912,0.1057210241,4.955643753406722e-07,0,9.281592476569738e-07,1.423723622997646e-06,5.239411910753933e-07,0.36800765,3.2.8,3,1,4,37.8354,1.28135126,3.55931e-07,48.480471,Cortex-A53,4,4,24.8,1200.0,2,48.6,222.8398,0.88,Debian GNU/Linux 13 (trixie) aarch64,Linux,aarch64,3.10.20,0.7638888888888888,0.7814814814814814,0.7638888888888888,0.7601410934744268,0.7814814814814814,0.7638888888888888,0.7601410934744268
2026-07-06 01:22:31,c9160e6539125e06c66b22677b30e1ed0aad8c344173a6c30f97b14607f84244,c9160e65,ubuntu,quantum_circuit_qubit_sweep_codecarbon,46,1,1,True,RX_RY_RING_3Q,PennyLane,0.42.3,default.qubit,RX_RY_RING,3,4,37,18,6,36,12,CNOT_RING,54,0.5002426,0.622516,0.500243,0.662819,0.1053876919,4.95447428929933e-07,0,9.279299475019798e-07,1.4233773764319128e-06,5.238137696888787e-07,0.36800765,3.2.8,3,1,4,37.9551,1.28103964,3.55844e-07,48.62198293,Cortex-A53,4,4,24.0,1200.0,1,48.5,222.8477,0.88,Debian GNU/Linux 13 (trixie) aarch64,Linux,aarch64,3.10.20,0.7638888888888888,0.7814814814814814,0.7638888888888888,0.7601410934744268,0.7814814814814814,0.7638888888888888,0.7601410934744268
2026-07-06 01:22:36,c9160e6539125e06c66b22677b30e1ed0aad8c344173a6c30f97b14607f84244,c9160e65,ubuntu,quantum_circuit_qubit_sweep_codecarbon,47,1,1,True,RX_RY_RING_3Q,PennyLane,0.42.3,default.qubit,RX_RY_RING,3,4,37,18,6,36,12,CNOT_RING,54,0.21286509,0.553016,0.212865,0.687515,0.1161008039,5.00192649765975e-07,0,9.367456875042992e-07,1.436938337270274e-06,5.288043070790063e-07,0.36800765,3.2.8,3,1,4,34.4528,1.2932445,3.59235e-07,44.55591898,Cortex-A53,4,4,24.8,1200.0,2,48.6,222.8555,0.88,Debian GNU/Linux 13 (trixie) aarch64,Linux,aarch64,3.10.20,0.7638888888888888,0.7814814814814814,0.7638888888888888,0.7601410934744268,0.7814814814814814,0.7638888888888888,0.7601410934744268
2026-07-06 01:22:41,c9160e6539125e06c66b22677b30e1ed0aad8c344173a6c30f97b14607f84244,c9160e65,ubuntu,quantum_circuit_qubit_sweep_codecarbon,48,1,1,True,RX_RY_RING_3Q,PennyLane,0.42.3,default.qubit,RX_RY_RING,3,4,37,18,6,36,12,CNOT_RING,54,0.27346271,0.567943,0.273463,0.683886,0.105242901,4.953463128476852e-07,0,9.2773098013519e-07,1.4230772929828752e-06,5.23703336682661e-07,0.36800765,3.2.8,3,1,4,38.0073,1.28076956,3.55769e-07,48.67861115,Cortex-A53,4,4,26.7,1200.0,2,48.7,222.8711,0.88,Debian GNU/Linux 13 (trixie) aarch64,Linux,aarch64,3.10.20,0.7638888888888888,0.7814814814814814,0.7638888888888888,0.7601410934744268,0.7814814814814814,0.7638888888888888,0.7601410934744268
2026-07-06 01:22:47,c9160e6539125e06c66b22677b30e1ed0aad8c344173a6c30f97b14607f84244,c9160e65,ubuntu,quantum_circuit_qubit_sweep_codecarbon,49,-1,-1,True,RX_RY_RING_3Q,PennyLane,0.42.3,default.qubit,RX_RY_RING,3,4,37,18,6,36,12,CNOT_RING,54,-0.04658047,0.511643,0.04658,0.692876,0.1079951741,4.966332452992599e-07,0,9.301022715711346e-07,1.4267355168703944e-06,5.250495910749367e-07,0.36800765,3.2.8,3,1,4,37.0387,1.28406197,3.56684e-07,47.55997573,Cortex-A53,4,4,25.0,1200.0,1,48.7,222.8711,0.88,Debian GNU/Linux 13 (trixie) aarch64,Linux,aarch64,3.10.20,0.7638888888888888,0.7814814814814814,0.7638888888888888,0.7601410934744268,0.7814814814814814,0.7638888888888888,0.7601410934744268
2026-07-06 01:22:52,c9160e6539125e06c66b22677b30e1ed0aad8c344173a6c30f97b14607f84244,c9160e65,ubuntu,quantum_circuit_qubit_sweep_codecarbon,50,-1,-1,True,RX_RY_RING_3Q,PennyLane,0.42.3,default.qubit,RX_RY_RING,3,4,37,18,6,36,12,CNOT_RING,54,-0.08267725,0.520658,0.082677,0.692293,0.1083200159,4.968651622119878e-07,0,9.30500094157954e-07,1.427365256369942e-06,5.252813400310757e-07,0.36800765,3.2.8,3,1,4,36.9276,1.28462873,3.56841e-07,47.43827702,Cortex-A53,4,4,25.5,1200.0,1,48.5,223.6836,0.88,Debian GNU/Linux 13 (trixie) aarch64,Linux,aarch64,3.10.20,0.7638888888888888,0.7814814814814814,0.7638888888888888,0.7601410934744268,0.7814814814814814,0.7638888888888888,0.7601410934744268
2026-07-06 01:22:57,c9160e6539125e06c66b22677b30e1ed0aad8c344173a6c30f97b14607f84244,c9160e65,ubuntu,quantum_circuit_qubit_sweep_codecarbon,51,1,-1,False,RX_RY_RING_3Q,PennyLane,0.42.3,default.qubit,RX_RY_RING,3,4,37,18,6,36,12,CNOT_RING,54,-0.09432647,0.523564,0.094326,0.692036,0.1046501421,4.95115077847408e-07,0,9.272795366511372e-07,1.422394614498545e-06,5.234521057749035e-07,0.36800765,3.2.8,3,1,4,38.2226,1.28015515,3.55599e-07,48.93085196,Cortex-A53,4,4,26.4,1200.0,1,48.6,222.8555,0.88,Debian GNU/Linux 13 (trixie) aarch64,Linux,aarch64,3.10.20,0.7638888888888888,0.7814814814814814,0.7638888888888888,0.7601410934744268,0.7814814814814814,0.7638888888888888,0.7601410934744268
2026-07-06 01:23:03,c9160e6539125e06c66b22677b30e1ed0aad8c344173a6c30f97b14607f84244,c9160e65,ubuntu,quantum_circuit_qubit_sweep_codecarbon,52,1,1,True,RX_RY_RING_3Q,PennyLane,0.42.3,default.qubit,RX_RY_RING,3,4,37,18,6,36,12,CNOT_RING,54,0.51732126,0.626521,0.517321,0.660781,0.106409037,4.955484288641148e-07,0,9.281430674794442e-07,1.423691496343559e-06,5.239293682207776e-07,0.36800765,3.2.8,3,1,4,37.5908,1.28132235,3.55923e-07,48.16592209,Cortex-A53,4,4,26.2,1200.0,2,47.5,222.875,0.88,Debian GNU/Linux 13 (trixie) aarch64,Linux,aarch64,3.10.20,0.7638888888888888,0.7814814814814814,0.7638888888888888,0.7601410934744268,0.7814814814814814,0.7638888888888888,0.7601410934744268
2026-07-06 01:23:08,c9160e6539125e06c66b22677b30e1ed0aad8c344173a6c30f97b14607f84244,c9160e65,ubuntu,quantum_circuit_qubit_sweep_codecarbon,53,1,1,True,RX_RY_RING_3Q,PennyLane,0.42.3,default.qubit,RX_RY_RING,3,4,37,18,6,36,12,CNOT_RING,54,0.01282744,0.503207,0.012827,0.693127,0.104565819,4.951549117699568e-07,0,9.27388944158641e-07,1.422543855928598e-06,5.23507027763523e-07,0.36800765,3.2.8,3,1,4,38.2534,1.28028947,3.55636e-07,48.97544847,Cortex-A53,4,4,23.4,1200.0,1,48.1,222.875,0.88,Debian GNU/Linux 13 (trixie) aarch64,Linux,aarch64,3.10.20,0.7638888888888888,0.7814814814814814,0.7638888888888888,0.7601410934744268,0.7814814814814814,0.7638888888888888,0.7601410934744268
2026-07-06 01:23:13,c9160e6539125e06c66b22677b30e1ed0aad8c344173a6c30f97b14607f84244,c9160e65,ubuntu,quantum_circuit_qubit_sweep_codecarbon,54,-1,-1,True,RX_RY_RING_3Q,PennyLane,0.42.3,default.qubit,RX_RY_RING,3,4,37,18,6,36,12,CNOT_RING,54,-0.17989438,0.544853,0.179894,0.689118,0.1059033619,4.956169903652367e-07,0,9.282489607964332e-07,1.42386595116167e-06,5.23993568929197e-07,0.36800765,3.2.8,3,1,4,37.7703,1.28147936,3.55966e-07,48.40183854,Cortex-A53,4,4,24.5,1200.0,1,48.0,222.8789,0.88,Debian GNU/Linux 13 (trixie) aarch64,Linux,aarch64,3.10.20,0.7638888888888888,0.7814814814814814,0.7638888888888888,0.7601410934744268,0.7814814814814814,0.7638888888888888,0.7601410934744268
2026-07-06 01:23:18,c9160e6539125e06c66b22677b30e1ed0aad8c344173a6c30f97b14607f84244,c9160e65,ubuntu,quantum_circuit_qubit_sweep_codecarbon,55,-1,1,False,RX_RY_RING_3Q,PennyLane,0.42.3,default.qubit,RX_RY_RING,3,4,37,18,6,36,12,CNOT_RING,54,0.26667978,0.566278,0.26668,0.684336,0.1069221569,4.961321710673355e-07,0,9.291663550538942e-07,1.4252985261212298e-06,5.245207674798794e-07,0.36800765,3.2.8,3,1,4,37.4104,1.28276867,3.56325e-07,47.98888129,Cortex-A53,4,4,24.8,1200.0,1,47.8,222.8789,0.88,Debian GNU/Linux 13 (trixie) aarch64,Linux,aarch64,3.10.20,0.7638888888888888,0.7814814814814814,0.7638888888888888,0.7601410934744268,0.7814814814814814,0.7638888888888888,0.7601410934744268
2026-07-06 01:23:24,c9160e6539125e06c66b22677b30e1ed0aad8c344173a6c30f97b14607f84244,c9160e65,ubuntu,quantum_circuit_qubit_sweep_codecarbon,56,1,1,True,RX_RY_RING_3Q,PennyLane,0.42.3,default.qubit,RX_RY_RING,3,4,37,18,6,36,12,CNOT_RING,54,0.28061961,0.569698,0.28062,0.6834,0.1050227929,4.953347072420468e-07,0,9.27655595781592e-07,1.4229903030236388e-06,5.236713237118022e-07,0.36800765,3.2.8,3,1,4,38.087,1.28069127,3.55748e-07,48.77765052,Cortex-A53,4,4,25.7,1200.0,1,47.7,222.8789,0.88,Debian GNU/Linux 13 (trixie) aarch64,Linux,aarch64,3.10.20,0.7638888888888888,0.7814814814814814,0.7638888888888888,0.7601410934744268,0.7814814814814814,0.7638888888888888,0.7601410934744268
2026-07-06 01:23:29,c9160e6539125e06c66b22677b30e1ed0aad8c344173a6c30f97b14607f84244,c9160e65,ubuntu,quantum_circuit_qubit_sweep_codecarbon,57,1,1,True,RX_RY_RING_3Q,PennyLane,0.42.3,default.qubit,RX_RY_RING,3,4,37,18,6,36,12,CNOT_RING,54,0.40587142,0.600098,0.405871,0.672972,0.1049400331,4.952742301584819e-07,0,9.275885341533772e-07,1.4228627643118589e-06,5.236243884896293e-07,0.36800765,3.2.8,3,1,4,38.117,1.28057649,3.55716e-07,48.81174326,Cortex-A53,4,4,24.3,1200.0,1,47.8,222.8945,0.88,Debian GNU/Linux 13 (trixie) aarch64,Linux,aarch64,3.10.20,0.7638888888888888,0.7814814814814814,0.7638888888888888,0.7601410934744268,0.7814814814814814,0.7638888888888888,0.7601410934744268
2026-07-06 01:23:34,c9160e6539125e06c66b22677b30e1ed0aad8c344173a6c30f97b14607f84244,c9160e65,ubuntu,quantum_circuit_qubit_sweep_codecarbon,58,-1,1,False,RX_RY_RING_3Q,PennyLane,0.42.3,default.qubit,RX_RY_RING,3,4,37,18,6,36,12,CNOT_RING,54,0.04859176,0.512146,0.048592,0.692852,0.1052865409,4.953305705810161e-07,0,9.277419573239362e-07,1.4230725279049522e-06,5.237015830975113e-07,0.36800765,3.2.8,3,1,4,37.9916,1.28076528,3.55768e-07,48.65827156,Cortex-A53,4,4,25.2,1200.0,1,47.8,222.8945,0.88,Debian GNU/Linux 13 (trixie) aarch64,Linux,aarch64,3.10.20,0.7638888888888888,0.7814814814814814,0.7638888888888888,0.7601410934744268,0.7814814814814814,0.7638888888888888,0.7601410934744268
2026-07-06 01:23:39,c9160e6539125e06c66b22677b30e1ed0aad8c344173a6c30f97b14607f84244,c9160e65,ubuntu,quantum_circuit_qubit_sweep_codecarbon,59,1,1,True,RX_RY_RING_3Q,PennyLane,0.42.3,default.qubit,RX_RY_RING,3,4,37,18,6,36,12,CNOT_RING,54,0.20987115,0.552276,0.209871,0.687672,0.110433019,4.977519631178843e-07,0,9.322136708457644e-07,1.4299656339636489e-06,5.262382988900035e-07,0.36800765,3.2.8,3,1,4,36.2211,1.28696907,3.57491e-07,46.61537219,Cortex-A53,4,4,24.5,1200.0,2,48.3,222.918,0.88,Debian GNU/Linux 13 (trixie) aarch64,Linux,aarch64,3.10.20,0.7638888888888888,0.7814814814814814,0.7638888888888888,0.7601410934744268,0.7814814814814814,0.7638888888888888,0.7601410934744268
2026-07-06 01:23:45,c9160e6539125e06c66b22677b30e1ed0aad8c344173a6c30f97b14607f84244,c9160e65,ubuntu,quantum_circuit_qubit_sweep_codecarbon,60,-1,1,False,RX_RY_RING_3Q,PennyLane,0.42.3,default.qubit,RX_RY_RING,3,4,37,18,6,36,12,CNOT_RING,54,0.21356187,0.553188,0.213562,0.687478,0.1051772181,4.954467229675347e-07,0,9.27923415050221e-07,1.4233701380177556e-06,5.238111058970628e-07,0.36800765,3.2.8,3,1,4,38.031,1.28103312,3.55843e-07,48.71903431,Cortex-A53,4,4,25.0,1200.0,3,48.6,223.75,0.88,Debian GNU/Linux 13 (trixie) aarch64,Linux,aarch64,3.10.20,0.7638888888888888,0.7814814814814814,0.7638888888888888,0.7601410934744268,0.7814814814814814,0.7638888888888888,0.7601410934744268
2026-07-06 01:23:50,c9160e6539125e06c66b22677b30e1ed0aad8c344173a6c30f97b14607f84244,c9160e65,ubuntu,quantum_circuit_qubit_sweep_codecarbon,61,-1,-1,True,RX_RY_RING_3Q,PennyLane,0.42.3,default.qubit,RX_RY_RING,3,4,37,18,6,36,12,CNOT_RING,54,-0.27104716,0.56735,0.271047,0.684048,0.1081395939,4.967609726304791e-07,0,9.304046883092572e-07,1.4271656609397365e-06,5.25207887384968e-07,0.36800765,3.2.8,3,1,4,36.9892,1.28444909,3.56791e-07,47.51077932,Cortex-A53,4,4,24.3,1200.0,1,48.3,222.9258,0.88,Debian GNU/Linux 13 (trixie) aarch64,Linux,aarch64,3.10.20,0.7638888888888888,0.7814814814814814,0.7638888888888888,0.7601410934744268,0.7814814814814814,0.7638888888888888,0.7601410934744268
2026-07-06 01:23:55,c9160e6539125e06c66b22677b30e1ed0aad8c344173a6c30f97b14607f84244,c9160e65,ubuntu,quantum_circuit_qubit_sweep_codecarbon,62,-1,-1,True,RX_RY_RING_3Q,PennyLane,0.42.3,default.qubit,RX_RY_RING,3,4,37,18,6,36,12,CNOT_RING,54,-0.13308593,0.533222,0.133086,0.690938,0.1078688151,4.963366408935852e-07,0,9.295760865400856e-07,1.4259127274336706e-06,5.247467982642269e-07,0.36800765,3.2.8,3,1,4,37.0821,1.28332145,3.56478e-07,47.58822849,Cortex-A53,4,4,25.2,1200.0,1,48.2,222.9492,0.88,Debian GNU/Linux 13 (trixie) aarch64,Linux,aarch64,3.10.20,0.7638888888888888,0.7814814814814814,0.7638888888888888,0.7601410934744268,0.7814814814814814,0.7638888888888888,0.7601410934744268
2026-07-06 01:24:00,c9160e6539125e06c66b22677b30e1ed0aad8c344173a6c30f97b14607f84244,c9160e65,ubuntu,quantum_circuit_qubit_sweep_codecarbon,63,-1,1,False,RX_RY_RING_3Q,PennyLane,0.42.3,default.qubit,RX_RY_RING,3,4,37,18,6,36,12,CNOT_RING,54,0.01742706,0.504357,0.017427,0.693109,0.104838833,4.952031734089057e-07,0,9.274777017223338e-07,1.4226808751312394e-06,5.23557451878901e-07,0.36800765,3.2.8,3,1,4,38.1538,1.28041279,3.5567e-07,48.85261506,Cortex-A53,4,4,25.0,1200.0,1,48.2,222.9492,0.88,Debian GNU/Linux 13 (trixie) aarch64,Linux,aarch64,3.10.20,0.7638888888888888,0.7814814814814814,0.7638888888888888,0.7601410934744268,0.7814814814814814,0.7638888888888888,0.7601410934744268
2026-07-06 01:24:06,c9160e6539125e06c66b22677b30e1ed0aad8c344173a6c30f97b14607f84244,c9160e65,ubuntu,quantum_circuit_qubit_sweep_codecarbon,64,1,1,True,RX_RY_RING_3Q,PennyLane,0.42.3,default.qubit,RX_RY_RING,3,4,37,18,6,36,12,CNOT_RING,54,0.40159553,0.599071,0.401596,0.673387,0.1051802882,4.950729191765292e-07,0,9.272558242082596e-07,1.422328743384789e-06,5.234278647008345e-07,0.36800765,3.2.8,3,1,4,38.0299,1.28009587,3.55582e-07,48.68196849,Cortex-A53,4,4,25.9,1200.0,2,51.6,222.9492,0.88,Debian GNU/Linux 13 (trixie) aarch64,Linux,aarch64,3.10.20,0.7638888888888888,0.7814814814814814,0.7638888888888888,0.7601410934744268,0.7814814814814814,0.7638888888888888,0.7601410934744268
2026-07-06 01:24:11,c9160e6539125e06c66b22677b30e1ed0aad8c344173a6c30f97b14607f84244,c9160e65,ubuntu,quantum_circuit_qubit_sweep_codecarbon,65,-1,-1,True,RX_RY_RING_3Q,PennyLane,0.42.3,default.qubit,RX_RY_RING,3,4,37,18,6,36,12,CNOT_RING,54,-0.02032006,0.50508,0.02032,0.693096,0.1056795041,4.946973853641086e-07,0,9.265116833072776e-07,1.4212090686713862e-06,5.230158158358153e-07,0.36800765,3.2.8,3,1,4,37.8503,1.27908816,3.55302e-07,48.41385934,Cortex-A53,4,4,24.5,1200.0,2,51.5,222.9531,0.88,Debian GNU/Linux 13 (trixie) aarch64,Linux,aarch64,3.10.20,0.7638888888888888,0.7814814814814814,0.7638888888888888,0.7601410934744268,0.7814814814814814,0.7638888888888888,0.7601410934744268
2026-07-06 01:24:16,c9160e6539125e06c66b22677b30e1ed0aad8c344173a6c30f97b14607f84244,c9160e65,ubuntu,quantum_circuit_qubit_sweep_codecarbon,66,-1,-1,True,RX_RY_RING_3Q,PennyLane,0.42.3,default.qubit,RX_RY_RING,3,4,37,18,6,36,12,CNOT_RING,54,-0.12279726,0.530661,0.122797,0.691266,0.1055092961,4.953797631379632e-07,0,9.27804596722126e-07,1.4231843598600892e-06,5.237427381130131e-07,0.36800765,3.2.8,3,1,4,37.9114,1.28086592,3.55796e-07,48.55935815,Cortex-A53,4,4,25.2,1200.0,1,51.6,222.9531,0.88,Debian GNU/Linux 13 (trixie) aarch64,Linux,aarch64,3.10.20,0.7638888888888888,0.7814814814814814,0.7638888888888888,0.7601410934744268,0.7814814814814814,0.7638888888888888,0.7601410934744268
2026-07-06 01:24:21,c9160e6539125e06c66b22677b30e1ed0aad8c344173a6c30f97b14607f84244,c9160e65,ubuntu,quantum_circuit_qubit_sweep_codecarbon,67,1,1,True,RX_RY_RING_3Q,PennyLane,0.42.3,default.qubit,RX_RY_RING,3,4,37,18,6,36,12,CNOT_RING,54,0.0939569,0.523472,0.093957,0.692045,0.1051551311,4.953754786401988e-07,0,9.2774882078326e-07,1.4231242994234588e-06,5.237206354126039e-07,0.36800765,3.2.8,3,1,4,38.039,1.28081187,3.55781e-07,48.72085104,Cortex-A53,4,4,24.1,1200.0,2,52.1,222.9531,0.88,Debian GNU/Linux 13 (trixie) aarch64,Linux,aarch64,3.10.20,0.7638888888888888,0.7814814814814814,0.7638888888888888,0.7601410934744268,0.7814814814814814,0.7638888888888888,0.7601410934744268
2026-07-06 01:24:27,c9160e6539125e06c66b22677b30e1ed0aad8c344173a6c30f97b14607f84244,c9160e65,ubuntu,quantum_circuit_qubit_sweep_codecarbon,68,-1,-1,True,RX_RY_RING_3Q,PennyLane,0.42.3,default.qubit,RX_RY_RING,3,4,37,18,6,36,12,CNOT_RING,54,-0.4057808,0.600076,0.405781,0.672981,0.104806643,4.951908017198245e-07,0,9.274697383322444e-07,1.4226605400520688e-06,5.235499684141123e-07,0.36800765,3.2.8,3,1,4,38.1655,1.28039449,3.55665e-07,48.86692101,Cortex-A53,4,4,26.2,1200.0,1,51.9,222.957,0.88,Debian GNU/Linux 13 (trixie) aarch64,Linux,aarch64,3.10.20,0.7638888888888888,0.7814814814814814,0.7638888888888888,0.7601410934744268,0.7814814814814814,0.7638888888888888,0.7601410934744268
2026-07-06 01:24:32,c9160e6539125e06c66b22677b30e1ed0aad8c344173a6c30f97b14607f84244,c9160e65,ubuntu,quantum_circuit_qubit_sweep_codecarbon,69,-1,-1,True,RX_RY_RING_3Q,PennyLane,0.42.3,default.qubit,RX_RY_RING,3,4,37,18,6,36,12,CNOT_RING,54,-0.33720813,0.583512,0.337208,0.679133,0.1063310599,4.958439154434786e-07,0,9.286605258239432e-07,1.4245044412674218e-06,5.242285381754003e-07,0.36800765,3.2.8,3,1,4,37.6184,1.282054,3.56126e-07,48.22876769,Cortex-A53,4,4,24.3,1200.0,1,51.7,222.957,0.88,Debian GNU/Linux 13 (trixie) aarch64,Linux,aarch64,3.10.20,0.7638888888888888,0.7814814814814814,0.7638888888888888,0.7601410934744268,0.7814814814814814,0.7638888888888888,0.7601410934744268
2026-07-06 01:24:37,c9160e6539125e06c66b22677b30e1ed0aad8c344173a6c30f97b14607f84244,c9160e65,ubuntu,quantum_circuit_qubit_sweep_codecarbon,70,-1,-1,True,RX_RY_RING_3Q,PennyLane,0.42.3,default.qubit,RX_RY_RING,3,4,37,18,6,36,12,CNOT_RING,54,-0.01268845,0.503172,0.012688,0.693127,0.1047958608,4.951504733827379e-07,0,9.273701650090516e-07,1.4225206383917894e-06,5.234984835322602e-07,0.36800765,3.2.8,3,1,4,38.1694,1.28026857,3.5563e-07,48.86714282,Cortex-A53,4,4,25.0,1200.0,1,47.6,222.9375,0.88,Debian GNU/Linux 13 (trixie) aarch64,Linux,aarch64,3.10.20,0.7638888888888888,0.7814814814814814,0.7638888888888888,0.7601410934744268,0.7814814814814814,0.7638888888888888,0.7601410934744268
2026-07-06 01:24:43,c9160e6539125e06c66b22677b30e1ed0aad8c344173a6c30f97b14607f84244,c9160e65,ubuntu,quantum_circuit_qubit_sweep_codecarbon,71,-1,-1,True,RX_RY_RING_3Q,PennyLane,0.42.3,default.qubit,RX_RY_RING,3,4,37,18,6,36,12,CNOT_RING,54,-0.01430912,0.503577,0.014309,0.693122,0.1048876829,4.952482253106104e-07,0,9.275290141037356e-07,1.422777239414346e-06,5.23592914672699e-07,0.36800765,3.2.8,3,1,4,38.136,1.28049952,3.55694e-07,48.83317009,Cortex-A53,4,4,25.7,1200.0,1,47.7,222.9648,0.88,Debian GNU/Linux 13 (trixie) aarch64,Linux,aarch64,3.10.20,0.7638888888888888,0.7814814814814814,0.7638888888888888,0.7601410934744268,0.7814814814814814,0.7638888888888888,0.7601410934744268
2026-07-06 01:24:58,c9160e6539125e06c66b22677b30e1ed0aad8c344173a6c30f97b14607f84244,c9160e65,ubuntu,quantum_circuit_qubit_sweep_codecarbon,0,-1,1,False,RX_RY_RING_4Q,PennyLane,0.42.3,default.qubit,RX_RY_RING,4,4,49,18,8,48,16,CNOT_RING,72,0.14277758,0.535634,0.142778,0.690605,0.1367892539,5.093864195784598e-07,0,9.54035609223259e-07,1.463422028801719e-06,5.385505082805027e-07,0.36800765,3.2.8,4,1,5,36.5526,1.05366386,2.92684e-07,38.51413143,Cortex-A53,4,4,24.8,1200.0,1,48.0,222.957,0.88,Debian GNU/Linux 13 (trixie) aarch64,Linux,aarch64,3.10.20,0.7222222222222222,0.7618181818181818,0.7222222222222222,0.7113071371291099,0.7618181818181818,0.7222222222222222,0.7113071371291099
2026-07-06 01:25:03,c9160e6539125e06c66b22677b30e1ed0aad8c344173a6c30f97b14607f84244,c9160e65,ubuntu,quantum_circuit_qubit_sweep_codecarbon,1,1,1,True,RX_RY_RING_4Q,PennyLane,0.42.3,default.qubit,RX_RY_RING,4,4,49,18,8,48,16,CNOT_RING,72,0.17273697,0.543077,0.172737,0.689431,0.136821805,5.094262777517239e-07,0,9.540637741641452e-07,1.4634900519158693e-06,5.385755413071892e-07,0.36800765,3.2.8,4,1,5,36.5439,1.05371284,2.92698e-07,38.50675838,Cortex-A53,4,4,26.9,1200.0,1,48.1,222.9766,0.88,Debian GNU/Linux 13 (trixie) aarch64,Linux,aarch64,3.10.20,0.7222222222222222,0.7618181818181818,0.7222222222222222,0.7113071371291099,0.7618181818181818,0.7222222222222222,0.7113071371291099
2026-07-06 01:25:09,c9160e6539125e06c66b22677b30e1ed0aad8c344173a6c30f97b14607f84244,c9160e65,ubuntu,quantum_circuit_qubit_sweep_codecarbon,2,1,1,True,RX_RY_RING_4Q,PennyLane,0.42.3,default.qubit,RX_RY_RING,4,4,49,18,8,48,16,CNOT_RING,72,0.17378668,0.543338,0.173787,0.689386,0.1341343219,5.081865608485209e-07,0,9.518114399785796e-07,1.4599980008271003e-06,5.37290439776814e-07,0.36800765,3.2.8,4,1,5,37.2761,1.05119856,2.92e-07,39.1845482,Cortex-A53,4,4,26.2,1200.0,1,48.0,223.1875,0.88,Debian GNU/Linux 13 (trixie) aarch64,Linux,aarch64,3.10.20,0.7222222222222222,0.7618181818181818,0.7222222222222222,0.7113071371291099,0.7618181818181818,0.7222222222222222,0.7113071371291099
2026-07-06 01:25:14,c9160e6539125e06c66b22677b30e1ed0aad8c344173a6c30f97b14607f84244,c9160e65,ubuntu,quantum_circuit_qubit_sweep_codecarbon,3,1,1,True,RX_RY_RING_4Q,PennyLane,0.42.3,default.qubit,RX_RY_RING,4,4,49,18,8,48,16,CNOT_RING,72,0.17831452,0.544461,0.178315,0.689188,0.134638693,5.094791375375338e-07,0,9.542115073418244e-07,1.4636906448793585e-06,5.386493610531807e-07,0.36800765,3.2.8,4,1,5,37.1364,1.05385726,2.92738e-07,39.13649343,Cortex-A53,4,4,25.0,1200.0,2,48.1,223.1875,0.88,Debian GNU/Linux 13 (trixie) aarch64,Linux,aarch64,3.10.20,0.7222222222222222,0.7618181818181818,0.7222222222222222,0.7113071371291099,0.7618181818181818,0.7222222222222222,0.7113071371291099
2026-07-06 01:25:19,c9160e6539125e06c66b22677b30e1ed0aad8c344173a6c30f97b14607f84244,c9160e65,ubuntu,quantum_circuit_qubit_sweep_codecarbon,4,-1,-1,True,RX_RY_RING_4Q,PennyLane,0.42.3,default.qubit,RX_RY_RING,4,4,49,18,8,48,16,CNOT_RING,72,-0.13845141,0.534558,0.138451,0.690757,0.1341219251,5.081843114975426e-07,0,9.51788645858566e-07,1.4599729573561086e-06,5.372812235877951e-07,0.36800765,3.2.8,4,1,5,37.2795,1.05118053,2.91995e-07,39.18749781,Cortex-A53,4,4,25.5,1200.0,1,48.2,223.1875,0.88,Debian GNU/Linux 13 (trixie) aarch64,Linux,aarch64,3.10.20,0.7222222222222222,0.7618181818181818,0.7222222222222222,0.7113071371291099,0.7618181818181818,0.7222222222222222,0.7113071371291099
2026-07-06 01:25:24,c9160e6539125e06c66b22677b30e1ed0aad8c344173a6c30f97b14607f84244,c9160e65,ubuntu,quantum_circuit_qubit_sweep_codecarbon,5,1,1,True,RX_RY_RING_4Q,PennyLane,0.42.3,default.qubit,RX_RY_RING,4,4,49,18,8,48,16,CNOT_RING,72,0.19499055,0.548594,0.194991,0.688417,0.139856993,5.109178342132105e-07,0,9.568910842062906e-07,1.4678089184195012e-06,5.401649172390461e-07,0.36800765,3.2.8,4,1,5,35.7508,1.05682242,2.93562e-07,37.78225167,Cortex-A53,4,4,25.7,1200.0,2,48.2,223.1914,0.88,Debian GNU/Linux 13 (trixie) aarch64,Linux,aarch64,3.10.20,0.7222222222222222,0.7618181818181818,0.7222222222222222,0.7113071371291099,0.7618181818181818,0.7222222222222222,0.7113071371291099
2026-07-06 01:25:30,c9160e6539125e06c66b22677b30e1ed0aad8c344173a6c30f97b14607f84244,c9160e65,ubuntu,quantum_circuit_qubit_sweep_codecarbon,6,1,1,True,RX_RY_RING_4Q,PennyLane,0.42.3,default.qubit,RX_RY_RING,4,4,49,18,8,48,16,CNOT_RING,72,0.06634761,0.516581,0.066348,0.692597,0.136191129,5.090943946399623e-07,0,9.53540016586582e-07,1.4626344112265442e-06,5.382606589840641e-07,0.36800765,3.2.8,4,1,5,36.7131,1.05309678,2.92527e-07,38.66245856,Cortex-A53,4,4,25.7,1200.0,2,48.4,223.1914,0.88,Debian GNU/Linux 13 (trixie) aarch64,Linux,aarch64,3.10.20,0.7222222222222222,0.7618181818181818,0.7222222222222222,0.7113071371291099,0.7618181818181818,0.7222222222222222,0.7113071371291099
2026-07-06 01:25:35,c9160e6539125e06c66b22677b30e1ed0aad8c344173a6c30f97b14607f84244,c9160e65,ubuntu,quantum_circuit_qubit_sweep_codecarbon,7,1,1,True,RX_RY_RING_4Q,PennyLane,0.42.3,default.qubit,RX_RY_RING,4,4,49,18,8,48,16,CNOT_RING,72,0.20334589,0.550662,0.203346,0.688005,0.1430682731,5.120980054902567e-07,0,9.590907167876138e-07,1.4711887222778706e-06,5.414087109294442e-07,0.36800765,3.2.8,4,1,5,34.9483,1.05925588,2.94238e-07,37.01924463,Cortex-A53,4,4,25.2,1200.0,2,48.5,223.1914,0.88,Debian GNU/Linux 13 (trixie) aarch64,Linux,aarch64,3.10.20,0.7222222222222222,0.7618181818181818,0.7222222222222222,0.7113071371291099,0.7618181818181818,0.7222222222222222,0.7113071371291099
2026-07-06 01:25:40,c9160e6539125e06c66b22677b30e1ed0aad8c344173a6c30f97b14607f84244,c9160e65,ubuntu,quantum_circuit_qubit_sweep_codecarbon,8,1,-1,False,RX_RY_RING_4Q,PennyLane,0.42.3,default.qubit,RX_RY_RING,4,4,49,18,8,48,16,CNOT_RING,72,-0.01312595,0.503281,0.013126,0.693126,0.13719706,5.095770443820593e-07,0,9.54433233321955e-07,1.4640102777040142e-06,5.387669883792655e-07,0.36800765,3.2.8,4,1,5,36.4439,1.0540874,2.92802e-07,38.41508701,Cortex-A53,4,4,24.8,1200.0,1,48.5,223.1953,0.88,Debian GNU/Linux 13 (trixie) aarch64,Linux,aarch64,3.10.20,0.7222222222222222,0.7618181818181818,0.7222222222222222,0.7113071371291099,0.7618181818181818,0.7222222222222222,0.7113071371291099
2026-07-06 01:25:45,c9160e6539125e06c66b22677b30e1ed0aad8c344173a6c30f97b14607f84244,c9160e65,ubuntu,quantum_circuit_qubit_sweep_codecarbon,9,-1,-1,True,RX_RY_RING_4Q,PennyLane,0.42.3,default.qubit,RX_RY_RING,4,4,49,18,8,48,16,CNOT_RING,72,-0.20918484,0.552106,0.209185,0.687707,0.1358627449,5.090061253350642e-07,0,9.533300250768662e-07,1.4623361504119303e-06,5.381508967212657e-07,0.36800765,3.2.8,4,1,5,36.8018,1.05288203,2.92467e-07,38.7480037,Cortex-A53,4,4,25.0,1200.0,1,48.5,223.1953,0.88,Debian GNU/Linux 13 (trixie) aarch64,Linux,aarch64,3.10.20,0.7222222222222222,0.7618181818181818,0.7222222222222222,0.7113071371291099,0.7618181818181818,0.7222222222222222,0.7113071371291099
2026-07-06 01:25:51,c9160e6539125e06c66b22677b30e1ed0aad8c344173a6c30f97b14607f84244,c9160e65,ubuntu,quantum_circuit_qubit_sweep_codecarbon,10,1,1,True,RX_RY_RING_4Q,PennyLane,0.42.3,default.qubit,RX_RY_RING,4,4,49,18,8,48,16,CNOT_RING,72,0.0407701,0.510191,0.04077,0.692939,0.1360230041,5.090605611721344e-07,0,9.53474507550709e-07,1.4625350687228432e-06,5.382241001822906e-07,0.36800765,3.2.8,4,1,5,36.7585,1.05302525,2.92507e-07,38.70761628,Cortex-A53,4,4,25.7,1200.0,1,48.5,223.4062,0.88,Debian GNU/Linux 13 (trixie) aarch64,Linux,aarch64,3.10.20,0.7222222222222222,0.7618181818181818,0.7222222222222222,0.7113071371291099,0.7618181818181818,0.7222222222222222,0.7113071371291099
2026-07-06 01:25:56,c9160e6539125e06c66b22677b30e1ed0aad8c344173a6c30f97b14607f84244,c9160e65,ubuntu,quantum_circuit_qubit_sweep_codecarbon,11,1,1,True,RX_RY_RING_4Q,PennyLane,0.42.3,default.qubit,RX_RY_RING,4,4,49,18,8,48,16,CNOT_RING,72,0.24583698,0.561152,0.245837,0.685649,0.138853142,5.10347427831881e-07,0,9.55862206562112e-07,1.466209634393993e-06,5.395763684760296e-07,0.36800765,3.2.8,4,1,5,36.0093,1.05567094,2.93242e-07,38.01393765,Cortex-A53,4,4,23.7,1200.0,1,48.6,223.4141,0.88,Debian GNU/Linux 13 (trixie) aarch64,Linux,aarch64,3.10.20,0.7222222222222222,0.7618181818181818,0.7222222222222222,0.7113071371291099,0.7618181818181818,0.7222222222222222,0.7113071371291099
2026-07-06 01:26:01,c9160e6539125e06c66b22677b30e1ed0aad8c344173a6c30f97b14607f84244,c9160e65,ubuntu,quantum_circuit_qubit_sweep_codecarbon,12,-1,-1,True,RX_RY_RING_4Q,PennyLane,0.42.3,default.qubit,RX_RY_RING,4,4,49,18,8,48,16,CNOT_RING,72,-0.05494771,0.513733,0.054948,0.69277,0.136566489,5.092528079532915e-07,0,9.538154282684749e-07,1.4630682362217663e-06,5.384203099029948e-07,0.36800765,3.2.8,4,1,5,36.6122,1.05340913,2.92614e-07,38.56762877,Cortex-A53,4,4,25.0,1200.0,3,48.6,223.4219,0.88,Debian GNU/Linux 13 (trixie) aarch64,Linux,aarch64,3.10.20,0.7222222222222222,0.7618181818181818,0.7222222222222222,0.7113071371291099,0.7618181818181818,0.7222222222222222,0.7113071371291099
2026-07-06 01:26:07,c9160e6539125e06c66b22677b30e1ed0aad8c344173a6c30f97b14607f84244,c9160e65,ubuntu,quantum_circuit_qubit_sweep_codecarbon,13,1,1,True,RX_RY_RING_4Q,PennyLane,0.42.3,default.qubit,RX_RY_RING,4,4,49,18,8,48,16,CNOT_RING,72,0.10421749,0.526031,0.104217,0.691791,0.1363072719,5.091637265802729e-07,0,9.536283158619576e-07,1.4627920424422307e-06,5.38318668478016e-07,0.36800765,3.2.8,4,1,5,36.6818,1.05321027,2.92558e-07,38.63367874,Cortex-A53,4,4,25.7,1200.0,1,48.7,223.4219,0.88,Debian GNU/Linux 13 (trixie) aarch64,Linux,aarch64,3.10.20,0.7222222222222222,0.7618181818181818,0.7222222222222222,0.7113071371291099,0.7618181818181818,0.7222222222222222,0.7113071371291099
2026-07-06 01:26:12,c9160e6539125e06c66b22677b30e1ed0aad8c344173a6c30f97b14607f84244,c9160e65,ubuntu,quantum_circuit_qubit_sweep_codecarbon,14,1,1,True,RX_RY_RING_4Q,PennyLane,0.42.3,default.qubit,RX_RY_RING,4,4,49,18,8,48,16,CNOT_RING,72,0.26116588,0.564923,0.261166,0.684693,0.1371265361,5.095628435594656e-07,0,9.543498801455522e-07,1.463912723705018e-06,5.387310877609132e-07,0.36800765,3.2.8,4,1,5,36.4627,1.05401716,2.92783e-07,38.43228273,Cortex-A53,4,4,25.9,1200.0,1,48.5,223.4219,0.88,Debian GNU/Linux 13 (trixie) aarch64,Linux,aarch64,3.10.20,0.7222222222222222,0.7618181818181818,0.7222222222222222,0.7113071371291099,0.7618181818181818,0.7222222222222222,0.7113071371291099
2026-07-06 01:26:17,c9160e6539125e06c66b22677b30e1ed0aad8c344173a6c30f97b14607f84244,c9160e65,ubuntu,quantum_circuit_qubit_sweep_codecarbon,15,-1,1,False,RX_RY_RING_4Q,PennyLane,0.42.3,default.qubit,RX_RY_RING,4,4,49,18,8,48,16,CNOT_RING,72,0.07316796,0.518284,0.073168,0.692478,0.1416183831,5.115819048473798e-07,0,9.581388275061423e-07,1.4697207323535222e-06,5.408684794006379e-07,0.36800765,3.2.8,4,1,5,35.3062,1.05819893,2.93944e-07,37.36093098,Cortex-A53,4,4,25.7,1200.0,1,48.6,223.4219,0.88,Debian GNU/Linux 13 (trixie) aarch64,Linux,aarch64,3.10.20,0.7222222222222222,0.7618181818181818,0.7222222222222222,0.7113071371291099,0.7618181818181818,0.7222222222222222,0.7113071371291099
2026-07-06 01:26:23,c9160e6539125e06c66b22677b30e1ed0aad8c344173a6c30f97b14607f84244,c9160e65,ubuntu,quantum_circuit_qubit_sweep_codecarbon,16,1,1,True,RX_RY_RING_4Q,PennyLane,0.42.3,default.qubit,RX_RY_RING,4,4,49,18,8,48,16,CNOT_RING,72,0.05609115,0.514019,0.056091,0.692754,0.1353860251,5.08778329653724e-07,0,9.528898558346556e-07,1.4616681854883795e-06,5.379050805164991e-07,0.36800765,3.2.8,4,1,5,36.9314,1.05240109,2.92334e-07,38.86668114,Cortex-A53,4,4,25.0,1200.0,2,48.5,223.4258,0.88,Debian GNU/Linux 13 (trixie) aarch64,Linux,aarch64,3.10.20,0.7222222222222222,0.7618181818181818,0.7222222222222222,0.7113071371291099,0.7618181818181818,0.7222222222222222,0.7113071371291099
2026-07-06 01:26:28,c9160e6539125e06c66b22677b30e1ed0aad8c344173a6c30f97b14607f84244,c9160e65,ubuntu,quantum_circuit_qubit_sweep_codecarbon,17,1,1,True,RX_RY_RING_4Q,PennyLane,0.42.3,default.qubit,RX_RY_RING,4,4,49,18,8,48,16,CNOT_RING,72,0.01551186,0.503878,0.015512,0.693117,0.1359338341,5.090718048935136e-07,0,9.533546942596636e-07,1.462426499153177e-06,5.381841457496137e-07,0.36800765,3.2.8,4,1,5,36.7826,1.05294708,2.92485e-07,38.73013243,Cortex-A53,4,4,25.0,1200.0,1,48.1,223.4336,0.88,Debian GNU/Linux 13 (trixie) aarch64,Linux,aarch64,3.10.20,0.7222222222222222,0.7618181818181818,0.7222222222222222,0.7113071371291099,0.7618181818181818,0.7222222222222222,0.7113071371291099
2026-07-06 01:26:33,c9160e6539125e06c66b22677b30e1ed0aad8c344173a6c30f97b14607f84244,c9160e65,ubuntu,quantum_circuit_qubit_sweep_codecarbon,18,-1,-1,True,RX_RY_RING_4Q,PennyLane,0.42.3,default.qubit,RX_RY_RING,4,4,49,18,8,48,16,CNOT_RING,72,-0.23389774,0.558209,0.233898,0.686355,0.1358768551,5.089956000447273e-07,0,9.532822084535536e-07,1.4622778084982808e-06,5.381294264504677e-07,0.36800765,3.2.8,4,1,5,36.798,1.05284002,2.92456e-07,38.74243414,Cortex-A53,4,4,25.9,1200.0,1,48.6,223.4336,0.88,Debian GNU/Linux 13 (trixie) aarch64,Linux,aarch64,3.10.20,0.7222222222222222,0.7618181818181818,0.7222222222222222,0.7113071371291099,0.7618181818181818,0.7222222222222222,0.7113071371291099
2026-07-06 01:26:38,c9160e6539125e06c66b22677b30e1ed0aad8c344173a6c30f97b14607f84244,c9160e65,ubuntu,quantum_circuit_qubit_sweep_codecarbon,19,1,1,True,RX_RY_RING_4Q,PennyLane,0.42.3,default.qubit,RX_RY_RING,4,4,49,18,8,48,16,CNOT_RING,72,0.1886645,0.547027,0.188664,0.688718,0.1364285699,5.092517538822832e-07,0,9.53816229205889e-07,1.463067983088172e-06,5.384202167478946e-07,0.36800765,3.2.8,4,1,5,36.6492,1.05340895,2.92614e-07,38.60661108,Cortex-A53,4,4,24.8,1200.0,1,48.7,223.4336,0.88,Debian GNU/Linux 13 (trixie) aarch64,Linux,aarch64,3.10.20,0.7222222222222222,0.7618181818181818,0.7222222222222222,0.7113071371291099,0.7618181818181818,0.7222222222222222,0.7113071371291099
2026-07-06 01:26:44,c9160e6539125e06c66b22677b30e1ed0aad8c344173a6c30f97b14607f84244,c9160e65,ubuntu,quantum_circuit_qubit_sweep_codecarbon,20,-1,-1,True,RX_RY_RING_4Q,PennyLane,0.42.3,default.qubit,RX_RY_RING,4,4,49,18,8,48,16,CNOT_RING,72,-0.23469859,0.558407,0.234699,0.686309,0.1367523689,5.095664518542656e-07,0,9.544022458915908e-07,1.4639686977458565e-06,5.38751686636392e-07,0.36800765,3.2.8,4,1,5,36.5624,1.05405746,2.92794e-07,38.53891055,Cortex-A53,4,4,26.4,1200.0,2,48.5,223.6406,0.88,Debian GNU/Linux 13 (trixie) aarch64,Linux,aarch64,3.10.20,0.7222222222222222,0.7618181818181818,0.7222222222222222,0.7113071371291099,0.7618181818181818,0.7222222222222222,0.7113071371291099
2026-07-06 01:26:49,c9160e6539125e06c66b22677b30e1ed0aad8c344173a6c30f97b14607f84244,c9160e65,ubuntu,quantum_circuit_qubit_sweep_codecarbon,21,1,1,True,RX_RY_RING_4Q,PennyLane,0.42.3,default.qubit,RX_RY_RING,4,4,49,18,8,48,16,CNOT_RING,72,0.22398508,0.555763,0.223985,0.686915,0.137771789,5.096004519404638e-07,0,9.544392649938043e-07,1.464039716934268e-06,5.387778222413399e-07,0.36800765,3.2.8,4,1,5,36.2919,1.0541086,2.92808e-07,38.25560385,Cortex-A53,4,4,25.0,1200.0,1,48.5,223.6406,0.88,Debian GNU/Linux 13 (trixie) aarch64,Linux,aarch64,3.10.20,0.7222222222222222,0.7618181818181818,0.7222222222222222,0.7113071371291099,0.7618181818181818,0.7222222222222222,0.7113071371291099
2026-07-06 01:26:54,c9160e6539125e06c66b22677b30e1ed0aad8c344173a6c30f97b14607f84244,c9160e65,ubuntu,quantum_circuit_qubit_sweep_codecarbon,22,1,1,True,RX_RY_RING_4Q,PennyLane,0.42.3,default.qubit,RX_RY_RING,4,4,49,18,8,48,16,CNOT_RING,72,0.09122111,0.522789,0.091221,0.692108,0.1366107031,5.083851964288049e-07,0,9.521927050082012e-07,1.460577901437006e-06,5.375038476400758e-07,0.36800765,3.2.8,4,1,5,36.6004,1.05161609,2.92116e-07,38.48952042,Cortex-A53,4,4,24.8,1200.0,1,48.4,223.6445,0.88,Debian GNU/Linux 13 (trixie) aarch64,Linux,aarch64,3.10.20,0.7222222222222222,0.7618181818181818,0.7222222222222222,0.7113071371291099,0.7618181818181818,0.7222222222222222,0.7113071371291099
2026-07-06 01:27:00,c9160e6539125e06c66b22677b30e1ed0aad8c344173a6c30f97b14607f84244,c9160e65,ubuntu,quantum_circuit_qubit_sweep_codecarbon,23,-1,1,False,RX_RY_RING_4Q,PennyLane,0.42.3,default.qubit,RX_RY_RING,4,4,49,18,8,48,16,CNOT_RING,72,0.12819498,0.532005,0.128195,0.691097,0.1364329951,5.092654274776577e-07,0,9.538650008228918e-07,1.4631304283005496e-06,5.384431970640328e-07,0.36800765,3.2.8,4,1,5,36.648,1.05345391,2.92626e-07,38.6070066,Cortex-A53,4,4,25.9,1200.0,3,48.5,223.6484,0.88,Debian GNU/Linux 13 (trixie) aarch64,Linux,aarch64,3.10.20,0.7222222222222222,0.7618181818181818,0.7222222222222222,0.7113071371291099,0.7618181818181818,0.7222222222222222,0.7113071371291099
2026-07-06 01:27:05,c9160e6539125e06c66b22677b30e1ed0aad8c344173a6c30f97b14607f84244,c9160e65,ubuntu,quantum_circuit_qubit_sweep_codecarbon,24,1,1,True,RX_RY_RING_4Q,PennyLane,0.42.3,default.qubit,RX_RY_RING,4,4,49,18,8,48,16,CNOT_RING,72,0.07925838,0.519804,0.079258,0.692363,0.135571229,5.088653990991778e-07,0,9.530615307933962e-07,1.461926929892574e-06,5.380003004377871e-07,0.36800765,3.2.8,4,1,5,36.881,1.05258739,2.92385e-07,38.82045612,Cortex-A53,4,4,25.4,1200.0,1,48.5,223.6602,0.88,Debian GNU/Linux 13 (trixie) aarch64,Linux,aarch64,3.10.20,0.7222222222222222,0.7618181818181818,0.7222222222222222,0.7113071371291099,0.7618181818181818,0.7222222222222222,0.7113071371291099
2026-07-06 01:27:10,c9160e6539125e06c66b22677b30e1ed0aad8c344173a6c30f97b14607f84244,c9160e65,ubuntu,quantum_circuit_qubit_sweep_codecarbon,25,1,-1,False,RX_RY_RING_4Q,PennyLane,0.42.3,default.qubit,RX_RY_RING,4,4,49,18,8,48,16,CNOT_RING,72,-0.0349272,0.508731,0.034927,0.692995,0.1417868671,5.116291364861859e-07,0,9.58218179293908e-07,1.4698473157800942e-06,5.409150630705421e-07,0.36800765,3.2.8,4,1,5,35.2642,1.05829007,2.93969e-07,37.31974933,Cortex-A53,4,4,24.8,1200.0,2,48.5,223.6602,0.88,Debian GNU/Linux 13 (trixie) aarch64,Linux,aarch64,3.10.20,0.7222222222222222,0.7618181818181818,0.7222222222222222,0.7113071371291099,0.7618181818181818,0.7222222222222222,0.7113071371291099
2026-07-06 01:27:16,c9160e6539125e06c66b22677b30e1ed0aad8c344173a6c30f97b14607f84244,c9160e65,ubuntu,quantum_circuit_qubit_sweep_codecarbon,26,1,1,True,RX_RY_RING_4Q,PennyLane,0.42.3,default.qubit,RX_RY_RING,4,4,49,18,8,48,16,CNOT_RING,72,0.204695,0.550996,0.204695,0.687937,0.135801123,5.089362054610968e-07,0,9.532170358579606e-07,1.4621532413190577e-06,5.38083584775021e-07,0.36800765,3.2.8,4,1,5,36.8185,1.05275033,2.92431e-07,38.76073741,Cortex-A53,4,4,25.5,1200.0,1,48.6,223.6602,0.88,Debian GNU/Linux 13 (trixie) aarch64,Linux,aarch64,3.10.20,0.7222222222222222,0.7618181818181818,0.7222222222222222,0.7113071371291099,0.7618181818181818,0.7222222222222222,0.7113071371291099
2026-07-06 01:27:21,c9160e6539125e06c66b22677b30e1ed0aad8c344173a6c30f97b14607f84244,c9160e65,ubuntu,quantum_circuit_qubit_sweep_codecarbon,27,-1,-1,True,RX_RY_RING_4Q,PennyLane,0.42.3,default.qubit,RX_RY_RING,4,4,49,18,8,48,16,CNOT_RING,72,-0.20573554,0.551253,0.205736,0.687884,0.1356135199,5.088576924883657e-07,0,9.5309728581924e-07,1.4619549783076056e-06,5.380106224692138e-07,0.36800765,3.2.8,4,1,5,36.8695,1.05260758,2.92391e-07,38.80909458,Cortex-A53,4,4,24.2,1200.0,2,48.5,223.6602,0.88,Debian GNU/Linux 13 (trixie) aarch64,Linux,aarch64,3.10.20,0.7222222222222222,0.7618181818181818,0.7222222222222222,0.7113071371291099,0.7618181818181818,0.7222222222222222,0.7113071371291099
2026-07-06 01:27:26,c9160e6539125e06c66b22677b30e1ed0aad8c344173a6c30f97b14607f84244,c9160e65,ubuntu,quantum_circuit_qubit_sweep_codecarbon,28,-1,-1,True,RX_RY_RING_4Q,PennyLane,0.42.3,default.qubit,RX_RY_RING,4,4,49,18,8,48,16,CNOT_RING,72,-0.03814944,0.509536,0.038149,0.692965,0.1359759648,5.090569253596995e-07,0,9.534297016216442e-07,1.4624866269813435e-06,5.382062732506241e-07,0.36800765,3.2.8,4,1,5,36.7712,1.05299037,2.92497e-07,38.71972421,Cortex-A53,4,4,26.1,1200.0,1,48.5,223.6602,0.88,Debian GNU/Linux 13 (trixie) aarch64,Linux,aarch64,3.10.20,0.7222222222222222,0.7618181818181818,0.7222222222222222,0.7113071371291099,0.7618181818181818,0.7222222222222222,0.7113071371291099
2026-07-06 01:27:31,c9160e6539125e06c66b22677b30e1ed0aad8c344173a6c30f97b14607f84244,c9160e65,ubuntu,quantum_circuit_qubit_sweep_codecarbon,29,1,1,True,RX_RY_RING_4Q,PennyLane,0.42.3,default.qubit,RX_RY_RING,4,4,49,18,8,48,16,CNOT_RING,72,0.17748832,0.544256,0.177488,0.689225,0.1372951749,5.097105311643746e-07,0,9.54657859983854e-07,1.4643683911482288e-06,5.388987768678956e-07,0.36800765,3.2.8,4,1,5,36.4179,1.05434524,2.92874e-07,38.39702461,Cortex-A53,4,4,24.8,1200.0,1,48.5,223.6719,0.88,Debian GNU/Linux 13 (trixie) aarch64,Linux,aarch64,3.10.20,0.7222222222222222,0.7618181818181818,0.7222222222222222,0.7113071371291099,0.7618181818181818,0.7222222222222222,0.7113071371291099
2026-07-06 01:27:37,c9160e6539125e06c66b22677b30e1ed0aad8c344173a6c30f97b14607f84244,c9160e65,ubuntu,quantum_circuit_qubit_sweep_codecarbon,30,-1,1,False,RX_RY_RING_4Q,PennyLane,0.42.3,default.qubit,RX_RY_RING,4,4,49,18,8,48,16,CNOT_RING,72,0.06656028,0.516634,0.06656,0.692594,0.136000911,5.090489595507582e-07,0,9.534191501249248e-07,1.462468109675683e-06,5.381994587404014e-07,0.36800765,3.2.8,4,1,5,36.7645,1.05297704,2.92494e-07,38.71213182,Cortex-A53,4,4,25.9,1200.0,1,48.6,223.6875,0.88,Debian GNU/Linux 13 (trixie) aarch64,Linux,aarch64,3.10.20,0.7222222222222222,0.7618181818181818,0.7222222222222222,0.7113071371291099,0.7618181818181818,0.7222222222222222,0.7113071371291099
2026-07-06 01:27:42,c9160e6539125e06c66b22677b30e1ed0aad8c344173a6c30f97b14607f84244,c9160e65,ubuntu,quantum_circuit_qubit_sweep_codecarbon,31,-1,1,False,RX_RY_RING_4Q,PennyLane,0.42.3,default.qubit,RX_RY_RING,4,4,49,18,8,48,16,CNOT_RING,72,0.06353029,0.515877,0.06353,0.692643,0.138575739,5.101962426884306e-07,0,9.555385351025811e-07,1.4657347777910115e-06,5.394016176113693e-07,0.36800765,3.2.8,4,1,5,36.0814,1.05532904,2.93147e-07,38.07769844,Cortex-A53,4,4,24.8,1200.0,1,48.5,223.6875,0.88,Debian GNU/Linux 13 (trixie) aarch64,Linux,aarch64,3.10.20,0.7222222222222222,0.7618181818181818,0.7222222222222222,0.7113071371291099,0.7618181818181818,0.7222222222222222,0.7113071371291099
2026-07-06 01:27:48,c9160e6539125e06c66b22677b30e1ed0aad8c344173a6c30f97b14607f84244,c9160e65,ubuntu,quantum_circuit_qubit_sweep_codecarbon,32,-1,-1,True,RX_RY_RING_4Q,PennyLane,0.42.3,default.qubit,RX_RY_RING,4,4,49,18,8,48,16,CNOT_RING,72,-0.05554233,0.513882,0.055542,0.692762,0.135827058,5.089779613125655e-07,0,9.532858109256874e-07,1.4622637722382528e-06,5.381242609993376e-07,0.36800765,3.2.8,4,1,5,36.8115,1.05282992,2.92453e-07,38.75626593,Cortex-A53,4,4,25.2,1200.0,2,48.6,223.6875,0.88,Debian GNU/Linux 13 (trixie) aarch64,Linux,aarch64,3.10.20,0.7222222222222222,0.7618181818181818,0.7222222222222222,0.7113071371291099,0.7618181818181818,0.7222222222222222,0.7113071371291099
2026-07-06 01:27:53,c9160e6539125e06c66b22677b30e1ed0aad8c344173a6c30f97b14607f84244,c9160e65,ubuntu,quantum_circuit_qubit_sweep_codecarbon,33,-1,1,False,RX_RY_RING_4Q,PennyLane,0.42.3,default.qubit,RX_RY_RING,4,4,49,18,8,48,16,CNOT_RING,72,0.18073184,0.54506,0.180732,0.689081,0.1361223159,5.090965008777049e-07,0,9.535382373724132e-07,1.462634738250118e-06,5.382607793312424e-07,0.36800765,3.2.8,4,1,5,36.7317,1.05309701,2.92527e-07,38.68201201,Cortex-A53,4,4,25.0,1200.0,1,48.5,223.6875,0.88,Debian GNU/Linux 13 (trixie) aarch64,Linux,aarch64,3.10.20,0.7222222222222222,0.7618181818181818,0.7222222222222222,0.7113071371291099,0.7618181818181818,0.7222222222222222,0.7113071371291099
2026-07-06 01:27:58,c9160e6539125e06c66b22677b30e1ed0aad8c344173a6c30f97b14607f84244,c9160e65,ubuntu,quantum_circuit_qubit_sweep_codecarbon,34,1,1,True,RX_RY_RING_4Q,PennyLane,0.42.3,default.qubit,RX_RY_RING,4,4,49,18,8,48,16,CNOT_RING,72,0.17239945,0.542993,0.172399,0.689446,0.1356104962,5.088767093709774e-07,0,9.531187500882272e-07,1.4619954594592046e-06,5.380255198428628e-07,0.36800765,3.2.8,4,1,5,36.8703,1.05263673,2.92399e-07,38.81103457,Cortex-A53,4,4,25.6,1200.0,1,48.8,223.6875,0.88,Debian GNU/Linux 13 (trixie) aarch64,Linux,aarch64,3.10.20,0.7222222222222222,0.7618181818181818,0.7222222222222222,0.7113071371291099,0.7618181818181818,0.7222222222222222,0.7113071371291099
2026-07-06 01:28:03,c9160e6539125e06c66b22677b30e1ed0aad8c344173a6c30f97b14607f84244,c9160e65,ubuntu,quantum_circuit_qubit_sweep_codecarbon,35,-1,1,False,RX_RY_RING_4Q,PennyLane,0.42.3,default.qubit,RX_RY_RING,4,4,49,18,8,48,16,CNOT_RING,72,0.15527102,0.53874,0.155271,0.690143,0.1387217781,5.10592692428165e-07,0,9.562976332381368e-07,1.4668903256663018e-06,5.398268680745522e-07,0.36800765,3.2.8,4,1,5,36.0434,1.05616103,2.93378e-07,38.0676001,Cortex-A53,4,4,25.4,1200.0,1,48.2,223.6875,0.88,Debian GNU/Linux 13 (trixie) aarch64,Linux,aarch64,3.10.20,0.7222222222222222,0.7618181818181818,0.7222222222222222,0.7113071371291099,0.7618181818181818,0.7222222222222222,0.7113071371291099
2026-07-06 01:28:09,c9160e6539125e06c66b22677b30e1ed0aad8c344173a6c30f97b14607f84244,c9160e65,ubuntu,quantum_circuit_qubit_sweep_codecarbon,36,1,1,True,RX_RY_RING_4Q,PennyLane,0.42.3,default.qubit,RX_RY_RING,4,4,49,18,8,48,16,CNOT_RING,72,0.14323565,0.535748,0.143236,0.690589,0.1364467919,5.092002461767859e-07,0,9.537020740875351e-07,1.4629023202643212e-06,5.383592515606607e-07,0.36800765,3.2.8,4,1,5,36.6443,1.05328967,2.9258e-07,38.59708446,Cortex-A53,4,4,25.9,1200.0,2,48.3,223.6875,0.88,Debian GNU/Linux 13 (trixie) aarch64,Linux,aarch64,3.10.20,0.7222222222222222,0.7618181818181818,0.7222222222222222,0.7113071371291099,0.7618181818181818,0.7222222222222222,0.7113071371291099
2026-07-06 01:28:14,c9160e6539125e06c66b22677b30e1ed0aad8c344173a6c30f97b14607f84244,c9160e65,ubuntu,quantum_circuit_qubit_sweep_codecarbon,37,-1,1,False,RX_RY_RING_4Q,PennyLane,0.42.3,default.qubit,RX_RY_RING,4,4,49,18,8,48,16,CNOT_RING,72,0.10276045,0.525668,0.10276,0.691829,0.136609603,5.093359792304041e-07,0,9.53914613346569e-07,1.4632505925769732e-06,5.384874184375474e-07,0.36800765,3.2.8,4,1,5,36.6006,1.05354043,2.9265e-07,38.56026238,Cortex-A53,4,4,25.0,1200.0,3,48.3,223.6875,0.88,Debian GNU/Linux 13 (trixie) aarch64,Linux,aarch64,3.10.20,0.7222222222222222,0.7618181818181818,0.7222222222222222,0.7113071371291099,0.7618181818181818,0.7222222222222222,0.7113071371291099
2026-07-06 01:28:19,c9160e6539125e06c66b22677b30e1ed0aad8c344173a6c30f97b14607f84244,c9160e65,ubuntu,quantum_circuit_qubit_sweep_codecarbon,38,-1,1,False,RX_RY_RING_4Q,PennyLane,0.42.3,default.qubit,RX_RY_RING,4,4,49,18,8,48,16,CNOT_RING,72,0.01726907,0.504317,0.017269,0.69311,0.136432312,5.089380628308411e-07,0,9.532340160027768e-07,1.462172078833618e-06,5.3809051712457e-07,0.36800765,3.2.8,4,1,5,36.6482,1.0527639,2.92434e-07,38.58191222,Cortex-A53,4,4,25.2,1200.0,1,48.3,223.6875,0.88,Debian GNU/Linux 13 (trixie) aarch64,Linux,aarch64,3.10.20,0.7222222222222222,0.7618181818181818,0.7222222222222222,0.7113071371291099,0.7618181818181818,0.7222222222222222,0.7113071371291099
2026-07-06 01:28:24,c9160e6539125e06c66b22677b30e1ed0aad8c344173a6c30f97b14607f84244,c9160e65,ubuntu,quantum_circuit_qubit_sweep_codecarbon,39,-1,1,False,RX_RY_RING_4Q,PennyLane,0.42.3,default.qubit,RX_RY_RING,4,4,49,18,8,48,16,CNOT_RING,72,0.04963642,0.512407,0.049636,0.692839,0.1366701741,5.083021919967401e-07,0,9.519801151085024e-07,1.4602823071052425e-06,5.373950666633766e-07,0.36800765,3.2.8,4,1,5,36.5844,1.05140326,2.92056e-07,38.4649858,Cortex-A53,4,4,25.4,1200.0,1,48.3,223.6875,0.88,Debian GNU/Linux 13 (trixie) aarch64,Linux,aarch64,3.10.20,0.7222222222222222,0.7618181818181818,0.7222222222222222,0.7113071371291099,0.7618181818181818,0.7222222222222222,0.7113071371291099
2026-07-06 01:28:30,c9160e6539125e06c66b22677b30e1ed0aad8c344173a6c30f97b14607f84244,c9160e65,ubuntu,quantum_circuit_qubit_sweep_codecarbon,40,-1,-1,True,RX_RY_RING_4Q,PennyLane,0.42.3,default.qubit,RX_RY_RING,4,4,49,18,8,48,16,CNOT_RING,72,-0.20528939,0.551143,0.205289,0.687907,0.135960283,5.089650334169468e-07,0,9.533057550045972e-07,1.462270788421544e-06,5.381268430084938e-07,0.36800765,3.2.8,4,1,5,36.7754,1.05283497,2.92454e-07,38.71847515,Cortex-A53,4,4,26.3,1200.0,1,48.4,223.7227,0.88,Debian GNU/Linux 13 (trixie) aarch64,Linux,aarch64,3.10.20,0.7222222222222222,0.7618181818181818,0.7222222222222222,0.7113071371291099,0.7618181818181818,0.7222222222222222,0.7113071371291099
2026-07-06 01:28:35,c9160e6539125e06c66b22677b30e1ed0aad8c344173a6c30f97b14607f84244,c9160e65,ubuntu,quantum_circuit_qubit_sweep_codecarbon,41,-1,1,False,RX_RY_RING_4Q,PennyLane,0.42.3,default.qubit,RX_RY_RING,4,4,49,18,8,48,16,CNOT_RING,72,0.00161932,0.500405,0.001619,0.693147,0.136612362,5.116850347617404e-07,0,9.58377508407769e-07,1.4700625431695094e-06,5.409942683972928e-07,0.36800765,3.2.8,4,1,5,36.5999,1.05844503,2.94013e-07,38.73899168,Cortex-A53,4,4,22.3,1200.0,1,48.4,223.7227,0.88,Debian GNU/Linux 13 (trixie) aarch64,Linux,aarch64,3.10.20,0.7222222222222222,0.7618181818181818,0.7222222222222222,0.7113071371291099,0.7618181818181818,0.7222222222222222,0.7113071371291099
2026-07-06 01:28:41,c9160e6539125e06c66b22677b30e1ed0aad8c344173a6c30f97b14607f84244,c9160e65,ubuntu,quantum_circuit_qubit_sweep_codecarbon,42,-1,-1,True,RX_RY_RING_4Q,PennyLane,0.42.3,default.qubit,RX_RY_RING,4,4,49,18,8,48,16,CNOT_RING,72,-0.13711766,0.534226,0.137118,0.690803,0.1358917409,5.087672080844641e-07,0,9.529208566527816e-07,1.4616880647372454e-06,5.379123962322463e-07,0.36800765,3.2.8,4,1,5,36.794,1.05241541,2.92338e-07,38.72256693,Cortex-A53,4,4,25.2,1200.0,1,48.0,223.7227,0.88,Debian GNU/Linux 13 (trixie) aarch64,Linux,aarch64,3.10.20,0.7222222222222222,0.7618181818181818,0.7222222222222222,0.7113071371291099,0.7618181818181818,0.7222222222222222,0.7113071371291099
2026-07-06 01:28:46,c9160e6539125e06c66b22677b30e1ed0aad8c344173a6c30f97b14607f84244,c9160e65,ubuntu,quantum_circuit_qubit_sweep_codecarbon,43,1,1,True,RX_RY_RING_4Q,PennyLane,0.42.3,default.qubit,RX_RY_RING,4,4,49,18,8,48,16,CNOT_RING,72,0.23996569,0.559705,0.239966,0.686001,0.1359974691,5.08993686694238e-07,0,9.533184207975864e-07,1.4623121074918243e-06,5.381420487426315e-07,0.36800765,3.2.8,4,1,5,36.7654,1.05286472,2.92462e-07,38.70898203,Cortex-A53,4,4,25.4,1200.0,1,48.2,223.7227,0.88,Debian GNU/Linux 13 (trixie) aarch64,Linux,aarch64,3.10.20,0.7222222222222222,0.7618181818181818,0.7222222222222222,0.7113071371291099,0.7618181818181818,0.7222222222222222,0.7113071371291099
2026-07-06 01:28:51,c9160e6539125e06c66b22677b30e1ed0aad8c344173a6c30f97b14607f84244,c9160e65,ubuntu,quantum_circuit_qubit_sweep_codecarbon,44,1,1,True,RX_RY_RING_4Q,PennyLane,0.42.3,default.qubit,RX_RY_RING,4,4,49,18,8,48,16,CNOT_RING,72,0.21756369,0.554177,0.217564,0.687265,0.13792605,5.098895821720362e-07,0,9.549215765825165e-07,1.4648111587545526e-06,5.390617187361625e-07,0.36800765,3.2.8,4,1,5,36.2513,1.05466403,2.92962e-07,38.23295289,Cortex-A53,4,4,24.8,1200.0,1,48.6,223.7227,0.88,Debian GNU/Linux 13 (trixie) aarch64,Linux,aarch64,3.10.20,0.7222222222222222,0.7618181818181818,0.7222222222222222,0.7113071371291099,0.7618181818181818,0.7222222222222222,0.7113071371291099
2026-07-06 01:28:56,c9160e6539125e06c66b22677b30e1ed0aad8c344173a6c30f97b14607f84244,c9160e65,ubuntu,quantum_circuit_qubit_sweep_codecarbon,45,1,1,True,RX_RY_RING_4Q,PennyLane,0.42.3,default.qubit,RX_RY_RING,4,4,49,18,8,48,16,CNOT_RING,72,0.14672732,0.536616,0.146727,0.690463,0.1361471028,5.091503207976116e-07,0,9.535939349249626e-07,1.4627442557225745e-06,5.383010825994017e-07,0.36800765,3.2.8,4,1,5,36.725,1.05317586,2.92549e-07,38.67786543,Cortex-A53,4,4,25.6,1200.0,1,48.4,223.7227,0.88,Debian GNU/Linux 13 (trixie) aarch64,Linux,aarch64,3.10.20,0.7222222222222222,0.7618181818181818,0.7222222222222222,0.7113071371291099,0.7618181818181818,0.7222222222222222,0.7113071371291099
2026-07-06 01:29:02,c9160e6539125e06c66b22677b30e1ed0aad8c344173a6c30f97b14607f84244,c9160e65,ubuntu,quantum_circuit_qubit_sweep_codecarbon,46,1,1,True,RX_RY_RING_4Q,PennyLane,0.42.3,default.qubit,RX_RY_RING,4,4,49,18,8,48,16,CNOT_RING,72,0.16041787,0.540019,0.160418,0.689941,0.135764969,5.089466923640834e-07,0,9.53202311648056e-07,1.4621490040121393e-06,5.380820254136409e-07,0.36800765,3.2.8,4,1,5,36.8284,1.05274728,2.9243e-07,38.77094696,Cortex-A53,4,4,25.6,1200.0,1,48.4,223.7266,0.88,Debian GNU/Linux 13 (trixie) aarch64,Linux,aarch64,3.10.20,0.7222222222222222,0.7618181818181818,0.7222222222222222,0.7113071371291099,0.7618181818181818,0.7222222222222222,0.7113071371291099
2026-07-06 01:29:07,c9160e6539125e06c66b22677b30e1ed0aad8c344173a6c30f97b14607f84244,c9160e65,ubuntu,quantum_circuit_qubit_sweep_codecarbon,47,1,1,True,RX_RY_RING_4Q,PennyLane,0.42.3,default.qubit,RX_RY_RING,4,4,49,18,8,48,16,CNOT_RING,72,0.20790217,0.551789,0.207902,0.687773,0.1365526719,5.093935574855129e-07,0,9.540325125756983e-07,1.4634260700612112e-06,5.385519954949296e-07,0.36800765,3.2.8,4,1,5,36.6159,1.05366677,2.92685e-07,38.58096498,Cortex-A53,4,4,25.0,1200.0,1,48.5,223.7266,0.88,Debian GNU/Linux 13 (trixie) aarch64,Linux,aarch64,3.10.20,0.7222222222222222,0.7618181818181818,0.7222222222222222,0.7113071371291099,0.7618181818181818,0.7222222222222222,0.7113071371291099
2026-07-06 01:29:12,c9160e6539125e06c66b22677b30e1ed0aad8c344173a6c30f97b14607f84244,c9160e65,ubuntu,quantum_circuit_qubit_sweep_codecarbon,48,1,1,True,RX_RY_RING_4Q,PennyLane,0.42.3,default.qubit,RX_RY_RING,4,4,49,18,8,48,16,CNOT_RING,72,0.22927889,0.55707,0.229279,0.686619,0.1433025771,5.123938897417652e-07,0,9.596951907345404e-07,1.4720890804763055e-06,5.417400496382094e-07,0.36800765,3.2.8,4,1,5,34.8912,1.05990414,2.94418e-07,36.98133556,Cortex-A53,4,4,24.8,1200.0,1,48.5,223.7266,0.88,Debian GNU/Linux 13 (trixie) aarch64,Linux,aarch64,3.10.20,0.7222222222222222,0.7618181818181818,0.7222222222222222,0.7113071371291099,0.7618181818181818,0.7222222222222222,0.7113071371291099
2026-07-06 01:29:18,c9160e6539125e06c66b22677b30e1ed0aad8c344173a6c30f97b14607f84244,c9160e65,ubuntu,quantum_circuit_qubit_sweep_codecarbon,49,-1,1,False,RX_RY_RING_4Q,PennyLane,0.42.3,default.qubit,RX_RY_RING,4,4,49,18,8,48,16,CNOT_RING,72,0.08498014,0.521232,0.08498,0.692245,0.1359942371,5.090208084632954e-07,0,9.534044309596842e-07,1.4624252394229796e-06,5.381836821592586e-07,0.36800765,3.2.8,4,1,5,36.7663,1.05294617,2.92485e-07,38.71289675,Cortex-A53,4,4,26.3,1200.0,2,48.4,223.7266,0.88,Debian GNU/Linux 13 (trixie) aarch64,Linux,aarch64,3.10.20,0.7222222222222222,0.7618181818181818,0.7222222222222222,0.7113071371291099,0.7618181818181818,0.7222222222222222,0.7113071371291099
2026-07-06 01:29:23,c9160e6539125e06c66b22677b30e1ed0aad8c344173a6c30f97b14607f84244,c9160e65,ubuntu,quantum_circuit_qubit_sweep_codecarbon,50,-1,-1,True,RX_RY_RING_4Q,PennyLane,0.42.3,default.qubit,RX_RY_RING,4,4,49,18,8,48,16,CNOT_RING,72,-0.04155471,0.510387,0.041555,0.692931,0.1385969811,5.102279987186194e-07,0,9.55663137525941e-07,1.4658911362445605e-06,5.394591587191122e-07,0.36800765,3.2.8,4,1,5,36.0758,1.05544162,2.93178e-07,38.0759238,Cortex-A53,4,4,25.9,1200.0,2,48.3,223.7266,0.88,Debian GNU/Linux 13 (trixie) aarch64,Linux,aarch64,3.10.20,0.7222222222222222,0.7618181818181818,0.7222222222222222,0.7113071371291099,0.7618181818181818,0.7222222222222222,0.7113071371291099
2026-07-06 01:29:29,c9160e6539125e06c66b22677b30e1ed0aad8c344173a6c30f97b14607f84244,c9160e65,ubuntu,quantum_circuit_qubit_sweep_codecarbon,51,1,-1,False,RX_RY_RING_4Q,PennyLane,0.42.3,default.qubit,RX_RY_RING,4,4,49,18,8,48,16,CNOT_RING,72,-0.00231499,0.500579,0.002315,0.693147,0.1367511598,5.091227728666531e-07,0,9.535391465760768e-07,1.4626619194427295e-06,5.382707822181805e-07,0.36800765,3.2.8,4,1,5,36.5628,1.05311658,2.92532e-07,38.50485011,Cortex-A53,4,4,24.8,1200.0,2,48.4,223.7383,0.88,Debian GNU/Linux 13 (trixie) aarch64,Linux,aarch64,3.10.20,0.7222222222222222,0.7618181818181818,0.7222222222222222,0.7113071371291099,0.7618181818181818,0.7222222222222222,0.7113071371291099
2026-07-06 01:29:34,c9160e6539125e06c66b22677b30e1ed0aad8c344173a6c30f97b14607f84244,c9160e65,ubuntu,quantum_circuit_qubit_sweep_codecarbon,52,1,1,True,RX_RY_RING_4Q,PennyLane,0.42.3,default.qubit,RX_RY_RING,4,4,49,18,8,48,16,CNOT_RING,72,0.15643806,0.53903,0.156438,0.690097,0.136266839,5.092322386594283e-07,0,9.537227806868032e-07,1.4629550193462315e-06,5.383786452261858e-07,0.36800765,3.2.8,4,1,5,36.6927,1.05332761,2.92591e-07,38.64944772,Cortex-A53,4,4,25.6,1200.0,1,48.6,223.75,0.88,Debian GNU/Linux 13 (trixie) aarch64,Linux,aarch64,3.10.20,0.7222222222222222,0.7618181818181818,0.7222222222222222,0.7113071371291099,0.7618181818181818,0.7222222222222222,0.7113071371291099
2026-07-06 01:29:39,c9160e6539125e06c66b22677b30e1ed0aad8c344173a6c30f97b14607f84244,c9160e65,ubuntu,quantum_circuit_qubit_sweep_codecarbon,53,1,1,True,RX_RY_RING_4Q,PennyLane,0.42.3,default.qubit,RX_RY_RING,4,4,49,18,8,48,16,CNOT_RING,72,0.00273654,0.500684,0.002737,0.693146,0.137567143,5.088654973020798e-07,0,9.530769057649498e-07,1.4619424030670296e-06,5.380059946844253e-07,0.36800765,3.2.8,4,1,5,36.3459,1.05259853,2.92388e-07,38.25762851,Cortex-A53,4,4,25.9,1200.0,1,48.6,223.7539,0.88,Debian GNU/Linux 13 (trixie) aarch64,Linux,aarch64,3.10.20,0.7222222222222222,0.7618181818181818,0.7222222222222222,0.7113071371291099,0.7618181818181818,0.7222222222222222,0.7113071371291099
2026-07-06 01:29:44,c9160e6539125e06c66b22677b30e1ed0aad8c344173a6c30f97b14607f84244,c9160e65,ubuntu,quantum_circuit_qubit_sweep_codecarbon,54,-1,-1,True,RX_RY_RING_4Q,PennyLane,0.42.3,default.qubit,RX_RY_RING,4,4,49,18,8,48,16,CNOT_RING,72,-0.12345364,0.530824,0.123454,0.691246,0.137741673,5.098330837688363e-07,0,9.54900329040053e-07,1.4647334128088892e-06,5.390331076330564e-07,0.36800765,3.2.8,4,1,5,36.2998,1.05460806,2.92947e-07,38.28209844,Cortex-A53,4,4,24.1,1200.0,1,48.5,223.7656,0.88,Debian GNU/Linux 13 (trixie) aarch64,Linux,aarch64,3.10.20,0.7222222222222222,0.7618181818181818,0.7222222222222222,0.7113071371291099,0.7618181818181818,0.7222222222222222,0.7113071371291099
2026-07-06 01:29:50,c9160e6539125e06c66b22677b30e1ed0aad8c344173a6c30f97b14607f84244,c9160e65,ubuntu,quantum_circuit_qubit_sweep_codecarbon,55,-1,1,False,RX_RY_RING_4Q,PennyLane,0.42.3,default.qubit,RX_RY_RING,4,4,49,18,8,48,16,CNOT_RING,72,0.04697695,0.511742,0.046977,0.692871,0.1370980309,5.097574347310418e-07,0,9.547631749107192e-07,1.464520609641761e-06,5.389547944386634e-07,0.36800765,3.2.8,4,1,5,36.4703,1.05445484,2.92904e-07,38.45623574,Cortex-A53,4,4,25.0,1200.0,2,48.0,223.7656,0.88,Debian GNU/Linux 13 (trixie) aarch64,Linux,aarch64,3.10.20,0.7222222222222222,0.7618181818181818,0.7222222222222222,0.7113071371291099,0.7618181818181818,0.7222222222222222,0.7113071371291099
2026-07-06 01:29:55,c9160e6539125e06c66b22677b30e1ed0aad8c344173a6c30f97b14607f84244,c9160e65,ubuntu,quantum_circuit_qubit_sweep_codecarbon,56,1,1,True,RX_RY_RING_4Q,PennyLane,0.42.3,default.qubit,RX_RY_RING,4,4,49,18,8,48,16,CNOT_RING,72,0.07171631,0.517921,0.071716,0.692505,0.1355225721,5.088498457877237e-07,0,9.530401375377552e-07,1.4618899833254789e-06,5.379867038182907e-07,0.36800765,3.2.8,4,1,5,36.8942,1.05256079,2.92378e-07,38.83341246,Cortex-A53,4,4,24.8,1200.0,1,48.1,223.7656,0.88,Debian GNU/Linux 13 (trixie) aarch64,Linux,aarch64,3.10.20,0.7222222222222222,0.7618181818181818,0.7222222222222222,0.7113071371291099,0.7618181818181818,0.7222222222222222,0.7113071371291099
2026-07-06 01:30:00,c9160e6539125e06c66b22677b30e1ed0aad8c344173a6c30f97b14607f84244,c9160e65,ubuntu,quantum_circuit_qubit_sweep_codecarbon,57,1,1,True,RX_RY_RING_4Q,PennyLane,0.42.3,default.qubit,RX_RY_RING,4,4,49,18,8,48,16,CNOT_RING,72,0.20220397,0.550379,0.202204,0.688062,0.136288973,5.089179750324951e-07,0,9.531555858363088e-07,1.462073560868804e-06,5.380542617594183e-07,0.36800765,3.2.8,4,1,5,36.6868,1.05269296,2.92415e-07,38.61988759,Cortex-A53,4,4,26.3,1200.0,1,48.2,223.7656,0.88,Debian GNU/Linux 13 (trixie) aarch64,Linux,aarch64,3.10.20,0.7222222222222222,0.7618181818181818,0.7222222222222222,0.7113071371291099,0.7618181818181818,0.7222222222222222,0.7113071371291099
2026-07-06 01:30:05,c9160e6539125e06c66b22677b30e1ed0aad8c344173a6c30f97b14607f84244,c9160e65,ubuntu,quantum_circuit_qubit_sweep_codecarbon,58,-1,-1,True,RX_RY_RING_4Q,PennyLane,0.42.3,default.qubit,RX_RY_RING,4,4,49,18,8,48,16,CNOT_RING,72,-0.07136785,0.517834,0.071368,0.692511,0.1358987151,5.090672325135933e-07,0,9.534426908552026e-07,1.462509923368796e-06,5.382148464995275e-07,0.36800765,3.2.8,4,1,5,36.7921,1.05300714,2.92502e-07,38.74235102,Cortex-A53,4,4,25.8,1200.0,2,48.1,223.7695,0.88,Debian GNU/Linux 13 (trixie) aarch64,Linux,aarch64,3.10.20,0.7222222222222222,0.7618181818181818,0.7222222222222222,0.7113071371291099,0.7618181818181818,0.7222222222222222,0.7113071371291099
2026-07-06 01:30:11,c9160e6539125e06c66b22677b30e1ed0aad8c344173a6c30f97b14607f84244,c9160e65,ubuntu,quantum_circuit_qubit_sweep_codecarbon,59,1,1,True,RX_RY_RING_4Q,PennyLane,0.42.3,default.qubit,RX_RY_RING,4,4,49,18,8,48,16,CNOT_RING,72,0.15589648,0.538895,0.155896,0.690118,0.1361894419,5.091622483627235e-07,0,9.536310558905826e-07,1.462793304253306e-06,5.383191328341503e-07,0.36800765,3.2.8,4,1,5,36.7136,1.05321118,2.92559e-07,38.66713764,Cortex-A53,4,4,24.6,1200.0,1,48.3,223.7812,0.88,Debian GNU/Linux 13 (trixie) aarch64,Linux,aarch64,3.10.20,0.7222222222222222,0.7618181818181818,0.7222222222222222,0.7113071371291099,0.7618181818181818,0.7222222222222222,0.7113071371291099
2026-07-06 01:30:16,c9160e6539125e06c66b22677b30e1ed0aad8c344173a6c30f97b14607f84244,c9160e65,ubuntu,quantum_circuit_qubit_sweep_codecarbon,60,-1,1,False,RX_RY_RING_4Q,PennyLane,0.42.3,default.qubit,RX_RY_RING,4,4,49,18,8,48,16,CNOT_RING,72,0.15808251,0.539439,0.158083,0.690033,0.1359987131,5.09036420016653e-07,0,9.534092666581272e-07,1.4624456866747804e-06,5.381912069044336e-07,0.36800765,3.2.8,4,1,5,36.7651,1.05296089,2.92489e-07,38.71216391,Cortex-A53,4,4,25.2,1200.0,2,48.3,223.7852,0.88,Debian GNU/Linux 13 (trixie) aarch64,Linux,aarch64,3.10.20,0.7222222222222222,0.7618181818181818,0.7222222222222222,0.7113071371291099,0.7618181818181818,0.7222222222222222,0.7113071371291099
2026-07-06 01:30:22,c9160e6539125e06c66b22677b30e1ed0aad8c344173a6c30f97b14607f84244,c9160e65,ubuntu,quantum_circuit_qubit_sweep_codecarbon,61,-1,-1,True,RX_RY_RING_4Q,PennyLane,0.42.3,default.qubit,RX_RY_RING,4,4,49,18,8,48,16,CNOT_RING,72,-0.11977016,0.529907,0.11977,0.691357,0.1357038189,5.088452796114837e-07,0,9.530701600791264e-07,1.4619154396906102e-06,5.379960719555133e-07,0.36800765,3.2.8,4,1,5,36.8449,1.05257912,2.92383e-07,38.78222165,Cortex-A53,4,4,25.0,1200.0,2,48.3,223.7852,0.88,Debian GNU/Linux 13 (trixie) aarch64,Linux,aarch64,3.10.20,0.7222222222222222,0.7618181818181818,0.7222222222222222,0.7113071371291099,0.7618181818181818,0.7222222222222222,0.7113071371291099
2026-07-06 01:30:27,c9160e6539125e06c66b22677b30e1ed0aad8c344173a6c30f97b14607f84244,c9160e65,ubuntu,quantum_circuit_qubit_sweep_codecarbon,62,-1,-1,True,RX_RY_RING_4Q,PennyLane,0.42.3,default.qubit,RX_RY_RING,4,4,49,18,8,48,16,CNOT_RING,72,-0.17617573,0.54393,0.176176,0.689282,0.1360462641,5.082751892068954e-07,0,9.519377009322248e-07,1.46021289013912e-06,5.373695206884953e-07,0.36800765,3.2.8,4,1,5,36.7522,1.05135328,2.92043e-07,38.63954986,Cortex-A53,4,4,24.6,1200.0,2,48.3,223.7852,0.88,Debian GNU/Linux 13 (trixie) aarch64,Linux,aarch64,3.10.20,0.7222222222222222,0.7618181818181818,0.7222222222222222,0.7113071371291099,0.7618181818181818,0.7222222222222222,0.7113071371291099
2026-07-06 01:30:32,c9160e6539125e06c66b22677b30e1ed0aad8c344173a6c30f97b14607f84244,c9160e65,ubuntu,quantum_circuit_qubit_sweep_codecarbon,63,-1,1,False,RX_RY_RING_4Q,PennyLane,0.42.3,default.qubit,RX_RY_RING,4,4,49,18,8,48,16,CNOT_RING,72,0.00972016,0.50243,0.00972,0.693135,0.138781247,5.102966867594256e-07,0,9.556983518026148e-07,1.4659950385620405e-06,5.394973955672593e-07,0.36800765,3.2.8,4,1,5,36.0279,1.05551643,2.93199e-07,38.02806398,Cortex-A53,4,4,24.6,1200.0,2,48.4,223.7852,0.88,Debian GNU/Linux 13 (trixie) aarch64,Linux,aarch64,3.10.20,0.7222222222222222,0.7618181818181818,0.7222222222222222,0.7113071371291099,0.7618181818181818,0.7222222222222222,0.7113071371291099
2026-07-06 01:30:38,c9160e6539125e06c66b22677b30e1ed0aad8c344173a6c30f97b14607f84244,c9160e65,ubuntu,quantum_circuit_qubit_sweep_codecarbon,64,1,1,True,RX_RY_RING_4Q,PennyLane,0.42.3,default.qubit,RX_RY_RING,4,4,49,18,8,48,16,CNOT_RING,72,0.13400304,0.533451,0.134003,0.690908,0.1362768358,5.09228382156127e-07,0,9.53689291491173e-07,1.4629176736473e-06,5.383649017231185e-07,0.36800765,3.2.8,4,1,5,36.69,1.05330073,2.92584e-07,38.64562597,Cortex-A53,4,4,25.6,1200.0,3,48.5,223.7852,0.88,Debian GNU/Linux 13 (trixie) aarch64,Linux,aarch64,3.10.20,0.7222222222222222,0.7618181818181818,0.7222222222222222,0.7113071371291099,0.7618181818181818,0.7222222222222222,0.7113071371291099
2026-07-06 01:30:43,c9160e6539125e06c66b22677b30e1ed0aad8c344173a6c30f97b14607f84244,c9160e65,ubuntu,quantum_circuit_qubit_sweep_codecarbon,65,-1,1,False,RX_RY_RING_4Q,PennyLane,0.42.3,default.qubit,RX_RY_RING,4,4,49,18,8,48,16,CNOT_RING,72,0.02333233,0.505833,0.023332,0.693079,0.1379194811,5.101673181300766e-07,0,9.55432940972969e-07,1.4656002591030456e-06,5.39352113704532e-07,0.36800765,3.2.8,4,1,5,36.253,1.05523219,2.9312e-07,38.2553711,Cortex-A53,4,4,23.7,1200.0,2,48.5,223.7852,0.88,Debian GNU/Linux 13 (trixie) aarch64,Linux,aarch64,3.10.20,0.7222222222222222,0.7618181818181818,0.7222222222222222,0.7113071371291099,0.7618181818181818,0.7222222222222222,0.7113071371291099
2026-07-06 01:30:48,c9160e6539125e06c66b22677b30e1ed0aad8c344173a6c30f97b14607f84244,c9160e65,ubuntu,quantum_circuit_qubit_sweep_codecarbon,66,-1,-1,True,RX_RY_RING_4Q,PennyLane,0.42.3,default.qubit,RX_RY_RING,4,4,49,18,8,48,16,CNOT_RING,72,-0.05922661,0.514802,0.059227,0.692709,0.1363041271,5.092168928449414e-07,0,9.536999640598272e-07,1.4629168569047686e-06,5.383646011556152e-07,0.36800765,3.2.8,4,1,5,36.6827,1.05330014,2.92583e-07,38.63786665,Cortex-A53,4,4,25.2,1200.0,2,48.4,223.7852,0.88,Debian GNU/Linux 13 (trixie) aarch64,Linux,aarch64,3.10.20,0.7222222222222222,0.7618181818181818,0.7222222222222222,0.7113071371291099,0.7618181818181818,0.7222222222222222,0.7113071371291099
2026-07-06 01:30:53,c9160e6539125e06c66b22677b30e1ed0aad8c344173a6c30f97b14607f84244,c9160e65,ubuntu,quantum_circuit_qubit_sweep_codecarbon,67,1,1,True,RX_RY_RING_4Q,PennyLane,0.42.3,default.qubit,RX_RY_RING,4,4,49,18,8,48,16,CNOT_RING,72,0.08753604,0.52187,0.087536,0.69219,0.135425434,5.088348400054707e-07,0,9.529888558123884e-07,1.461823695817859e-06,5.379623095080925e-07,0.36800765,3.2.8,4,1,5,36.9207,1.05251306,2.92365e-07,38.85950482,Cortex-A53,4,4,24.8,1200.0,1,48.4,223.7852,0.88,Debian GNU/Linux 13 (trixie) aarch64,Linux,aarch64,3.10.20,0.7222222222222222,0.7618181818181818,0.7222222222222222,0.7113071371291099,0.7618181818181818,0.7222222222222222,0.7113071371291099
2026-07-06 01:30:59,c9160e6539125e06c66b22677b30e1ed0aad8c344173a6c30f97b14607f84244,c9160e65,ubuntu,quantum_circuit_qubit_sweep_codecarbon,68,-1,-1,True,RX_RY_RING_4Q,PennyLane,0.42.3,default.qubit,RX_RY_RING,4,4,49,18,8,48,16,CNOT_RING,72,-0.22467493,0.555934,0.224675,0.686877,0.1364489689,5.092996213909914e-07,0,9.538505234134693e-07,1.4631501448044609e-06,5.38450452888391e-07,0.36800765,3.2.8,4,1,5,36.6437,1.0534681,2.9263e-07,38.60300714,Cortex-A53,4,4,26.1,1200.0,2,48.5,223.7852,0.88,Debian GNU/Linux 13 (trixie) aarch64,Linux,aarch64,3.10.20,0.7222222222222222,0.7618181818181818,0.7222222222222222,0.7113071371291099,0.7618181818181818,0.7222222222222222,0.7113071371291099
2026-07-06 01:31:04,c9160e6539125e06c66b22677b30e1ed0aad8c344173a6c30f97b14607f84244,c9160e65,ubuntu,quantum_circuit_qubit_sweep_codecarbon,69,-1,-1,True,RX_RY_RING_4Q,PennyLane,0.42.3,default.qubit,RX_RY_RING,4,4,49,18,8,48,16,CNOT_RING,72,-0.24285681,0.560418,0.242857,0.685829,0.135407673,5.08777725224693e-07,0,9.529270466494684e-07,1.4617047718741617e-06,5.379185445865153e-07,0.36800765,3.2.8,4,1,5,36.9255,1.05242744,2.92341e-07,38.86144015,Cortex-A53,4,4,27.5,1200.0,1,48.6,223.7852,0.88,Debian GNU/Linux 13 (trixie) aarch64,Linux,aarch64,3.10.20,0.7222222222222222,0.7618181818181818,0.7222222222222222,0.7113071371291099,0.7618181818181818,0.7222222222222222,0.7113071371291099
2026-07-06 01:31:10,c9160e6539125e06c66b22677b30e1ed0aad8c344173a6c30f97b14607f84244,c9160e65,ubuntu,quantum_circuit_qubit_sweep_codecarbon,70,-1,1,False,RX_RY_RING_4Q,PennyLane,0.42.3,default.qubit,RX_RY_RING,4,4,49,18,8,48,16,CNOT_RING,72,0.00519659,0.501299,0.005197,0.693144,0.1360463141,5.090045286037975e-07,0,9.533562957464408e-07,1.4623608243502383e-06,5.381599769194282e-07,0.36800765,3.2.8,4,1,5,36.7522,1.05289979,2.92472e-07,38.69637337,Cortex-A53,4,4,25.6,1200.0,2,48.4,223.8008,0.88,Debian GNU/Linux 13 (trixie) aarch64,Linux,aarch64,3.10.20,0.7222222222222222,0.7618181818181818,0.7222222222222222,0.7113071371291099,0.7618181818181818,0.7222222222222222,0.7113071371291099
2026-07-06 01:31:15,c9160e6539125e06c66b22677b30e1ed0aad8c344173a6c30f97b14607f84244,c9160e65,ubuntu,quantum_circuit_qubit_sweep_codecarbon,71,-1,-1,True,RX_RY_RING_4Q,PennyLane,0.42.3,default.qubit,RX_RY_RING,4,4,49,18,8,48,16,CNOT_RING,72,-0.11666731,0.529134,0.116667,0.691449,0.135740014,5.088316182502442e-07,0,9.530549067615842e-07,1.4618865250118285e-06,5.379854311323959e-07,0.36800765,3.2.8,4,1,5,36.8351,1.0525583,2.92377e-07,38.7711135,Cortex-A53,4,4,26.9,1200.0,1,48.5,223.8047,0.88,Debian GNU/Linux 13 (trixie) aarch64,Linux,aarch64,3.10.20,0.7222222222222222,0.7618181818181818,0.7222222222222222,0.7113071371291099,0.7618181818181818,0.7222222222222222,0.7113071371291099
2026-07-06 01:31:33,c9160e6539125e06c66b22677b30e1ed0aad8c344173a6c30f97b14607f84244,c9160e65,ubuntu,quantum_circuit_qubit_sweep_codecarbon,0,-1,1,False,RX_RY_RING_5Q,PennyLane,0.42.3,default.qubit,RX_RY_RING,5,4,61,18,10,60,20,CNOT_RING,90,0.20651932,0.551447,0.206519,0.687844,0.169910002,5.241398035238187e-07,0,9.81683188195651e-07,1.5058229917194697e-06,5.541543871900168e-07,0.36800765,3.2.8,5,1,6,35.3128,0.9034938,2.5097e-07,31.90490675,Cortex-A53,4,4,26.1,1200.0,4,49.7,223.8047,0.88,Debian GNU/Linux 13 (trixie) aarch64,Linux,aarch64,3.10.20,0.7222222222222222,0.8214285714285715,0.7222222222222222,0.6989966555183946,0.8214285714285714,0.7222222222222222,0.6989966555183946
2026-07-06 01:31:38,c9160e6539125e06c66b22677b30e1ed0aad8c344173a6c30f97b14607f84244,c9160e65,ubuntu,quantum_circuit_qubit_sweep_codecarbon,1,1,1,True,RX_RY_RING_5Q,PennyLane,0.42.3,default.qubit,RX_RY_RING,5,4,61,18,10,60,20,CNOT_RING,90,0.17024733,0.542459,0.170247,0.689537,0.1710110889,5.247933399967021e-07,0,9.829367382917554e-07,1.5077300782884575e-06,5.54856209645091e-07,0.36800765,3.2.8,5,1,6,35.0854,0.90463805,2.51288e-07,31.73962763,Cortex-A53,4,4,25.9,1200.0,1,49.8,223.8047,0.88,Debian GNU/Linux 13 (trixie) aarch64,Linux,aarch64,3.10.20,0.7222222222222222,0.8214285714285715,0.7222222222222222,0.6989966555183946,0.8214285714285714,0.7222222222222222,0.6989966555183946
2026-07-06 01:31:44,c9160e6539125e06c66b22677b30e1ed0aad8c344173a6c30f97b14607f84244,c9160e65,ubuntu,quantum_circuit_qubit_sweep_codecarbon,2,1,1,True,RX_RY_RING_5Q,PennyLane,0.42.3,default.qubit,RX_RY_RING,5,4,61,18,10,60,20,CNOT_RING,90,0.32869314,0.581441,0.328693,0.679823,0.1686426138,5.23588415959643e-07,0,9.806822799146177e-07,1.5042706958742604e-06,5.535831304370187e-07,0.36800765,3.2.8,5,1,6,35.5782,0.90256242,2.50712e-07,32.11154276,Cortex-A53,4,4,26.1,1200.0,3,49.6,223.8125,0.88,Debian GNU/Linux 13 (trixie) aarch64,Linux,aarch64,3.10.20,0.7222222222222222,0.8214285714285715,0.7222222222222222,0.6989966555183946,0.8214285714285714,0.7222222222222222,0.6989966555183946
2026-07-06 01:31:49,c9160e6539125e06c66b22677b30e1ed0aad8c344173a6c30f97b14607f84244,c9160e65,ubuntu,quantum_circuit_qubit_sweep_codecarbon,3,1,1,True,RX_RY_RING_5Q,PennyLane,0.42.3,default.qubit,RX_RY_RING,5,4,61,18,10,60,20,CNOT_RING,90,0.28458458,0.57067,0.284585,0.683125,0.168058346,5.233026763631239e-07,0,9.801496866081531e-07,1.5034523629712769e-06,5.532819776648377e-07,0.36800765,3.2.8,5,1,6,35.7019,0.90207142,2.50575e-07,32.2056514,Cortex-A53,4,4,25.0,1200.0,1,49.4,223.8203,0.88,Debian GNU/Linux 13 (trixie) aarch64,Linux,aarch64,3.10.20,0.7222222222222222,0.8214285714285715,0.7222222222222222,0.6989966555183946,0.8214285714285714,0.7222222222222222,0.6989966555183946
2026-07-06 01:31:54,c9160e6539125e06c66b22677b30e1ed0aad8c344173a6c30f97b14607f84244,c9160e65,ubuntu,quantum_circuit_qubit_sweep_codecarbon,4,-1,-1,True,RX_RY_RING_5Q,PennyLane,0.42.3,default.qubit,RX_RY_RING,5,4,61,18,10,60,20,CNOT_RING,90,-0.05588191,0.513967,0.055882,0.692757,0.1727936799,5.254326049140737e-07,0,9.841404141237338e-07,1.5095730190378075e-06,5.55534425947538e-07,0.36800765,3.2.8,5,1,6,34.7235,0.90574381,2.51596e-07,31.4505882,Cortex-A53,4,4,25.6,1200.0,1,49.4,223.8203,0.88,Debian GNU/Linux 13 (trixie) aarch64,Linux,aarch64,3.10.20,0.7222222222222222,0.8214285714285715,0.7222222222222222,0.6989966555183946,0.8214285714285714,0.7222222222222222,0.6989966555183946
2026-07-06 01:32:00,c9160e6539125e06c66b22677b30e1ed0aad8c344173a6c30f97b14607f84244,c9160e65,ubuntu,quantum_circuit_qubit_sweep_codecarbon,5,1,1,True,RX_RY_RING_5Q,PennyLane,0.42.3,default.qubit,RX_RY_RING,5,4,61,18,10,60,20,CNOT_RING,90,0.29486114,0.573186,0.294861,0.682396,0.170405257,5.242829689135155e-07,0,9.81935521704145e-07,1.5062184906176605e-06,5.54299933811875e-07,0.36800765,3.2.8,5,1,6,35.2102,0.90373109,2.51036e-07,31.82053571,Cortex-A53,4,4,25.2,1200.0,1,48.1,223.8203,0.88,Debian GNU/Linux 13 (trixie) aarch64,Linux,aarch64,3.10.20,0.7222222222222222,0.8214285714285715,0.7222222222222222,0.6989966555183946,0.8214285714285714,0.7222222222222222,0.6989966555183946
2026-07-06 01:32:05,c9160e6539125e06c66b22677b30e1ed0aad8c344173a6c30f97b14607f84244,c9160e65,ubuntu,quantum_circuit_qubit_sweep_codecarbon,6,1,1,True,RX_RY_RING_5Q,PennyLane,0.42.3,default.qubit,RX_RY_RING,5,4,61,18,10,60,20,CNOT_RING,90,0.17135796,0.542735,0.171358,0.68949,0.1680406372,5.23339905626507e-07,0,9.802350541576744e-07,1.5035749597841814e-06,5.53327094230397e-07,0.36800765,3.2.8,5,1,6,35.7056,0.90214498,2.50596e-07,32.21167181,Cortex-A53,4,4,25.4,1200.0,2,48.1,223.8281,0.88,Debian GNU/Linux 13 (trixie) aarch64,Linux,aarch64,3.10.20,0.7222222222222222,0.8214285714285715,0.7222222222222222,0.6989966555183946,0.8214285714285714,0.7222222222222222,0.6989966555183946
2026-07-06 01:32:10,c9160e6539125e06c66b22677b30e1ed0aad8c344173a6c30f97b14607f84244,c9160e65,ubuntu,quantum_circuit_qubit_sweep_codecarbon,7,1,1,True,RX_RY_RING_5Q,PennyLane,0.42.3,default.qubit,RX_RY_RING,5,4,61,18,10,60,20,CNOT_RING,90,0.28509588,0.570795,0.285096,0.68309,0.169848802,5.242302591602008e-07,0,9.81799972554048e-07,1.5060302317142488e-06,5.542306530944024e-07,0.36800765,3.2.8,5,1,6,35.3255,0.90361814,2.51005e-07,31.92079526,Cortex-A53,4,4,26.1,1200.0,2,48.4,223.8398,0.88,Debian GNU/Linux 13 (trixie) aarch64,Linux,aarch64,3.10.20,0.7222222222222222,0.8214285714285715,0.7222222222222222,0.6989966555183946,0.8214285714285714,0.7222222222222222,0.6989966555183946
2026-07-06 01:32:16,c9160e6539125e06c66b22677b30e1ed0aad8c344173a6c30f97b14607f84244,c9160e65,ubuntu,quantum_circuit_qubit_sweep_codecarbon,8,1,1,True,RX_RY_RING_5Q,PennyLane,0.42.3,default.qubit,RX_RY_RING,5,4,61,18,10,60,20,CNOT_RING,90,0.16250924,0.540538,0.162509,0.689857,0.1704842669,5.244565066984959e-07,0,9.8227414341333e-07,1.506730650111826e-06,5.54488412426024e-07,0.36800765,3.2.8,5,1,6,35.1939,0.90403839,2.51122e-07,31.81660359,Cortex-A53,4,4,25.6,1200.0,1,48.3,223.8477,0.88,Debian GNU/Linux 13 (trixie) aarch64,Linux,aarch64,3.10.20,0.7222222222222222,0.8214285714285715,0.7222222222222222,0.6989966555183946,0.8214285714285714,0.7222222222222222,0.6989966555183946
2026-07-06 01:32:21,c9160e6539125e06c66b22677b30e1ed0aad8c344173a6c30f97b14607f84244,c9160e65,ubuntu,quantum_circuit_qubit_sweep_codecarbon,9,-1,-1,True,RX_RY_RING_5Q,PennyLane,0.42.3,default.qubit,RX_RY_RING,5,4,61,18,10,60,20,CNOT_RING,90,-0.18220456,0.545426,0.182205,0.689015,0.168592612,5.235739653516148e-07,0,9.806520600492757e-07,1.5042260254008903e-06,5.53566691360891e-07,0.36800765,3.2.8,5,1,6,35.5887,0.90253562,2.50704e-07,32.12011266,Cortex-A53,4,4,24.4,1200.0,1,48.2,223.8477,0.88,Debian GNU/Linux 13 (trixie) aarch64,Linux,aarch64,3.10.20,0.7222222222222222,0.8214285714285715,0.7222222222222222,0.6989966555183946,0.8214285714285714,0.7222222222222222,0.6989966555183946
2026-07-06 01:32:27,c9160e6539125e06c66b22677b30e1ed0aad8c344173a6c30f97b14607f84244,c9160e65,ubuntu,quantum_circuit_qubit_sweep_codecarbon,10,1,1,True,RX_RY_RING_5Q,PennyLane,0.42.3,default.qubit,RX_RY_RING,5,4,61,18,10,60,20,CNOT_RING,90,0.41454899,0.602178,0.414549,0.672119,0.16792147,5.229552278887553e-07,0,9.795202076202255e-07,1.502475435508981e-06,5.529224608808766e-07,0.36800765,3.2.8,5,1,6,35.731,0.90148526,2.50413e-07,32.21095889,Cortex-A53,4,4,26.1,1200.0,2,48.6,223.8477,0.88,Debian GNU/Linux 13 (trixie) aarch64,Linux,aarch64,3.10.20,0.7222222222222222,0.8214285714285715,0.7222222222222222,0.6989966555183946,0.8214285714285714,0.7222222222222222,0.6989966555183946
2026-07-06 01:32:32,c9160e6539125e06c66b22677b30e1ed0aad8c344173a6c30f97b14607f84244,c9160e65,ubuntu,quantum_circuit_qubit_sweep_codecarbon,11,1,1,True,RX_RY_RING_5Q,PennyLane,0.42.3,default.qubit,RX_RY_RING,5,4,61,18,10,60,20,CNOT_RING,90,0.23626395,0.558793,0.236264,0.686218,0.1694987512,5.240094343855777e-07,0,9.814802625138932e-07,1.5054896968994708e-06,5.540317321450708e-07,0.36800765,3.2.8,5,1,6,35.3985,0.90329382,2.50915e-07,31.975238,Cortex-A53,4,4,24.8,1200.0,1,48.5,223.8477,0.88,Debian GNU/Linux 13 (trixie) aarch64,Linux,aarch64,3.10.20,0.7222222222222222,0.8214285714285715,0.7222222222222222,0.6989966555183946,0.8214285714285714,0.7222222222222222,0.6989966555183946
2026-07-06 01:32:37,c9160e6539125e06c66b22677b30e1ed0aad8c344173a6c30f97b14607f84244,c9160e65,ubuntu,quantum_circuit_qubit_sweep_codecarbon,12,-1,1,False,RX_RY_RING_5Q,PennyLane,0.42.3,default.qubit,RX_RY_RING,5,4,61,18,10,60,20,CNOT_RING,90,0.00059727,0.500149,0.000597,0.693147,0.1703835889,5.242370248366234e-07,0,9.819075148940708e-07,1.5061445397306942e-06,5.542727193194186e-07,0.36800765,3.2.8,5,1,6,35.2147,0.90368672,2.51024e-07,31.82301992,Cortex-A53,4,4,24.8,1200.0,1,48.6,223.8477,0.88,Debian GNU/Linux 13 (trixie) aarch64,Linux,aarch64,3.10.20,0.7222222222222222,0.8214285714285715,0.7222222222222222,0.6989966555183946,0.8214285714285714,0.7222222222222222,0.6989966555183946
2026-07-06 01:32:42,c9160e6539125e06c66b22677b30e1ed0aad8c344173a6c30f97b14607f84244,c9160e65,ubuntu,quantum_circuit_qubit_sweep_codecarbon,13,1,1,True,RX_RY_RING_5Q,PennyLane,0.42.3,default.qubit,RX_RY_RING,5,4,61,18,10,60,20,CNOT_RING,90,0.25638099,0.563746,0.256381,0.684998,0.1687279749,5.236128502421909e-07,0,9.807468865377209e-07,1.504359736779912e-06,5.536158981718571e-07,0.36800765,3.2.8,5,1,6,35.5602,0.90261584,2.50727e-07,32.09719702,Cortex-A53,4,4,25.4,1200.0,1,48.6,223.8477,0.88,Debian GNU/Linux 13 (trixie) aarch64,Linux,aarch64,3.10.20,0.7222222222222222,0.8214285714285715,0.7222222222222222,0.6989966555183946,0.8214285714285714,0.7222222222222222,0.6989966555183946
2026-07-06 01:32:48,c9160e6539125e06c66b22677b30e1ed0aad8c344173a6c30f97b14607f84244,c9160e65,ubuntu,quantum_circuit_qubit_sweep_codecarbon,14,1,1,True,RX_RY_RING_5Q,PennyLane,0.42.3,default.qubit,RX_RY_RING,5,4,61,18,10,60,20,CNOT_RING,90,0.13978363,0.534889,0.139784,0.690711,0.16819329,5.233926292020135e-07,0,9.803426783764735e-07,1.503735307578487e-06,5.533861034460746e-07,0.36800765,3.2.8,5,1,6,35.6732,0.90224118,2.50623e-07,32.18586846,Cortex-A53,4,4,25.8,1200.0,1,48.3,223.8516,0.88,Debian GNU/Linux 13 (trixie) aarch64,Linux,aarch64,3.10.20,0.7222222222222222,0.8214285714285715,0.7222222222222222,0.6989966555183946,0.8214285714285714,0.7222222222222222,0.6989966555183946
2026-07-06 01:32:53,c9160e6539125e06c66b22677b30e1ed0aad8c344173a6c30f97b14607f84244,c9160e65,ubuntu,quantum_circuit_qubit_sweep_codecarbon,15,-1,1,False,RX_RY_RING_5Q,PennyLane,0.42.3,default.qubit,RX_RY_RING,5,4,61,18,10,60,20,CNOT_RING,90,0.16553326,0.541289,0.165533,0.689734,0.168179905,5.2339827685194e-07,0,9.802921558730305e-07,1.5036904327249703e-06,5.533695891564885e-07,0.36800765,3.2.8,5,1,6,35.6761,0.90221426,2.50615e-07,32.18746946,Cortex-A53,4,4,25.6,1200.0,1,48.3,223.8633,0.88,Debian GNU/Linux 13 (trixie) aarch64,Linux,aarch64,3.10.20,0.7222222222222222,0.8214285714285715,0.7222222222222222,0.6989966555183946,0.8214285714285714,0.7222222222222222,0.6989966555183946
2026-07-06 01:32:58,c9160e6539125e06c66b22677b30e1ed0aad8c344173a6c30f97b14607f84244,c9160e65,ubuntu,quantum_circuit_qubit_sweep_codecarbon,16,1,1,True,RX_RY_RING_5Q,PennyLane,0.42.3,default.qubit,RX_RY_RING,5,4,61,18,10,60,20,CNOT_RING,90,0.14383734,0.535897,0.143837,0.690568,0.1698483829,5.24104210237662e-07,0,9.81653257428358e-07,1.50575746766602e-06,5.541302738367971e-07,0.36800765,3.2.8,5,1,6,35.3256,0.90345448,2.5096e-07,31.91509268,Cortex-A53,4,4,25.6,1200.0,2,48.4,223.8672,0.88,Debian GNU/Linux 13 (trixie) aarch64,Linux,aarch64,3.10.20,0.7222222222222222,0.8214285714285715,0.7222222222222222,0.6989966555183946,0.8214285714285714,0.7222222222222222,0.6989966555183946
2026-07-06 01:33:04,c9160e6539125e06c66b22677b30e1ed0aad8c344173a6c30f97b14607f84244,c9160e65,ubuntu,quantum_circuit_qubit_sweep_codecarbon,17,1,1,True,RX_RY_RING_5Q,PennyLane,0.42.3,default.qubit,RX_RY_RING,5,4,61,18,10,60,20,CNOT_RING,90,0.00534136,0.501335,0.005341,0.693144,0.1682882879,5.234458670751206e-07,0,9.803711450270686e-07,1.5038170121021892e-06,5.534161713361996e-07,0.36800765,3.2.8,5,1,6,35.6531,0.90229021,2.50636e-07,32.1694475,Cortex-A53,4,4,26.1,1200.0,1,48.3,223.8789,0.88,Debian GNU/Linux 13 (trixie) aarch64,Linux,aarch64,3.10.20,0.7222222222222222,0.8214285714285715,0.7222222222222222,0.6989966555183946,0.8214285714285714,0.7222222222222222,0.6989966555183946
2026-07-06 01:33:09,c9160e6539125e06c66b22677b30e1ed0aad8c344173a6c30f97b14607f84244,c9160e65,ubuntu,quantum_circuit_qubit_sweep_codecarbon,18,-1,-1,True,RX_RY_RING_5Q,PennyLane,0.42.3,default.qubit,RX_RY_RING,5,4,61,18,10,60,20,CNOT_RING,90,-0.19562028,0.54875,0.19562,0.688387,0.1686744841,5.235928230815464e-07,0,9.806977908980722e-07,1.5042906139796185e-06,5.535904604522525e-07,0.36800765,3.2.8,5,1,6,35.5715,0.90257437,2.50715e-07,32.10590054,Cortex-A53,4,4,24.8,1200.0,2,48.4,223.8828,0.88,Debian GNU/Linux 13 (trixie) aarch64,Linux,aarch64,3.10.20,0.7222222222222222,0.8214285714285715,0.7222222222222222,0.6989966555183946,0.8214285714285714,0.7222222222222222,0.6989966555183946
2026-07-06 01:33:14,c9160e6539125e06c66b22677b30e1ed0aad8c344173a6c30f97b14607f84244,c9160e65,ubuntu,quantum_circuit_qubit_sweep_codecarbon,19,1,1,True,RX_RY_RING_5Q,PennyLane,0.42.3,default.qubit,RX_RY_RING,5,4,61,18,10,60,20,CNOT_RING,90,0.50559519,0.623773,0.505595,0.662187,0.1741279899,5.260723666805361e-07,0,9.852213284466415e-07,1.5112936951271777e-06,5.561676479192444e-07,0.36800765,3.2.8,5,1,6,34.4574,0.90677622,2.51882e-07,31.24516228,Cortex-A53,4,4,24.8,1200.0,2,48.4,223.8906,0.88,Debian GNU/Linux 13 (trixie) aarch64,Linux,aarch64,3.10.20,0.7222222222222222,0.8214285714285715,0.7222222222222222,0.6989966555183946,0.8214285714285714,0.7222222222222222,0.6989966555183946
2026-07-06 01:33:20,c9160e6539125e06c66b22677b30e1ed0aad8c344173a6c30f97b14607f84244,c9160e65,ubuntu,quantum_circuit_qubit_sweep_codecarbon,20,-1,-1,True,RX_RY_RING_5Q,PennyLane,0.42.3,default.qubit,RX_RY_RING,5,4,61,18,10,60,20,CNOT_RING,90,-0.18926851,0.547176,0.189269,0.688689,0.1696664041,5.231680187219222e-07,0,9.79906995004664e-07,1.503075013726586e-06,5.531431102543929e-07,0.36800765,3.2.8,5,1,6,35.3635,0.90184501,2.50513e-07,31.8924072,Cortex-A53,4,4,25.0,1200.0,1,48.5,223.9023,0.88,Debian GNU/Linux 13 (trixie) aarch64,Linux,aarch64,3.10.20,0.7222222222222222,0.8214285714285715,0.7222222222222222,0.6989966555183946,0.8214285714285714,0.7222222222222222,0.6989966555183946
2026-07-06 01:33:25,c9160e6539125e06c66b22677b30e1ed0aad8c344173a6c30f97b14607f84244,c9160e65,ubuntu,quantum_circuit_qubit_sweep_codecarbon,21,1,1,True,RX_RY_RING_5Q,PennyLane,0.42.3,default.qubit,RX_RY_RING,5,4,61,18,10,60,20,CNOT_RING,90,0.13195437,0.532941,0.131954,0.690975,0.168839117,5.236425889242027e-07,0,9.807815100066366e-07,1.5044240989308391e-06,5.536395839360547e-07,0.36800765,3.2.8,5,1,6,35.5368,0.90265446,2.50737e-07,32.07744065,Cortex-A53,4,4,25.6,1200.0,3,48.8,223.9023,0.88,Debian GNU/Linux 13 (trixie) aarch64,Linux,aarch64,3.10.20,0.7222222222222222,0.8214285714285715,0.7222222222222222,0.6989966555183946,0.8214285714285714,0.7222222222222222,0.6989966555183946
2026-07-06 01:33:31,c9160e6539125e06c66b22677b30e1ed0aad8c344173a6c30f97b14607f84244,c9160e65,ubuntu,quantum_circuit_qubit_sweep_codecarbon,22,1,1,True,RX_RY_RING_5Q,PennyLane,0.42.3,default.qubit,RX_RY_RING,5,4,61,18,10,60,20,CNOT_RING,90,0.20033038,0.549916,0.20033,0.688156,0.167813811,5.2291003271949e-07,0,9.7939979013366e-07,1.50230982285315e-06,5.528615141558581e-07,0.36800765,3.2.8,5,1,6,35.7539,0.90138589,2.50385e-07,32.22807068,Cortex-A53,4,4,24.6,1200.0,1,48.8,223.918,0.88,Debian GNU/Linux 13 (trixie) aarch64,Linux,aarch64,3.10.20,0.7222222222222222,0.8214285714285715,0.7222222222222222,0.6989966555183946,0.8214285714285714,0.7222222222222222,0.6989966555183946
2026-07-06 01:33:36,c9160e6539125e06c66b22677b30e1ed0aad8c344173a6c30f97b14607f84244,c9160e65,ubuntu,quantum_circuit_qubit_sweep_codecarbon,23,-1,1,False,RX_RY_RING_5Q,PennyLane,0.42.3,default.qubit,RX_RY_RING,5,4,61,18,10,60,20,CNOT_RING,90,0.21413079,0.553329,0.214131,0.687448,0.1695244769,5.23823604401615e-07,0,9.81114794073316e-07,1.504938398474931e-06,5.538288501049575e-07,0.36800765,3.2.8,5,1,6,35.3931,0.90296304,2.50823e-07,31.95867839,Cortex-A53,4,4,25.8,1200.0,1,48.6,223.9258,0.88,Debian GNU/Linux 13 (trixie) aarch64,Linux,aarch64,3.10.20,0.7222222222222222,0.8214285714285715,0.7222222222222222,0.6989966555183946,0.8214285714285714,0.7222222222222222,0.6989966555183946
2026-07-06 01:33:42,c9160e6539125e06c66b22677b30e1ed0aad8c344173a6c30f97b14607f84244,c9160e65,ubuntu,quantum_circuit_qubit_sweep_codecarbon,24,1,1,True,RX_RY_RING_5Q,PennyLane,0.42.3,default.qubit,RX_RY_RING,5,4,61,18,10,60,20,CNOT_RING,90,0.18033153,0.544961,0.180332,0.689099,0.1728137259,5.246062608849672e-07,0,9.82591649905468e-07,1.5071979107904352e-06,5.546603679323728e-07,0.36800765,3.2.8,5,1,6,34.7195,0.90431875,2.512e-07,31.3974625,Cortex-A53,4,4,25.8,1200.0,1,48.5,223.9258,0.88,Debian GNU/Linux 13 (trixie) aarch64,Linux,aarch64,3.10.20,0.7222222222222222,0.8214285714285715,0.7222222222222222,0.6989966555183946,0.8214285714285714,0.7222222222222222,0.6989966555183946
2026-07-06 01:33:47,c9160e6539125e06c66b22677b30e1ed0aad8c344173a6c30f97b14607f84244,c9160e65,ubuntu,quantum_circuit_qubit_sweep_codecarbon,25,1,1,True,RX_RY_RING_5Q,PennyLane,0.42.3,default.qubit,RX_RY_RING,5,4,61,18,10,60,20,CNOT_RING,90,0.01413313,0.503533,0.014133,0.693122,0.1659275731,5.223504964881118e-07,0,9.783750091446564e-07,1.5007255056327683e-06,5.522784732916907e-07,0.36800765,3.2.8,5,1,6,36.1604,0.9004353,2.50121e-07,32.56006051,Cortex-A53,4,4,25.2,1200.0,1,48.5,223.9258,0.88,Debian GNU/Linux 13 (trixie) aarch64,Linux,aarch64,3.10.20,0.7222222222222222,0.8214285714285715,0.7222222222222222,0.6989966555183946,0.8214285714285714,0.7222222222222222,0.6989966555183946
2026-07-06 01:33:52,c9160e6539125e06c66b22677b30e1ed0aad8c344173a6c30f97b14607f84244,c9160e65,ubuntu,quantum_circuit_qubit_sweep_codecarbon,26,1,1,True,RX_RY_RING_5Q,PennyLane,0.42.3,default.qubit,RX_RY_RING,5,4,61,18,10,60,20,CNOT_RING,90,0.32895646,0.581505,0.328956,0.679801,0.167560478,5.231485604825948e-07,0,9.798691392643377e-07,1.5030176997469325e-06,5.531220182711738e-07,0.36800765,3.2.8,5,1,6,35.808,0.90181062,2.50503e-07,32.29200456,Cortex-A53,4,4,25.6,1200.0,1,48.6,223.9258,0.88,Debian GNU/Linux 13 (trixie) aarch64,Linux,aarch64,3.10.20,0.7222222222222222,0.8214285714285715,0.7222222222222222,0.6989966555183946,0.8214285714285714,0.7222222222222222,0.6989966555183946
2026-07-06 01:33:58,c9160e6539125e06c66b22677b30e1ed0aad8c344173a6c30f97b14607f84244,c9160e65,ubuntu,quantum_circuit_qubit_sweep_codecarbon,27,-1,-1,True,RX_RY_RING_5Q,PennyLane,0.42.3,default.qubit,RX_RY_RING,5,4,61,18,10,60,20,CNOT_RING,90,-0.1790889,0.544653,0.179089,0.689154,0.1678434971,5.231676200696078e-07,0,9.799244749592618e-07,1.5030920950288695e-06,5.531493963043812e-07,0.36800765,3.2.8,5,1,6,35.7476,0.90185526,2.50515e-07,32.23914918,Cortex-A53,4,4,24.8,1200.0,1,48.7,223.9258,0.88,Debian GNU/Linux 13 (trixie) aarch64,Linux,aarch64,3.10.20,0.7222222222222222,0.8214285714285715,0.7222222222222222,0.6989966555183946,0.8214285714285714,0.7222222222222222,0.6989966555183946
2026-07-06 01:34:03,c9160e6539125e06c66b22677b30e1ed0aad8c344173a6c30f97b14607f84244,c9160e65,ubuntu,quantum_circuit_qubit_sweep_codecarbon,28,-1,-1,True,RX_RY_RING_5Q,PennyLane,0.42.3,default.qubit,RX_RY_RING,5,4,61,18,10,60,20,CNOT_RING,90,-0.02197297,0.505493,0.021973,0.693087,0.1684045871,5.234813213236588e-07,0,9.805054599807288e-07,1.5039867813043876e-06,5.534786477020975e-07,0.36800765,3.2.8,5,1,6,35.6285,0.90239207,2.50664e-07,32.15086065,Cortex-A53,4,4,25.2,1200.0,1,48.6,223.9258,0.88,Debian GNU/Linux 13 (trixie) aarch64,Linux,aarch64,3.10.20,0.7222222222222222,0.8214285714285715,0.7222222222222222,0.6989966555183946,0.8214285714285714,0.7222222222222222,0.6989966555183946
2026-07-06 01:34:08,c9160e6539125e06c66b22677b30e1ed0aad8c344173a6c30f97b14607f84244,c9160e65,ubuntu,quantum_circuit_qubit_sweep_codecarbon,29,1,1,True,RX_RY_RING_5Q,PennyLane,0.42.3,default.qubit,RX_RY_RING,5,4,61,18,10,60,20,CNOT_RING,90,0.31112439,0.57716,0.311124,0.681192,0.1690771349,5.237076852214939e-07,0,9.809203424568598e-07,1.5046280276783536e-06,5.537146312761012e-07,0.36800765,3.2.8,5,1,6,35.4868,0.90277682,2.50771e-07,32.03662578,Cortex-A53,4,4,24.8,1200.0,1,48.4,223.9258,0.88,Debian GNU/Linux 13 (trixie) aarch64,Linux,aarch64,3.10.20,0.7222222222222222,0.8214285714285715,0.7222222222222222,0.6989966555183946,0.8214285714285714,0.7222222222222222,0.6989966555183946
2026-07-06 01:34:14,c9160e6539125e06c66b22677b30e1ed0aad8c344173a6c30f97b14607f84244,c9160e65,ubuntu,quantum_circuit_qubit_sweep_codecarbon,30,-1,1,False,RX_RY_RING_5Q,PennyLane,0.42.3,default.qubit,RX_RY_RING,5,4,61,18,10,60,20,CNOT_RING,90,0.09268491,0.523155,0.092685,0.692075,0.1685172941,5.235576392587749e-07,0,9.806385725581398e-07,1.5041962118169148e-06,5.535557197337815e-07,0.36800765,3.2.8,5,1,6,35.6047,0.90251773,2.50699e-07,32.13383167,Cortex-A53,4,4,26.0,1200.0,1,48.6,223.9609,0.88,Debian GNU/Linux 13 (trixie) aarch64,Linux,aarch64,3.10.20,0.7222222222222222,0.8214285714285715,0.7222222222222222,0.6989966555183946,0.8214285714285714,0.7222222222222222,0.6989966555183946
2026-07-06 01:34:19,c9160e6539125e06c66b22677b30e1ed0aad8c344173a6c30f97b14607f84244,c9160e65,ubuntu,quantum_circuit_qubit_sweep_codecarbon,31,-1,1,False,RX_RY_RING_5Q,PennyLane,0.42.3,default.qubit,RX_RY_RING,5,4,61,18,10,60,20,CNOT_RING,90,0.10801742,0.526978,0.108017,0.691691,0.169715307,5.240645457266106e-07,0,9.815497199694316e-07,1.505614265696042e-06,5.540775744157139e-07,0.36800765,3.2.8,5,1,6,35.3533,0.90336856,2.50936e-07,31.93708012,Cortex-A53,4,4,26.0,1200.0,1,48.5,223.9609,0.88,Debian GNU/Linux 13 (trixie) aarch64,Linux,aarch64,3.10.20,0.7222222222222222,0.8214285714285715,0.7222222222222222,0.6989966555183946,0.8214285714285714,0.7222222222222222,0.6989966555183946
2026-07-06 01:34:25,c9160e6539125e06c66b22677b30e1ed0aad8c344173a6c30f97b14607f84244,c9160e65,ubuntu,quantum_circuit_qubit_sweep_codecarbon,32,-1,-1,True,RX_RY_RING_5Q,PennyLane,0.42.3,default.qubit,RX_RY_RING,5,4,61,18,10,60,20,CNOT_RING,90,-0.04813829,0.512032,0.048138,0.692858,0.1676697989,5.231248750868771e-07,0,9.798352325257534e-07,1.5029601076126306e-06,5.531008239249149e-07,0.36800765,3.2.8,5,1,6,35.7846,0.90177606,2.50493e-07,32.26971358,Cortex-A53,4,4,25.4,1200.0,1,48.4,223.9609,0.88,Debian GNU/Linux 13 (trixie) aarch64,Linux,aarch64,3.10.20,0.7222222222222222,0.8214285714285715,0.7222222222222222,0.6989966555183946,0.8214285714285714,0.7222222222222222,0.6989966555183946
2026-07-06 01:34:30,c9160e6539125e06c66b22677b30e1ed0aad8c344173a6c30f97b14607f84244,c9160e65,ubuntu,quantum_circuit_qubit_sweep_codecarbon,33,-1,1,False,RX_RY_RING_5Q,PennyLane,0.42.3,default.qubit,RX_RY_RING,5,4,61,18,10,60,20,CNOT_RING,90,0.15402232,0.53843,0.154022,0.690191,0.16823365,5.2340951234012e-07,0,9.803161748762551e-07,1.5037256872163752e-06,5.533825630791789e-07,0.36800765,3.2.8,5,1,6,35.6647,0.90223541,2.50621e-07,32.17794105,Cortex-A53,4,4,25.0,1200.0,1,48.5,223.9609,0.88,Debian GNU/Linux 13 (trixie) aarch64,Linux,aarch64,3.10.20,0.7222222222222222,0.8214285714285715,0.7222222222222222,0.6989966555183946,0.8214285714285714,0.7222222222222222,0.6989966555183946
2026-07-06 01:34:35,c9160e6539125e06c66b22677b30e1ed0aad8c344173a6c30f97b14607f84244,c9160e65,ubuntu,quantum_circuit_qubit_sweep_codecarbon,34,1,1,True,RX_RY_RING_5Q,PennyLane,0.42.3,default.qubit,RX_RY_RING,5,4,61,18,10,60,20,CNOT_RING,90,0.12642511,0.531564,0.126425,0.691153,0.1682952121,5.234956587147382e-07,0,9.804804516412938e-07,1.503976110356032e-06,5.534747207114224e-07,0.36800765,3.2.8,5,1,6,35.6516,0.90238567,2.50663e-07,32.17152722,Cortex-A53,4,4,25.2,1200.0,1,48.4,223.9609,0.88,Debian GNU/Linux 13 (trixie) aarch64,Linux,aarch64,3.10.20,0.7222222222222222,0.8214285714285715,0.7222222222222222,0.6989966555183946,0.8214285714285714,0.7222222222222222,0.6989966555183946
2026-07-06 01:34:41,c9160e6539125e06c66b22677b30e1ed0aad8c344173a6c30f97b14607f84244,c9160e65,ubuntu,quantum_circuit_qubit_sweep_codecarbon,35,-1,1,False,RX_RY_RING_5Q,PennyLane,0.42.3,default.qubit,RX_RY_RING,5,4,61,18,10,60,20,CNOT_RING,90,0.27160524,0.567487,0.271605,0.68401,0.167236052,5.229491897037899e-07,0,9.794943892241766e-07,1.5024435789279664e-06,5.529107374152189e-07,0.36800765,3.2.8,5,1,6,35.8774,0.90146615,2.50407e-07,32.34228995,Cortex-A53,4,4,25.8,1200.0,1,48.4,223.9609,0.88,Debian GNU/Linux 13 (trixie) aarch64,Linux,aarch64,3.10.20,0.7222222222222222,0.8214285714285715,0.7222222222222222,0.6989966555183946,0.8214285714285714,0.7222222222222222,0.6989966555183946
2026-07-06 01:34:46,c9160e6539125e06c66b22677b30e1ed0aad8c344173a6c30f97b14607f84244,c9160e65,ubuntu,quantum_circuit_qubit_sweep_codecarbon,36,1,1,True,RX_RY_RING_5Q,PennyLane,0.42.3,default.qubit,RX_RY_RING,5,4,61,18,10,60,20,CNOT_RING,90,0.24026781,0.55978,0.240268,0.685983,0.1687963021,5.238060489710835e-07,0,9.811057491848866e-07,1.50491179815597e-06,5.538190609839692e-07,0.36800765,3.2.8,5,1,6,35.5458,0.90294708,2.50819e-07,32.09597845,Cortex-A53,4,4,25.4,1200.0,1,48.4,223.9609,0.88,Debian GNU/Linux 13 (trixie) aarch64,Linux,aarch64,3.10.20,0.7222222222222222,0.8214285714285715,0.7222222222222222,0.6989966555183946,0.8214285714285714,0.7222222222222222,0.6989966555183946
2026-07-06 01:34:51,c9160e6539125e06c66b22677b30e1ed0aad8c344173a6c30f97b14607f84244,c9160e65,ubuntu,quantum_circuit_qubit_sweep_codecarbon,37,-1,1,False,RX_RY_RING_5Q,PennyLane,0.42.3,default.qubit,RX_RY_RING,5,4,61,18,10,60,20,CNOT_RING,90,0.22447075,0.555883,0.224471,0.686888,0.17085884,5.246123967887406e-07,0,9.82552439090796e-07,1.5071648358795363e-06,5.546481961119919e-07,0.36800765,3.2.8,5,1,6,35.1167,0.9042989,2.51194e-07,31.75600051,Cortex-A53,4,4,25.2,1200.0,2,48.4,223.9609,0.88,Debian GNU/Linux 13 (trixie) aarch64,Linux,aarch64,3.10.20,0.7222222222222222,0.8214285714285715,0.7222222222222222,0.6989966555183946,0.8214285714285714,0.7222222222222222,0.6989966555183946
2026-07-06 01:34:57,c9160e6539125e06c66b22677b30e1ed0aad8c344173a6c30f97b14607f84244,c9160e65,ubuntu,quantum_circuit_qubit_sweep_codecarbon,38,-1,1,False,RX_RY_RING_5Q,PennyLane,0.42.3,default.qubit,RX_RY_RING,5,4,61,18,10,60,20,CNOT_RING,90,0.05171277,0.512925,0.051713,0.692813,0.1681455248,5.232836070100553e-07,0,9.801346150925384e-07,1.5034182221025936e-06,5.532694135638328e-07,0.36800765,3.2.8,5,1,6,35.6834,0.90205093,2.5057e-07,32.18822271,Cortex-A53,4,4,25.2,1200.0,1,48.4,223.9609,0.88,Debian GNU/Linux 13 (trixie) aarch64,Linux,aarch64,3.10.20,0.7222222222222222,0.8214285714285715,0.7222222222222222,0.6989966555183946,0.8214285714285714,0.7222222222222222,0.6989966555183946
2026-07-06 01:35:02,c9160e6539125e06c66b22677b30e1ed0aad8c344173a6c30f97b14607f84244,c9160e65,ubuntu,quantum_circuit_qubit_sweep_codecarbon,39,-1,1,False,RX_RY_RING_5Q,PennyLane,0.42.3,default.qubit,RX_RY_RING,5,4,61,18,10,60,20,CNOT_RING,90,0.18534136,0.546203,0.185341,0.688872,0.168850519,5.236200628802495e-07,0,9.807387774344533e-07,1.504358840314703e-06,5.536155682657982e-07,0.36800765,3.2.8,5,1,6,35.5344,0.9026153,2.50726e-07,32.0738832,Cortex-A53,4,4,24.6,1200.0,1,48.7,223.9609,0.88,Debian GNU/Linux 13 (trixie) aarch64,Linux,aarch64,3.10.20,0.7222222222222222,0.8214285714285715,0.7222222222222222,0.6989966555183946,0.8214285714285714,0.7222222222222222,0.6989966555183946
2026-07-06 01:35:08,c9160e6539125e06c66b22677b30e1ed0aad8c344173a6c30f97b14607f84244,c9160e65,ubuntu,quantum_circuit_qubit_sweep_codecarbon,40,-1,-1,True,RX_RY_RING_5Q,PennyLane,0.42.3,default.qubit,RX_RY_RING,5,4,61,18,10,60,20,CNOT_RING,90,-0.14022831,0.535,0.140228,0.690695,0.1683792199,5.234638488748008e-07,0,9.803937257189924e-07,1.5038575745937931e-06,5.534310986435932e-07,0.36800765,3.2.8,5,1,6,35.6339,0.90231454,2.50643e-07,32.15294185,Cortex-A53,4,4,26.4,1200.0,2,48.7,223.9727,0.88,Debian GNU/Linux 13 (trixie) aarch64,Linux,aarch64,3.10.20,0.7222222222222222,0.8214285714285715,0.7222222222222222,0.6989966555183946,0.8214285714285714,0.7222222222222222,0.6989966555183946
2026-07-06 01:35:13,c9160e6539125e06c66b22677b30e1ed0aad8c344173a6c30f97b14607f84244,c9160e65,ubuntu,quantum_circuit_qubit_sweep_codecarbon,41,-1,1,False,RX_RY_RING_5Q,PennyLane,0.42.3,default.qubit,RX_RY_RING,5,4,61,18,10,60,20,CNOT_RING,90,0.1110803,0.527742,0.11108,0.691607,0.1693748899,5.238442781013254e-07,0,9.811711941923323e-07,1.505015472293658e-06,5.538572138602062e-07,0.36800765,3.2.8,5,1,6,35.4244,0.90300928,2.50836e-07,31.98854153,Cortex-A53,4,4,24.0,1200.0,1,48.5,223.9727,0.88,Debian GNU/Linux 13 (trixie) aarch64,Linux,aarch64,3.10.20,0.7222222222222222,0.8214285714285715,0.7222222222222222,0.6989966555183946,0.8214285714285714,0.7222222222222222,0.6989966555183946
2026-07-06 01:35:18,c9160e6539125e06c66b22677b30e1ed0aad8c344173a6c30f97b14607f84244,c9160e65,ubuntu,quantum_circuit_qubit_sweep_codecarbon,42,-1,-1,True,RX_RY_RING_5Q,PennyLane,0.42.3,default.qubit,RX_RY_RING,5,4,61,18,10,60,20,CNOT_RING,90,-0.10169165,0.525401,0.101692,0.691856,0.1702939458,5.243568279676967e-07,0,9.82075656647794e-07,1.5064324846154908e-06,5.543786852410816e-07,0.36800765,3.2.8,5,1,6,35.2332,0.90385949,2.51072e-07,31.84585875,Cortex-A53,4,4,24.8,1200.0,1,48.4,223.9727,0.88,Debian GNU/Linux 13 (trixie) aarch64,Linux,aarch64,3.10.20,0.7222222222222222,0.8214285714285715,0.7222222222222222,0.6989966555183946,0.8214285714285714,0.7222222222222222,0.6989966555183946
2026-07-06 01:35:24,c9160e6539125e06c66b22677b30e1ed0aad8c344173a6c30f97b14607f84244,c9160e65,ubuntu,quantum_circuit_qubit_sweep_codecarbon,43,1,1,True,RX_RY_RING_5Q,PennyLane,0.42.3,default.qubit,RX_RY_RING,5,4,61,18,10,60,20,CNOT_RING,90,0.38645158,0.595428,0.386452,0.674822,0.1680257842,5.233051544238232e-07,0,9.801313983431709e-07,1.5034365527669935e-06,5.532761593886432e-07,0.36800765,3.2.8,5,1,6,35.7088,0.90206193,2.50573e-07,32.21155382,Cortex-A53,4,4,25.2,1200.0,2,48.1,223.9727,0.88,Debian GNU/Linux 13 (trixie) aarch64,Linux,aarch64,3.10.20,0.7222222222222222,0.8214285714285715,0.7222222222222222,0.6989966555183946,0.8214285714285714,0.7222222222222222,0.6989966555183946
2026-07-06 01:35:29,c9160e6539125e06c66b22677b30e1ed0aad8c344173a6c30f97b14607f84244,c9160e65,ubuntu,quantum_circuit_qubit_sweep_codecarbon,44,1,1,True,RX_RY_RING_5Q,PennyLane,0.42.3,default.qubit,RX_RY_RING,5,4,61,18,10,60,20,CNOT_RING,90,0.4040616,0.599663,0.404062,0.673148,0.1680664611,5.233664266188595e-07,0,9.801975851102422e-07,1.5035640117291017e-06,5.533230652623263e-07,0.36800765,3.2.8,5,1,6,35.7002,0.90213841,2.50594e-07,32.20648788,Cortex-A53,4,4,25.2,1200.0,1,48.5,223.9727,0.88,Debian GNU/Linux 13 (trixie) aarch64,Linux,aarch64,3.10.20,0.7222222222222222,0.8214285714285715,0.7222222222222222,0.6989966555183946,0.8214285714285714,0.7222222222222222,0.6989966555183946
2026-07-06 01:35:34,c9160e6539125e06c66b22677b30e1ed0aad8c344173a6c30f97b14607f84244,c9160e65,ubuntu,quantum_circuit_qubit_sweep_codecarbon,45,1,1,True,RX_RY_RING_5Q,PennyLane,0.42.3,default.qubit,RX_RY_RING,5,4,61,18,10,60,20,CNOT_RING,90,0.16190163,0.540387,0.161902,0.689881,0.168237865,5.23411045368347e-07,0,9.80362904180462e-07,1.5037739495488091e-06,5.534003239869359e-07,0.36800765,3.2.8,5,1,6,35.6638,0.90226437,2.50629e-07,32.17816762,Cortex-A53,4,4,25.6,1200.0,2,48.2,223.9727,0.88,Debian GNU/Linux 13 (trixie) aarch64,Linux,aarch64,3.10.20,0.7222222222222222,0.8214285714285715,0.7222222222222222,0.6989966555183946,0.8214285714285714,0.7222222222222222,0.6989966555183946
2026-07-06 01:35:40,c9160e6539125e06c66b22677b30e1ed0aad8c344173a6c30f97b14607f84244,c9160e65,ubuntu,quantum_circuit_qubit_sweep_codecarbon,46,1,1,True,RX_RY_RING_5Q,PennyLane,0.42.3,default.qubit,RX_RY_RING,5,4,61,18,10,60,20,CNOT_RING,90,0.37910441,0.593657,0.379104,0.6755,0.169895459,5.241620928145377e-07,0,9.817681457692135e-07,1.5059302385837512e-06,5.541938548569876e-07,0.36800765,3.2.8,5,1,6,35.3158,0.90355814,2.50988e-07,31.90991032,Cortex-A53,4,4,25.6,1200.0,2,48.7,223.9727,0.88,Debian GNU/Linux 13 (trixie) aarch64,Linux,aarch64,3.10.20,0.7222222222222222,0.8214285714285715,0.7222222222222222,0.6989966555183946,0.8214285714285714,0.7222222222222222,0.6989966555183946
2026-07-06 01:35:45,c9160e6539125e06c66b22677b30e1ed0aad8c344173a6c30f97b14607f84244,c9160e65,ubuntu,quantum_circuit_qubit_sweep_codecarbon,47,1,1,True,RX_RY_RING_5Q,PennyLane,0.42.3,default.qubit,RX_RY_RING,5,4,61,18,10,60,20,CNOT_RING,90,0.2945498,0.57311,0.29455,0.682419,0.168483489,5.234846186232035e-07,0,9.805014865317693e-07,1.5039861051549727e-06,5.534783988739372e-07,0.36800765,3.2.8,5,1,6,35.6118,0.90239166,2.50664e-07,32.13578976,Cortex-A53,4,4,24.2,1200.0,1,48.2,223.9727,0.88,Debian GNU/Linux 13 (trixie) aarch64,Linux,aarch64,3.10.20,0.7222222222222222,0.8214285714285715,0.7222222222222222,0.6989966555183946,0.8214285714285714,0.7222222222222222,0.6989966555183946
2026-07-06 01:35:50,c9160e6539125e06c66b22677b30e1ed0aad8c344173a6c30f97b14607f84244,c9160e65,ubuntu,quantum_circuit_qubit_sweep_codecarbon,48,1,1,True,RX_RY_RING_5Q,PennyLane,0.42.3,default.qubit,RX_RY_RING,5,4,61,18,10,60,20,CNOT_RING,90,0.35298838,0.587342,0.352988,0.677811,0.1695292629,5.239621742318074e-07,0,9.81387286641014e-07,1.5053494608728214e-06,5.539801242138351e-07,0.36800765,3.2.8,5,1,6,35.3921,0.90320968,2.50892e-07,31.96650517,Cortex-A53,4,4,25.2,1200.0,1,48.5,223.9727,0.88,Debian GNU/Linux 13 (trixie) aarch64,Linux,aarch64,3.10.20,0.7222222222222222,0.8214285714285715,0.7222222222222222,0.6989966555183946,0.8214285714285714,0.7222222222222222,0.6989966555183946
2026-07-06 01:35:56,c9160e6539125e06c66b22677b30e1ed0aad8c344173a6c30f97b14607f84244,c9160e65,ubuntu,quantum_circuit_qubit_sweep_codecarbon,49,-1,1,False,RX_RY_RING_5Q,PennyLane,0.42.3,default.qubit,RX_RY_RING,5,4,61,18,10,60,20,CNOT_RING,90,0.14384973,0.535901,0.14385,0.690567,0.1678067739,5.231631044298411e-07,0,9.799169816930468e-07,1.503080086122888e-06,5.531449769350585e-07,0.36800765,3.2.8,5,1,6,35.7554,0.90184805,2.50513e-07,32.24594683,Cortex-A53,4,4,24.6,1200.0,1,48.4,223.9727,0.88,Debian GNU/Linux 13 (trixie) aarch64,Linux,aarch64,3.10.20,0.7222222222222222,0.8214285714285715,0.7222222222222222,0.6989966555183946,0.8214285714285714,0.7222222222222222,0.6989966555183946
2026-07-06 01:36:02,c9160e6539125e06c66b22677b30e1ed0aad8c344173a6c30f97b14607f84244,c9160e65,ubuntu,quantum_circuit_qubit_sweep_codecarbon,50,-1,1,False,RX_RY_RING_5Q,PennyLane,0.42.3,default.qubit,RX_RY_RING,5,4,61,18,10,60,20,CNOT_RING,90,0.0743734,0.518585,0.074373,0.692456,0.169535252,5.239447657432822e-07,0,9.81340583336229e-07,1.5052853490795111e-06,5.539565305831569e-07,0.36800765,3.2.8,5,1,6,35.3909,0.90317121,2.50881e-07,31.96401451,Cortex-A53,4,4,25.6,1200.0,2,48.2,224.0859,0.88,Debian GNU/Linux 13 (trixie) aarch64,Linux,aarch64,3.10.20,0.7222222222222222,0.8214285714285715,0.7222222222222222,0.6989966555183946,0.8214285714285714,0.7222222222222222,0.6989966555183946
2026-07-06 01:36:07,c9160e6539125e06c66b22677b30e1ed0aad8c344173a6c30f97b14607f84244,c9160e65,ubuntu,quantum_circuit_qubit_sweep_codecarbon,51,1,1,True,RX_RY_RING_5Q,PennyLane,0.42.3,default.qubit,RX_RY_RING,5,4,61,18,10,60,20,CNOT_RING,90,0.09538257,0.523828,0.095383,0.692011,0.168482186,5.235349863638673e-07,0,9.805823408532888e-07,1.504117327217156e-06,5.535266895972526e-07,0.36800765,3.2.8,5,1,6,35.6121,0.9024704,2.50686e-07,32.13884212,Cortex-A53,4,4,25.4,1200.0,1,48.2,224.0859,0.88,Debian GNU/Linux 13 (trixie) aarch64,Linux,aarch64,3.10.20,0.7222222222222222,0.8214285714285715,0.7222222222222222,0.6989966555183946,0.8214285714285714,0.7222222222222222,0.6989966555183946
2026-07-06 01:36:12,c9160e6539125e06c66b22677b30e1ed0aad8c344173a6c30f97b14607f84244,c9160e65,ubuntu,quantum_circuit_qubit_sweep_codecarbon,52,1,1,True,RX_RY_RING_5Q,PennyLane,0.42.3,default.qubit,RX_RY_RING,5,4,61,18,10,60,20,CNOT_RING,90,0.36023632,0.589098,0.360236,0.677185,0.1677911999,5.231433202388804e-07,0,9.79852873327521e-07,1.5029961935664013e-06,5.531141038321205e-07,0.36800765,3.2.8,5,1,6,35.7587,0.90179772,2.50499e-07,32.2471399,Cortex-A53,4,4,24.8,1200.0,1,48.1,224.0859,0.88,Debian GNU/Linux 13 (trixie) aarch64,Linux,aarch64,3.10.20,0.7222222222222222,0.8214285714285715,0.7222222222222222,0.6989966555183946,0.8214285714285714,0.7222222222222222,0.6989966555183946
2026-07-06 01:36:18,c9160e6539125e06c66b22677b30e1ed0aad8c344173a6c30f97b14607f84244,c9160e65,ubuntu,quantum_circuit_qubit_sweep_codecarbon,53,1,1,True,RX_RY_RING_5Q,PennyLane,0.42.3,default.qubit,RX_RY_RING,5,4,61,18,10,60,20,CNOT_RING,90,0.13891903,0.534674,0.138919,0.690741,0.1696101988,5.230671307072043e-07,0,9.797274391166866e-07,1.502794569823891e-06,5.530399047515592e-07,0.36800765,3.2.8,5,1,6,35.3752,0.90167674,2.50466e-07,31.89702323,Cortex-A53,4,4,25.0,1200.0,1,47.9,224.0859,0.88,Debian GNU/Linux 13 (trixie) aarch64,Linux,aarch64,3.10.20,0.7222222222222222,0.8214285714285715,0.7222222222222222,0.6989966555183946,0.8214285714285714,0.7222222222222222,0.6989966555183946
2026-07-06 01:36:23,c9160e6539125e06c66b22677b30e1ed0aad8c344173a6c30f97b14607f84244,c9160e65,ubuntu,quantum_circuit_qubit_sweep_codecarbon,54,-1,-1,True,RX_RY_RING_5Q,PennyLane,0.42.3,default.qubit,RX_RY_RING,5,4,61,18,10,60,20,CNOT_RING,90,-0.1064989,0.5266,0.106499,0.691731,0.1683912491,5.234718959157666e-07,0,9.8043498583138e-07,1.5039068817471466e-06,5.534492440534461e-07,0.36800765,3.2.8,5,1,6,35.6313,0.90234413,2.50651e-07,32.1516991,Cortex-A53,4,4,25.8,1200.0,1,48.0,224.0859,0.88,Debian GNU/Linux 13 (trixie) aarch64,Linux,aarch64,3.10.20,0.7222222222222222,0.8214285714285715,0.7222222222222222,0.6989966555183946,0.8214285714285714,0.7222222222222222,0.6989966555183946
2026-07-06 01:36:28,c9160e6539125e06c66b22677b30e1ed0aad8c344173a6c30f97b14607f84244,c9160e65,ubuntu,quantum_circuit_qubit_sweep_codecarbon,55,-1,1,False,RX_RY_RING_5Q,PennyLane,0.42.3,default.qubit,RX_RY_RING,5,4,61,18,10,60,20,CNOT_RING,90,0.18391676,0.54585,0.183917,0.688937,0.1686435898,5.236094178011021e-07,0,9.807267790893093e-07,1.5043361968904114e-06,5.536072353123362e-07,0.36800765,3.2.8,5,1,6,35.578,0.90260172,2.50723e-07,32.11275516,Cortex-A53,4,4,25.0,1200.0,1,48.0,224.0859,0.88,Debian GNU/Linux 13 (trixie) aarch64,Linux,aarch64,3.10.20,0.7222222222222222,0.8214285714285715,0.7222222222222222,0.6989966555183946,0.8214285714285714,0.7222222222222222,0.6989966555183946
2026-07-06 01:36:34,c9160e6539125e06c66b22677b30e1ed0aad8c344173a6c30f97b14607f84244,c9160e65,ubuntu,quantum_circuit_qubit_sweep_codecarbon,56,1,1,True,RX_RY_RING_5Q,PennyLane,0.42.3,default.qubit,RX_RY_RING,5,4,61,18,10,60,20,CNOT_RING,90,0.16698185,0.541649,0.166982,0.689674,0.1683977591,5.23476454636289e-07,0,9.804950524509574e-07,1.5039715070872463e-06,5.534730266732739e-07,0.36800765,3.2.8,5,1,6,35.6299,0.9023829,2.50662e-07,32.15183774,Cortex-A53,4,4,24.8,1200.0,1,48.1,224.0859,0.88,Debian GNU/Linux 13 (trixie) aarch64,Linux,aarch64,3.10.20,0.7222222222222222,0.8214285714285715,0.7222222222222222,0.6989966555183946,0.8214285714285714,0.7222222222222222,0.6989966555183946
2026-07-06 01:36:39,c9160e6539125e06c66b22677b30e1ed0aad8c344173a6c30f97b14607f84244,c9160e65,ubuntu,quantum_circuit_qubit_sweep_codecarbon,57,1,1,True,RX_RY_RING_5Q,PennyLane,0.42.3,default.qubit,RX_RY_RING,5,4,61,18,10,60,20,CNOT_RING,90,0.35239273,0.587198,0.352393,0.677862,0.1706396178,5.244948615745111e-07,0,9.823915232360983e-07,1.5068863848106098e-06,5.545457239872389e-07,0.36800765,3.2.8,5,1,6,35.1618,0.90413183,2.51148e-07,31.7909232,Cortex-A53,4,4,23.7,1200.0,1,48.1,224.0859,0.88,Debian GNU/Linux 13 (trixie) aarch64,Linux,aarch64,3.10.20,0.7222222222222222,0.8214285714285715,0.7222222222222222,0.6989966555183946,0.8214285714285714,0.7222222222222222,0.6989966555183946
2026-07-06 01:36:44,c9160e6539125e06c66b22677b30e1ed0aad8c344173a6c30f97b14607f84244,c9160e65,ubuntu,quantum_circuit_qubit_sweep_codecarbon,58,-1,-1,True,RX_RY_RING_5Q,PennyLane,0.42.3,default.qubit,RX_RY_RING,5,4,61,18,10,60,20,CNOT_RING,90,-0.0707974,0.517692,0.070797,0.692521,0.172610126,5.254102373081776e-07,0,9.84085304274534e-07,1.5094955415827116e-06,5.555059136510158e-07,0.36800765,3.2.8,5,1,6,34.7604,0.90569732,2.51583e-07,31.48241692,Cortex-A53,4,4,25.0,1200.0,2,48.0,224.0859,0.88,Debian GNU/Linux 13 (trixie) aarch64,Linux,aarch64,3.10.20,0.7222222222222222,0.8214285714285715,0.7222222222222222,0.6989966555183946,0.8214285714285714,0.7222222222222222,0.6989966555183946
2026-07-06 01:36:50,c9160e6539125e06c66b22677b30e1ed0aad8c344173a6c30f97b14607f84244,c9160e65,ubuntu,quantum_circuit_qubit_sweep_codecarbon,59,1,1,True,RX_RY_RING_5Q,PennyLane,0.42.3,default.qubit,RX_RY_RING,5,4,61,18,10,60,20,CNOT_RING,90,0.15292377,0.538157,0.152924,0.690232,0.168393539,5.234123795396752e-07,0,9.803674457361925e-07,1.5037798252758675e-06,5.534024862994688e-07,0.36800765,3.2.8,5,1,6,35.6308,0.9022679,2.5063e-07,32.14854562,Cortex-A53,4,4,26.0,1200.0,1,48.0,224.0859,0.88,Debian GNU/Linux 13 (trixie) aarch64,Linux,aarch64,3.10.20,0.7222222222222222,0.8214285714285715,0.7222222222222222,0.6989966555183946,0.8214285714285714,0.7222222222222222,0.6989966555183946
2026-07-06 01:36:55,c9160e6539125e06c66b22677b30e1ed0aad8c344173a6c30f97b14607f84244,c9160e65,ubuntu,quantum_circuit_qubit_sweep_codecarbon,60,-1,1,False,RX_RY_RING_5Q,PennyLane,0.42.3,default.qubit,RX_RY_RING,5,4,61,18,10,60,20,CNOT_RING,90,0.1872931,0.546687,0.187293,0.688781,0.1713277379,5.247224862169888e-07,0,9.828343999106435e-07,1.5075568861276325e-06,5.547924736042178e-07,0.36800765,3.2.8,5,1,6,35.0206,0.90453413,2.51259e-07,31.67732708,Cortex-A53,4,4,24.6,1200.0,1,48.1,224.2383,0.88,Debian GNU/Linux 13 (trixie) aarch64,Linux,aarch64,3.10.20,0.7222222222222222,0.8214285714285715,0.7222222222222222,0.6989966555183946,0.8214285714285714,0.7222222222222222,0.6989966555183946
2026-07-06 01:37:01,c9160e6539125e06c66b22677b30e1ed0aad8c344173a6c30f97b14607f84244,c9160e65,ubuntu,quantum_circuit_qubit_sweep_codecarbon,61,-1,-1,True,RX_RY_RING_5Q,PennyLane,0.42.3,default.qubit,RX_RY_RING,5,4,61,18,10,60,20,CNOT_RING,90,-0.1023789,0.525572,0.102379,0.691839,0.168539319,5.235341938074646e-07,0,9.805390141749134e-07,1.504073207982378e-06,5.535104533811461e-07,0.36800765,3.2.8,5,1,6,35.6,0.90244392,2.50679e-07,32.12700504,Cortex-A53,4,4,25.8,1200.0,1,48.1,224.2383,0.88,Debian GNU/Linux 13 (trixie) aarch64,Linux,aarch64,3.10.20,0.7222222222222222,0.8214285714285715,0.7222222222222222,0.6989966555183946,0.8214285714285714,0.7222222222222222,0.6989966555183946
2026-07-06 01:37:06,c9160e6539125e06c66b22677b30e1ed0aad8c344173a6c30f97b14607f84244,c9160e65,ubuntu,quantum_circuit_qubit_sweep_codecarbon,62,-1,-1,True,RX_RY_RING_5Q,PennyLane,0.42.3,default.qubit,RX_RY_RING,5,4,61,18,10,60,20,CNOT_RING,90,-0.09481976,0.523687,0.09482,0.692025,0.1685904639,5.234909888563884e-07,0,9.805169216512392e-07,1.5040079105076275e-06,5.534864234106222e-07,0.36800765,3.2.8,5,1,6,35.5892,0.90240475,2.50668e-07,32.11586439,Cortex-A53,4,4,25.8,1200.0,2,48.1,224.2383,0.88,Debian GNU/Linux 13 (trixie) aarch64,Linux,aarch64,3.10.20,0.7222222222222222,0.8214285714285715,0.7222222222222222,0.6989966555183946,0.8214285714285714,0.7222222222222222,0.6989966555183946
2026-07-06 01:37:11,c9160e6539125e06c66b22677b30e1ed0aad8c344173a6c30f97b14607f84244,c9160e65,ubuntu,quantum_circuit_qubit_sweep_codecarbon,63,-1,1,False,RX_RY_RING_5Q,PennyLane,0.42.3,default.qubit,RX_RY_RING,5,4,61,18,10,60,20,CNOT_RING,90,0.04365358,0.510912,0.043654,0.692909,0.1751736512,5.264793484368259e-07,0,9.860572915446633e-07,1.5125366399814892e-06,5.566250611396824e-07,0.36800765,3.2.8,5,1,6,34.2517,0.90752198,2.52089e-07,31.08419484,Cortex-A53,4,4,25.6,1200.0,2,48.6,224.2383,0.88,Debian GNU/Linux 13 (trixie) aarch64,Linux,aarch64,3.10.20,0.7222222222222222,0.8214285714285715,0.7222222222222222,0.6989966555183946,0.8214285714285714,0.7222222222222222,0.6989966555183946
2026-07-06 01:37:17,c9160e6539125e06c66b22677b30e1ed0aad8c344173a6c30f97b14607f84244,c9160e65,ubuntu,quantum_circuit_qubit_sweep_codecarbon,64,1,1,True,RX_RY_RING_5Q,PennyLane,0.42.3,default.qubit,RX_RY_RING,5,4,61,18,10,60,20,CNOT_RING,90,0.24709373,0.561461,0.247094,0.685573,0.16868786,5.236010795666112e-07,0,9.807409192823494e-07,1.5043419988489606e-06,5.53609370477493e-07,0.36800765,3.2.8,5,1,6,35.5687,0.9026052,2.50724e-07,32.10445135,Cortex-A53,4,4,26.2,1200.0,1,48.5,224.2383,0.88,Debian GNU/Linux 13 (trixie) aarch64,Linux,aarch64,3.10.20,0.7222222222222222,0.8214285714285715,0.7222222222222222,0.6989966555183946,0.8214285714285714,0.7222222222222222,0.6989966555183946
2026-07-06 01:37:22,c9160e6539125e06c66b22677b30e1ed0aad8c344173a6c30f97b14607f84244,c9160e65,ubuntu,quantum_circuit_qubit_sweep_codecarbon,65,-1,1,False,RX_RY_RING_5Q,PennyLane,0.42.3,default.qubit,RX_RY_RING,5,4,61,18,10,60,20,CNOT_RING,90,0.08631696,0.521566,0.086317,0.692217,0.1686418701,5.23658751305287e-07,0,9.80843782502537e-07,1.504502533807824e-06,5.536684485711606e-07,0.36800765,3.2.8,5,1,6,35.5784,0.90270152,2.5075e-07,32.11663341,Cortex-A53,4,4,24.8,1200.0,1,48.3,224.2383,0.88,Debian GNU/Linux 13 (trixie) aarch64,Linux,aarch64,3.10.20,0.7222222222222222,0.8214285714285715,0.7222222222222222,0.6989966555183946,0.8214285714285714,0.7222222222222222,0.6989966555183946
2026-07-06 01:37:27,c9160e6539125e06c66b22677b30e1ed0aad8c344173a6c30f97b14607f84244,c9160e65,ubuntu,quantum_circuit_qubit_sweep_codecarbon,66,-1,1,False,RX_RY_RING_5Q,PennyLane,0.42.3,default.qubit,RX_RY_RING,5,4,61,18,10,60,20,CNOT_RING,90,0.02034389,0.505086,0.020344,0.693095,0.1721361179,5.251283604237769e-07,0,9.835624273788806e-07,1.5086907878026575e-06,5.552097581000135e-07,0.36800765,3.2.8,5,1,6,34.8561,0.90521447,2.51448e-07,31.5522791,Cortex-A53,4,4,25.4,1200.0,2,48.4,224.2383,0.88,Debian GNU/Linux 13 (trixie) aarch64,Linux,aarch64,3.10.20,0.7222222222222222,0.8214285714285715,0.7222222222222222,0.6989966555183946,0.8214285714285714,0.7222222222222222,0.6989966555183946
2026-07-06 01:37:33,c9160e6539125e06c66b22677b30e1ed0aad8c344173a6c30f97b14607f84244,c9160e65,ubuntu,quantum_circuit_qubit_sweep_codecarbon,67,1,1,True,RX_RY_RING_5Q,PennyLane,0.42.3,default.qubit,RX_RY_RING,5,4,61,18,10,60,20,CNOT_RING,90,0.26556197,0.566003,0.265562,0.684409,0.167912499,5.232400853807728e-07,0,9.800540725700555e-07,1.5032941579508283e-06,5.532237570063413e-07,0.36800765,3.2.8,5,1,6,35.7329,0.90197649,2.50549e-07,32.230233,Cortex-A53,4,4,25.2,1200.0,1,48.5,224.2383,0.88,Debian GNU/Linux 13 (trixie) aarch64,Linux,aarch64,3.10.20,0.7222222222222222,0.8214285714285715,0.7222222222222222,0.6989966555183946,0.8214285714285714,0.7222222222222222,0.6989966555183946
2026-07-06 01:37:38,c9160e6539125e06c66b22677b30e1ed0aad8c344173a6c30f97b14607f84244,c9160e65,ubuntu,quantum_circuit_qubit_sweep_codecarbon,68,-1,-1,True,RX_RY_RING_5Q,PennyLane,0.42.3,default.qubit,RX_RY_RING,5,4,61,18,10,60,20,CNOT_RING,90,-0.19416573,0.54839,0.194166,0.688457,0.1689655131,5.237161230502857e-07,0,9.808985541652267e-07,1.5046146772155124e-06,5.537097182035853e-07,0.36800765,3.2.8,5,1,6,35.5102,0.90276881,2.50769e-07,32.05750533,Cortex-A53,4,4,24.8,1200.0,1,48.5,224.2383,0.88,Debian GNU/Linux 13 (trixie) aarch64,Linux,aarch64,3.10.20,0.7222222222222222,0.8214285714285715,0.7222222222222222,0.6989966555183946,0.8214285714285714,0.7222222222222222,0.6989966555183946
2026-07-06 01:37:43,c9160e6539125e06c66b22677b30e1ed0aad8c344173a6c30f97b14607f84244,c9160e65,ubuntu,quantum_circuit_qubit_sweep_codecarbon,69,-1,-1,True,RX_RY_RING_5Q,PennyLane,0.42.3,default.qubit,RX_RY_RING,5,4,61,18,10,60,20,CNOT_RING,90,-0.17989396,0.544853,0.179894,0.689118,0.174626986,5.262553421780467e-07,0,9.856837207917126e-07,1.5119390629697592e-06,5.564051482252462e-07,0.36800765,3.2.8,5,1,6,34.359,0.90716344,2.5199e-07,31.16918382,Cortex-A53,4,4,25.4,1200.0,2,48.4,224.2383,0.88,Debian GNU/Linux 13 (trixie) aarch64,Linux,aarch64,3.10.20,0.7222222222222222,0.8214285714285715,0.7222222222222222,0.6989966555183946,0.8214285714285714,0.7222222222222222,0.6989966555183946
2026-07-06 01:37:49,c9160e6539125e06c66b22677b30e1ed0aad8c344173a6c30f97b14607f84244,c9160e65,ubuntu,quantum_circuit_qubit_sweep_codecarbon,70,-1,1,False,RX_RY_RING_5Q,PennyLane,0.42.3,default.qubit,RX_RY_RING,5,4,61,18,10,60,20,CNOT_RING,90,0.08887883,0.522205,0.088879,0.692161,0.1686960871,5.235881472475547e-07,0,9.80653718385535e-07,1.5042418656330896e-06,5.535725206875885e-07,0.36800765,3.2.8,5,1,6,35.5669,0.90254512,2.50707e-07,32.10074881,Cortex-A53,4,4,25.0,1200.0,1,48.5,224.2383,0.88,Debian GNU/Linux 13 (trixie) aarch64,Linux,aarch64,3.10.20,0.7222222222222222,0.8214285714285715,0.7222222222222222,0.6989966555183946,0.8214285714285714,0.7222222222222222,0.6989966555183946
2026-07-06 01:37:54,c9160e6539125e06c66b22677b30e1ed0aad8c344173a6c30f97b14607f84244,c9160e65,ubuntu,quantum_circuit_qubit_sweep_codecarbon,71,-1,-1,True,RX_RY_RING_5Q,PennyLane,0.42.3,default.qubit,RX_RY_RING,5,4,61,18,10,60,20,CNOT_RING,90,-0.11754436,0.529352,0.117544,0.691423,0.1695733741,5.240303323500687e-07,0,9.814691198213646e-07,1.5054994521714333e-06,5.540353221598242e-07,0.36800765,3.2.8,5,1,6,35.3829,0.90329967,2.50917e-07,31.96137399,Cortex-A53,4,4,25.6,1200.0,1,54.4,224.2383,0.88,Debian GNU/Linux 13 (trixie) aarch64,Linux,aarch64,3.10.20,0.7222222222222222,0.8214285714285715,0.7222222222222222,0.6989966555183946,0.8214285714285714,0.7222222222222222,0.6989966555183946
2026-07-06 01:38:02,c9160e6539125e06c66b22677b30e1ed0aad8c344173a6c30f97b14607f84244,c9160e65,ubuntu,quantum_circuit_qubit_sweep_codecarbon,0,-1,1,False,HARDWARE_EFFICIENT_CZ_1Q,PennyLane,0.42.3,default.qubit,HARDWARE_EFFICIENT_CZ,1,4,13,14,2,12,0,CZ_LINEAR,14,0.11765186,0.529379,0.117652,0.69142,0.0325003089,4.6309123829835e-07,0,8.671988568191106e-07,1.3302900951174606e-06,4.8955693763381e-07,0.36800765,3.2.8,1,1,2,61.5379,2.39452217,6.65145e-07,147.35380982,Cortex-A53,4,4,25.5,700.0,3,47.9,224.2773,0.88,Debian GNU/Linux 13 (trixie) aarch64,Linux,aarch64,3.10.20,0.6805555555555556,0.7184873949579832,0.6805555555555556,0.6660617059891106,0.7184873949579832,0.6805555555555556,0.6660617059891107
2026-07-06 01:38:08,c9160e6539125e06c66b22677b30e1ed0aad8c344173a6c30f97b14607f84244,c9160e65,ubuntu,quantum_circuit_qubit_sweep_codecarbon,1,1,1,True,HARDWARE_EFFICIENT_CZ_1Q,PennyLane,0.42.3,default.qubit,HARDWARE_EFFICIENT_CZ,1,4,13,14,2,12,0,CZ_LINEAR,14,0.08402845,0.520995,0.084028,0.692265,0.0301380851,4.619704459451207e-07,0,8.651359792565928e-07,1.3271064252017136e-06,4.88385322735593e-07,0.36800765,3.2.8,1,1,2,66.3612,2.38879157,6.63553e-07,158.52311486,Cortex-A53,4,4,26.0,1200.0,1,47.8,224.2773,0.88,Debian GNU/Linux 13 (trixie) aarch64,Linux,aarch64,3.10.20,0.6805555555555556,0.7184873949579832,0.6805555555555556,0.6660617059891106,0.7184873949579832,0.6805555555555556,0.6660617059891107
2026-07-06 01:38:13,c9160e6539125e06c66b22677b30e1ed0aad8c344173a6c30f97b14607f84244,c9160e65,ubuntu,quantum_circuit_qubit_sweep_codecarbon,2,1,1,True,HARDWARE_EFFICIENT_CZ_1Q,PennyLane,0.42.3,default.qubit,HARDWARE_EFFICIENT_CZ,1,4,13,14,2,12,0,CZ_LINEAR,14,0.30869368,0.576566,0.308694,0.681376,0.0302895939,4.62075699484301e-07,0,8.653909251249086e-07,1.3274666246092097e-06,4.885178788746777e-07,0.36800765,3.2.8,1,1,2,66.0293,2.38943992,6.63733e-07,157.77299201,Cortex-A53,4,4,24.8,1200.0,2,47.9,224.2773,0.88,Debian GNU/Linux 13 (trixie) aarch64,Linux,aarch64,3.10.20,0.6805555555555556,0.7184873949579832,0.6805555555555556,0.6660617059891106,0.7184873949579832,0.6805555555555556,0.6660617059891107
2026-07-06 01:38:18,c9160e6539125e06c66b22677b30e1ed0aad8c344173a6c30f97b14607f84244,c9160e65,ubuntu,quantum_circuit_qubit_sweep_codecarbon,3,1,1,True,HARDWARE_EFFICIENT_CZ_1Q,PennyLane,0.42.3,default.qubit,HARDWARE_EFFICIENT_CZ,1,4,13,14,2,12,0,CZ_LINEAR,14,0.12875365,0.532144,0.128754,0.691079,0.0300758451,4.61989611343504e-07,0,8.652005175827071e-07,1.327190128926211e-06,4.884161263469136e-07,0.36800765,3.2.8,1,1,2,66.4985,2.38894223,6.63595e-07,158.86118751,Cortex-A53,4,4,25.5,1200.0,1,47.9,224.2773,0.88,Debian GNU/Linux 13 (trixie) aarch64,Linux,aarch64,3.10.20,0.6805555555555556,0.7184873949579832,0.6805555555555556,0.6660617059891106,0.7184873949579832,0.6805555555555556,0.6660617059891107
2026-07-06 01:38:23,c9160e6539125e06c66b22677b30e1ed0aad8c344173a6c30f97b14607f84244,c9160e65,ubuntu,quantum_circuit_qubit_sweep_codecarbon,4,-1,1,False,HARDWARE_EFFICIENT_CZ_1Q,PennyLane,0.42.3,default.qubit,HARDWARE_EFFICIENT_CZ,1,4,13,14,2,12,0,CZ_LINEAR,14,0.01970265,0.504926,0.019703,0.693099,0.0302977709,4.621168096611978e-07,0,8.654003858100623e-07,1.32751719547126e-06,4.885364893390041e-07,0.36800765,3.2.8,1,1,2,66.0115,2.38953095,6.63759e-07,157.73641979,Cortex-A53,4,4,25.0,1200.0,1,47.9,224.2773,0.88,Debian GNU/Linux 13 (trixie) aarch64,Linux,aarch64,3.10.20,0.6805555555555556,0.7184873949579832,0.6805555555555556,0.6660617059891106,0.7184873949579832,0.6805555555555556,0.6660617059891107
2026-07-06 01:38:28,c9160e6539125e06c66b22677b30e1ed0aad8c344173a6c30f97b14607f84244,c9160e65,ubuntu,quantum_circuit_qubit_sweep_codecarbon,5,1,1,True,HARDWARE_EFFICIENT_CZ_1Q,PennyLane,0.42.3,default.qubit,HARDWARE_EFFICIENT_CZ,1,4,13,14,2,12,0,CZ_LINEAR,14,0.31151414,0.577255,0.311514,0.681163,0.0301760531,4.619897160058221e-07,0,8.652312450188522e-07,1.3272209610246744e-06,4.884274727951507e-07,0.36800765,3.2.8,1,1,2,66.2777,2.38899773,6.6361e-07,158.337323,Cortex-A53,4,4,25.2,1200.0,1,48.0,224.2773,0.88,Debian GNU/Linux 13 (trixie) aarch64,Linux,aarch64,3.10.20,0.6805555555555556,0.7184873949579832,0.6805555555555556,0.6660617059891106,0.7184873949579832,0.6805555555555556,0.6660617059891107
2026-07-06 01:38:34,c9160e6539125e06c66b22677b30e1ed0aad8c344173a6c30f97b14607f84244,c9160e65,ubuntu,quantum_circuit_qubit_sweep_codecarbon,6,1,1,True,HARDWARE_EFFICIENT_CZ_1Q,PennyLane,0.42.3,default.qubit,HARDWARE_EFFICIENT_CZ,1,4,13,14,2,12,0,CZ_LINEAR,14,0.08685087,0.521699,0.086851,0.692205,0.030167042,4.619571570953143e-07,0,8.651716958653803e-07,1.3271288529606946e-06,4.883935763225701e-07,0.36800765,3.2.8,1,1,2,66.2975,2.38883194,6.63564e-07,158.3736272,Cortex-A53,4,4,25.3,1200.0,2,48.0,224.2773,0.88,Debian GNU/Linux 13 (trixie) aarch64,Linux,aarch64,3.10.20,0.6805555555555556,0.7184873949579832,0.6805555555555556,0.6660617059891106,0.7184873949579832,0.6805555555555556,0.6660617059891107
2026-07-06 01:38:39,c9160e6539125e06c66b22677b30e1ed0aad8c344173a6c30f97b14607f84244,c9160e65,ubuntu,quantum_circuit_qubit_sweep_codecarbon,7,1,1,True,HARDWARE_EFFICIENT_CZ_1Q,PennyLane,0.42.3,default.qubit,HARDWARE_EFFICIENT_CZ,1,4,13,14,2,12,0,CZ_LINEAR,14,0.14737512,0.536777,0.147375,0.69044,0.0304104781,4.620918360634087e-07,0,8.654170058434829e-07,1.3275088419068917e-06,4.885334151633745e-07,0.36800765,3.2.8,1,1,2,65.7668,2.38951592,6.63754e-07,157.15082845,Cortex-A53,4,4,24.5,1200.0,1,48.0,224.2773,0.88,Debian GNU/Linux 13 (trixie) aarch64,Linux,aarch64,3.10.20,0.6805555555555556,0.7184873949579832,0.6805555555555556,0.6660617059891106,0.7184873949579832,0.6805555555555556,0.6660617059891107
2026-07-06 01:38:44,c9160e6539125e06c66b22677b30e1ed0aad8c344173a6c30f97b14607f84244,c9160e65,ubuntu,quantum_circuit_qubit_sweep_codecarbon,8,1,-1,False,HARDWARE_EFFICIENT_CZ_1Q,PennyLane,0.42.3,default.qubit,HARDWARE_EFFICIENT_CZ,1,4,13,14,2,12,0,CZ_LINEAR,14,-0.06931484,0.517322,0.069315,0.692547,0.0300030331,4.619827937955658e-07,0,8.651810700151449e-07,1.3271638638107106e-06,4.884064605833646e-07,0.36800765,3.2.8,1,1,2,66.6599,2.38889495,6.63582e-07,159.24356353,Cortex-A53,4,4,25.9,1200.0,1,48.0,224.2773,0.88,Debian GNU/Linux 13 (trixie) aarch64,Linux,aarch64,3.10.20,0.6805555555555556,0.7184873949579832,0.6805555555555556,0.6660617059891106,0.7184873949579832,0.6805555555555556,0.6660617059891107
2026-07-06 01:38:49,c9160e6539125e06c66b22677b30e1ed0aad8c344173a6c30f97b14607f84244,c9160e65,ubuntu,quantum_circuit_qubit_sweep_codecarbon,9,-1,-1,True,HARDWARE_EFFICIENT_CZ_1Q,PennyLane,0.42.3,default.qubit,HARDWARE_EFFICIENT_CZ,1,4,13,14,2,12,0,CZ_LINEAR,14,-0.28326026,0.570345,0.28326,0.683217,0.0301503239,4.6206183582367494e-07,0,8.653298957506194e-07,1.3273917315742944e-06,4.884903176645644e-07,0.36800765,3.2.8,1,1,2,66.3343,2.38930512,6.63696e-07,158.49283257,Cortex-A53,4,4,25.3,1200.0,1,48.0,224.2773,0.88,Debian GNU/Linux 13 (trixie) aarch64,Linux,aarch64,3.10.20,0.6805555555555556,0.7184873949579832,0.6805555555555556,0.6660617059891106,0.7184873949579832,0.6805555555555556,0.6660617059891107
2026-07-06 01:38:55,c9160e6539125e06c66b22677b30e1ed0aad8c344173a6c30f97b14607f84244,c9160e65,ubuntu,quantum_circuit_qubit_sweep_codecarbon,10,1,1,True,HARDWARE_EFFICIENT_CZ_1Q,PennyLane,0.42.3,default.qubit,HARDWARE_EFFICIENT_CZ,1,4,13,14,2,12,0,CZ_LINEAR,14,0.55361334,0.634974,0.553613,0.656256,0.049106451,4.713142111639561e-07,0,8.821890734058494e-07,1.3535032845698055e-06,4.980995690363237e-07,0.36800765,3.2.8,1,1,2,40.7278,2.43630591,6.76752e-07,99.22549333,Cortex-A53,4,4,24.8,1200.0,2,48.0,224.2891,0.88,Debian GNU/Linux 13 (trixie) aarch64,Linux,aarch64,3.10.20,0.6805555555555556,0.7184873949579832,0.6805555555555556,0.6660617059891106,0.7184873949579832,0.6805555555555556,0.6660617059891107
2026-07-06 01:39:00,c9160e6539125e06c66b22677b30e1ed0aad8c344173a6c30f97b14607f84244,c9160e65,ubuntu,quantum_circuit_qubit_sweep_codecarbon,11,1,1,True,HARDWARE_EFFICIENT_CZ_1Q,PennyLane,0.42.3,default.qubit,HARDWARE_EFFICIENT_CZ,1,4,13,14,2,12,0,CZ_LINEAR,14,0.11402866,0.528476,0.114029,0.691525,0.048924888,4.71023847559025e-07,0,8.816675482861077e-07,1.3526913958451326e-06,4.978007877710876e-07,0.36800765,3.2.8,1,1,2,40.879,2.43484451,6.76346e-07,99.53398408,Cortex-A53,4,4,25.2,1200.0,2,48.1,224.2891,0.88,Debian GNU/Linux 13 (trixie) aarch64,Linux,aarch64,3.10.20,0.6805555555555556,0.7184873949579832,0.6805555555555556,0.6660617059891106,0.7184873949579832,0.6805555555555556,0.6660617059891107
2026-07-06 01:39:05,c9160e6539125e06c66b22677b30e1ed0aad8c344173a6c30f97b14607f84244,c9160e65,ubuntu,quantum_circuit_qubit_sweep_codecarbon,12,-1,-1,True,HARDWARE_EFFICIENT_CZ_1Q,PennyLane,0.42.3,default.qubit,HARDWARE_EFFICIENT_CZ,1,4,13,14,2,12,0,CZ_LINEAR,14,-0.05100797,0.512749,0.051008,0.692822,0.0328092128,4.632007357296136e-07,0,8.674571808660403e-07,1.3306579165956535e-06,4.896922987532539e-07,0.36800765,3.2.8,1,1,2,60.9585,2.39518425,6.65329e-07,146.00680999,Cortex-A53,4,4,27.7,1200.0,2,48.2,224.2891,0.88,Debian GNU/Linux 13 (trixie) aarch64,Linux,aarch64,3.10.20,0.6805555555555556,0.7184873949579832,0.6805555555555556,0.6660617059891106,0.7184873949579832,0.6805555555555556,0.6660617059891107
2026-07-06 01:39:11,c9160e6539125e06c66b22677b30e1ed0aad8c344173a6c30f97b14607f84244,c9160e65,ubuntu,quantum_circuit_qubit_sweep_codecarbon,13,1,1,True,HARDWARE_EFFICIENT_CZ_1Q,PennyLane,0.42.3,default.qubit,HARDWARE_EFFICIENT_CZ,1,4,13,14,2,12,0,CZ_LINEAR,14,0.15989012,0.539888,0.15989,0.689962,0.0300804288,4.619142275510563e-07,0,8.650817609547328e-07,1.326995988505789e-06,4.883446811861614e-07,0.36800765,3.2.8,1,1,2,66.4884,2.38859278,6.63498e-07,158.81374526,Cortex-A53,4,4,26.2,1200.0,1,48.2,224.2891,0.88,Debian GNU/Linux 13 (trixie) aarch64,Linux,aarch64,3.10.20,0.6805555555555556,0.7184873949579832,0.6805555555555556,0.6660617059891106,0.7184873949579832,0.6805555555555556,0.6660617059891107
2026-07-06 01:39:16,c9160e6539125e06c66b22677b30e1ed0aad8c344173a6c30f97b14607f84244,c9160e65,ubuntu,quantum_circuit_qubit_sweep_codecarbon,14,1,1,True,HARDWARE_EFFICIENT_CZ_1Q,PennyLane,0.42.3,default.qubit,HARDWARE_EFFICIENT_CZ,1,4,13,14,2,12,0,CZ_LINEAR,14,0.24287334,0.560422,0.242873,0.685828,0.0303781349,4.620931950194293e-07,0,8.654098400923734e-07,1.3275030351118027e-06,4.885312782183341e-07,0.36800765,3.2.8,1,1,2,65.8368,2.38950546,6.63752e-07,157.31745674,Cortex-A53,4,4,25.7,1200.0,1,48.3,224.2891,0.88,Debian GNU/Linux 13 (trixie) aarch64,Linux,aarch64,3.10.20,0.6805555555555556,0.7184873949579832,0.6805555555555556,0.6660617059891106,0.7184873949579832,0.6805555555555556,0.6660617059891107
2026-07-06 01:39:21,c9160e6539125e06c66b22677b30e1ed0aad8c344173a6c30f97b14607f84244,c9160e65,ubuntu,quantum_circuit_qubit_sweep_codecarbon,15,-1,1,False,HARDWARE_EFFICIENT_CZ_1Q,PennyLane,0.42.3,default.qubit,HARDWARE_EFFICIENT_CZ,1,4,13,14,2,12,0,CZ_LINEAR,14,0.1762185,0.543941,0.176218,0.689281,0.0303054268,4.621158924160733e-07,0,8.654597091178099e-07,1.327575601533883e-06,4.885579832171152e-07,0.36800765,3.2.8,1,1,2,65.9948,2.38963608,6.63788e-07,157.70350957,Cortex-A53,4,4,25.0,1200.0,2,48.3,224.2891,0.88,Debian GNU/Linux 13 (trixie) aarch64,Linux,aarch64,3.10.20,0.6805555555555556,0.7184873949579832,0.6805555555555556,0.6660617059891106,0.7184873949579832,0.6805555555555556,0.6660617059891107
2026-07-06 01:39:26,c9160e6539125e06c66b22677b30e1ed0aad8c344173a6c30f97b14607f84244,c9160e65,ubuntu,quantum_circuit_qubit_sweep_codecarbon,16,1,1,True,HARDWARE_EFFICIENT_CZ_1Q,PennyLane,0.42.3,default.qubit,HARDWARE_EFFICIENT_CZ,1,4,13,14,2,12,0,CZ_LINEAR,14,0.00145633,0.500364,0.001456,0.693147,0.0300723549,4.619811937833826e-07,0,8.651612299339224e-07,1.327142423717305e-06,4.883985704648794e-07,0.36800765,3.2.8,1,1,2,66.5063,2.38885636,6.63571e-07,158.87391374,Cortex-A53,4,4,25.7,1200.0,1,48.3,224.2891,0.88,Debian GNU/Linux 13 (trixie) aarch64,Linux,aarch64,3.10.20,0.6805555555555556,0.7184873949579832,0.6805555555555556,0.6660617059891106,0.7184873949579832,0.6805555555555556,0.6660617059891107
2026-07-06 01:39:31,c9160e6539125e06c66b22677b30e1ed0aad8c344173a6c30f97b14607f84244,c9160e65,ubuntu,quantum_circuit_qubit_sweep_codecarbon,17,1,1,True,HARDWARE_EFFICIENT_CZ_1Q,PennyLane,0.42.3,default.qubit,HARDWARE_EFFICIENT_CZ,1,4,13,14,2,12,0,CZ_LINEAR,14,0.07638105,0.519086,0.076381,0.692418,0.0306147998,4.622230368979834e-07,0,8.656512000986064e-07,1.32787423699659e-06,4.886678833532797e-07,0.36800765,3.2.8,1,1,2,65.3279,2.39017363,6.63937e-07,156.14497829,Cortex-A53,4,4,25.2,1200.0,1,48.2,224.2891,0.88,Debian GNU/Linux 13 (trixie) aarch64,Linux,aarch64,3.10.20,0.6805555555555556,0.7184873949579832,0.6805555555555556,0.6660617059891106,0.7184873949579832,0.6805555555555556,0.6660617059891107
2026-07-06 01:39:37,c9160e6539125e06c66b22677b30e1ed0aad8c344173a6c30f97b14607f84244,c9160e65,ubuntu,quantum_circuit_qubit_sweep_codecarbon,18,-1,-1,True,HARDWARE_EFFICIENT_CZ_1Q,PennyLane,0.42.3,default.qubit,HARDWARE_EFFICIENT_CZ,1,4,13,14,2,12,0,CZ_LINEAR,14,-0.24834491,0.561769,0.248345,0.685497,0.0301735529,4.620869433543937e-07,0,8.654237691856301e-07,1.3275107125400236e-06,4.885341035706858e-07,0.36800765,3.2.8,1,1,2,66.2832,2.38951928,6.63755e-07,158.38501278,Cortex-A53,4,4,25.2,1200.0,1,48.3,224.2891,0.88,Debian GNU/Linux 13 (trixie) aarch64,Linux,aarch64,3.10.20,0.6805555555555556,0.7184873949579832,0.6805555555555556,0.6660617059891106,0.7184873949579832,0.6805555555555556,0.6660617059891107
2026-07-06 01:39:42,c9160e6539125e06c66b22677b30e1ed0aad8c344173a6c30f97b14607f84244,c9160e65,ubuntu,quantum_circuit_qubit_sweep_codecarbon,19,1,1,True,HARDWARE_EFFICIENT_CZ_1Q,PennyLane,0.42.3,default.qubit,HARDWARE_EFFICIENT_CZ,1,4,13,14,2,12,0,CZ_LINEAR,14,0.29284939,0.572694,0.292849,0.682541,0.030094387,4.618847115586202e-07,0,8.650333632249386e-07,1.3269180747835587e-06,4.883160083399945e-07,0.36800765,3.2.8,1,1,2,66.4576,2.38845253,6.63459e-07,158.7307649,Cortex-A53,4,4,26.2,1200.0,2,48.3,224.2891,0.88,Debian GNU/Linux 13 (trixie) aarch64,Linux,aarch64,3.10.20,0.6805555555555556,0.7184873949579832,0.6805555555555556,0.6660617059891106,0.7184873949579832,0.6805555555555556,0.6660617059891107
2026-07-06 01:39:47,c9160e6539125e06c66b22677b30e1ed0aad8c344173a6c30f97b14607f84244,c9160e65,ubuntu,quantum_circuit_qubit_sweep_codecarbon,20,-1,-1,True,HARDWARE_EFFICIENT_CZ_1Q,PennyLane,0.42.3,default.qubit,HARDWARE_EFFICIENT_CZ,1,4,13,14,2,12,0,CZ_LINEAR,14,-0.25738503,0.563993,0.257385,0.684934,0.0501302448,4.716427492805654e-07,0,8.827844617189839e-07,1.3544272109995492e-06,4.984395810346122e-07,0.36800765,3.2.8,1,1,2,39.8961,2.43796898,6.77214e-07,97.26539294,Cortex-A53,4,4,25.7,1200.0,1,48.5,224.3047,0.88,Debian GNU/Linux 13 (trixie) aarch64,Linux,aarch64,3.10.20,0.6805555555555556,0.7184873949579832,0.6805555555555556,0.6660617059891106,0.7184873949579832,0.6805555555555556,0.6660617059891107
2026-07-06 01:39:53,c9160e6539125e06c66b22677b30e1ed0aad8c344173a6c30f97b14607f84244,c9160e65,ubuntu,quantum_circuit_qubit_sweep_codecarbon,21,1,1,True,HARDWARE_EFFICIENT_CZ_1Q,PennyLane,0.42.3,default.qubit,HARDWARE_EFFICIENT_CZ,1,4,13,14,2,12,0,CZ_LINEAR,14,0.22283293,0.555479,0.222833,0.686979,0.056111821,4.744486795324418e-07,0,8.878494024975225e-07,1.3622980820299643e-06,5.013361218209438e-07,0.36800765,3.2.8,1,1,2,35.6431,2.45213655,6.81149e-07,87.40178113,Cortex-A53,4,4,25.8,1200.0,1,48.4,224.3047,0.88,Debian GNU/Linux 13 (trixie) aarch64,Linux,aarch64,3.10.20,0.6805555555555556,0.7184873949579832,0.6805555555555556,0.6660617059891106,0.7184873949579832,0.6805555555555556,0.6660617059891107
2026-07-06 01:39:58,c9160e6539125e06c66b22677b30e1ed0aad8c344173a6c30f97b14607f84244,c9160e65,ubuntu,quantum_circuit_qubit_sweep_codecarbon,22,1,1,True,HARDWARE_EFFICIENT_CZ_1Q,PennyLane,0.42.3,default.qubit,HARDWARE_EFFICIENT_CZ,1,4,13,14,2,12,0,CZ_LINEAR,14,0.0806885,0.520161,0.080688,0.692334,0.048829108,4.710509908581291e-07,0,8.817253533440333e-07,1.3527763442021624e-06,4.97832049416707e-07,0.36800765,3.2.8,1,1,2,40.9592,2.43499742,6.76388e-07,99.73548642,Cortex-A53,4,4,25.2,1200.0,2,48.4,224.3047,0.88,Debian GNU/Linux 13 (trixie) aarch64,Linux,aarch64,3.10.20,0.6805555555555556,0.7184873949579832,0.6805555555555556,0.6660617059891106,0.7184873949579832,0.6805555555555556,0.6660617059891107
2026-07-06 01:40:03,c9160e6539125e06c66b22677b30e1ed0aad8c344173a6c30f97b14607f84244,c9160e65,ubuntu,quantum_circuit_qubit_sweep_codecarbon,23,-1,1,False,HARDWARE_EFFICIENT_CZ_1Q,PennyLane,0.42.3,default.qubit,HARDWARE_EFFICIENT_CZ,1,4,13,14,2,12,0,CZ_LINEAR,14,0.16026634,0.539981,0.160266,0.689947,0.0313795349,4.625230043894792e-07,0,8.662304450990632e-07,1.3287534494885422e-06,4.889914402802006e-07,0.36800765,3.2.8,1,1,2,63.7358,2.39175621,6.64377e-07,152.44051383,Cortex-A53,4,4,25.3,1200.0,2,48.4,224.3047,0.88,Debian GNU/Linux 13 (trixie) aarch64,Linux,aarch64,3.10.20,0.6805555555555556,0.7184873949579832,0.6805555555555556,0.6660617059891106,0.7184873949579832,0.6805555555555556,0.6660617059891107
2026-07-06 01:40:08,c9160e6539125e06c66b22677b30e1ed0aad8c344173a6c30f97b14607f84244,c9160e65,ubuntu,quantum_circuit_qubit_sweep_codecarbon,24,1,1,True,HARDWARE_EFFICIENT_CZ_1Q,PennyLane,0.42.3,default.qubit,HARDWARE_EFFICIENT_CZ,1,4,13,14,2,12,0,CZ_LINEAR,14,0.00621135,0.501553,0.006211,0.693142,0.0302739691,4.621057144924434e-07,0,8.654514998973658e-07,1.3275572143898092e-06,4.885512166073527e-07,0.36800765,3.2.8,1,1,2,66.0634,2.38960299,6.63779e-07,157.86519315,Cortex-A53,4,4,24.8,1200.0,1,48.5,224.3047,0.88,Debian GNU/Linux 13 (trixie) aarch64,Linux,aarch64,3.10.20,0.6805555555555556,0.7184873949579832,0.6805555555555556,0.6660617059891106,0.7184873949579832,0.6805555555555556,0.6660617059891107
2026-07-06 01:40:13,c9160e6539125e06c66b22677b30e1ed0aad8c344173a6c30f97b14607f84244,c9160e65,ubuntu,quantum_circuit_qubit_sweep_codecarbon,25,1,-1,False,HARDWARE_EFFICIENT_CZ_1Q,PennyLane,0.42.3,default.qubit,HARDWARE_EFFICIENT_CZ,1,4,13,14,2,12,0,CZ_LINEAR,14,-0.05410533,0.513523,0.054105,0.692781,0.0303707388,4.620861435929935e-07,0,8.654024550924077e-07,1.3274885986854012e-06,4.885259655029156e-07,0.36800765,3.2.8,1,1,2,65.8529,2.38947948,6.63744e-07,157.35405658,Cortex-A53,4,4,24.8,1200.0,3,48.5,224.3047,0.88,Debian GNU/Linux 13 (trixie) aarch64,Linux,aarch64,3.10.20,0.6805555555555556,0.7184873949579832,0.6805555555555556,0.6660617059891106,0.7184873949579832,0.6805555555555556,0.6660617059891107
2026-07-06 01:40:19,c9160e6539125e06c66b22677b30e1ed0aad8c344173a6c30f97b14607f84244,c9160e65,ubuntu,quantum_circuit_qubit_sweep_codecarbon,26,1,1,True,HARDWARE_EFFICIENT_CZ_1Q,PennyLane,0.42.3,default.qubit,HARDWARE_EFFICIENT_CZ,1,4,13,14,2,12,0,CZ_LINEAR,14,0.16436532,0.540999,0.164365,0.689782,0.030312666,4.621168608880706e-07,0,8.654091383020083e-07,1.3275259991900788e-06,4.885397291749169e-07,0.36800765,3.2.8,1,1,2,65.979,2.3895468,6.63763e-07,157.65995646,Cortex-A53,4,4,25.2,1200.0,1,48.5,224.3047,0.88,Debian GNU/Linux 13 (trixie) aarch64,Linux,aarch64,3.10.20,0.6805555555555556,0.7184873949579832,0.6805555555555556,0.6660617059891106,0.7184873949579832,0.6805555555555556,0.6660617059891107
2026-07-06 01:40:24,c9160e6539125e06c66b22677b30e1ed0aad8c344173a6c30f97b14607f84244,c9160e65,ubuntu,quantum_circuit_qubit_sweep_codecarbon,27,-1,-1,True,HARDWARE_EFFICIENT_CZ_1Q,PennyLane,0.42.3,default.qubit,HARDWARE_EFFICIENT_CZ,1,4,13,14,2,12,0,CZ_LINEAR,14,-0.26840184,0.566701,0.268402,0.684223,0.0311907339,4.625004882545028e-07,0,8.661728049628437e-07,1.3286732932173466e-06,4.88961942158849e-07,0.36800765,3.2.8,1,1,2,64.1216,2.39161193,6.64337e-07,153.35400162,Cortex-A53,4,4,25.0,1200.0,2,48.4,224.3047,0.88,Debian GNU/Linux 13 (trixie) aarch64,Linux,aarch64,3.10.20,0.6805555555555556,0.7184873949579832,0.6805555555555556,0.6660617059891106,0.7184873949579832,0.6805555555555556,0.6660617059891107
2026-07-06 01:40:29,c9160e6539125e06c66b22677b30e1ed0aad8c344173a6c30f97b14607f84244,c9160e65,ubuntu,quantum_circuit_qubit_sweep_codecarbon,28,-1,-1,True,HARDWARE_EFFICIENT_CZ_1Q,PennyLane,0.42.3,default.qubit,HARDWARE_EFFICIENT_CZ,1,4,13,14,2,12,0,CZ_LINEAR,14,-0.02632053,0.50658,0.026321,0.693061,0.0302812608,4.62051801616671e-07,0,8.653462466706211e-07,1.327398048287292e-06,4.884926422632984e-07,0.36800765,3.2.8,1,1,2,66.0474,2.38931649,6.63699e-07,157.80825636,Cortex-A53,4,4,24.0,1200.0,2,48.6,224.3047,0.88,Debian GNU/Linux 13 (trixie) aarch64,Linux,aarch64,3.10.20,0.6805555555555556,0.7184873949579832,0.6805555555555556,0.6660617059891106,0.7184873949579832,0.6805555555555556,0.6660617059891107
2026-07-06 01:40:34,c9160e6539125e06c66b22677b30e1ed0aad8c344173a6c30f97b14607f84244,c9160e65,ubuntu,quantum_circuit_qubit_sweep_codecarbon,29,1,1,True,HARDWARE_EFFICIENT_CZ_1Q,PennyLane,0.42.3,default.qubit,HARDWARE_EFFICIENT_CZ,1,4,13,14,2,12,0,CZ_LINEAR,14,0.33116716,0.582043,0.331167,0.679624,0.032161769,4.629148177595602e-07,0,8.668777466906857e-07,1.329792564450246e-06,4.893738425399545e-07,0.36800765,3.2.8,1,1,2,62.1856,2.39362662,6.64896e-07,148.84918903,Cortex-A53,4,4,24.1,1200.0,1,48.4,224.3047,0.88,Debian GNU/Linux 13 (trixie) aarch64,Linux,aarch64,3.10.20,0.6805555555555556,0.7184873949579832,0.6805555555555556,0.6660617059891106,0.7184873949579832,0.6805555555555556,0.6660617059891107
2026-07-06 01:40:40,c9160e6539125e06c66b22677b30e1ed0aad8c344173a6c30f97b14607f84244,c9160e65,ubuntu,quantum_circuit_qubit_sweep_codecarbon,30,-1,1,False,HARDWARE_EFFICIENT_CZ_1Q,PennyLane,0.42.3,default.qubit,HARDWARE_EFFICIENT_CZ,1,4,13,14,2,12,0,CZ_LINEAR,14,0.00533074,0.501333,0.005331,0.693144,0.0491588449,4.712420981549948e-07,0,8.820275601465255e-07,1.3532696583015203e-06,4.980135927813157e-07,0.36800765,3.2.8,1,1,2,40.6844,2.43588538,6.76635e-07,99.10262911,Cortex-A53,4,4,25.6,1200.0,1,48.4,224.3125,0.88,Debian GNU/Linux 13 (trixie) aarch64,Linux,aarch64,3.10.20,0.6805555555555556,0.7184873949579832,0.6805555555555556,0.6660617059891106,0.7184873949579832,0.6805555555555556,0.6660617059891107
2026-07-06 01:40:45,c9160e6539125e06c66b22677b30e1ed0aad8c344173a6c30f97b14607f84244,c9160e65,ubuntu,quantum_circuit_qubit_sweep_codecarbon,31,-1,1,False,HARDWARE_EFFICIENT_CZ_1Q,PennyLane,0.42.3,default.qubit,HARDWARE_EFFICIENT_CZ,1,4,13,14,2,12,0,CZ_LINEAR,14,0.02652627,0.506631,0.026526,0.693059,0.0567394199,4.749248543133338e-07,0,8.887470034339155e-07,1.3636718577472491e-06,5.018416818003935e-07,0.36800765,3.2.8,1,1,2,35.2489,2.45460934,6.81836e-07,86.52218676,Cortex-A53,4,4,25.9,1200.0,1,48.3,224.3125,0.88,Debian GNU/Linux 13 (trixie) aarch64,Linux,aarch64,3.10.20,0.6805555555555556,0.7184873949579832,0.6805555555555556,0.6660617059891106,0.7184873949579832,0.6805555555555556,0.6660617059891107
2026-07-06 01:40:50,c9160e6539125e06c66b22677b30e1ed0aad8c344173a6c30f97b14607f84244,c9160e65,ubuntu,quantum_circuit_qubit_sweep_codecarbon,32,-1,1,False,HARDWARE_EFFICIENT_CZ_1Q,PennyLane,0.42.3,default.qubit,HARDWARE_EFFICIENT_CZ,1,4,13,14,2,12,0,CZ_LINEAR,14,0.01875676,0.504689,0.018757,0.693103,0.059101749,4.761717237482869e-07,0,8.910357459293058e-07,1.3672074696775926e-06,5.031428140539022e-07,0.36800765,3.2.8,1,1,2,33.8399,2.46097345,6.83604e-07,83.27920875,Cortex-A53,4,4,24.8,1200.0,1,48.3,224.3125,0.88,Debian GNU/Linux 13 (trixie) aarch64,Linux,aarch64,3.10.20,0.6805555555555556,0.7184873949579832,0.6805555555555556,0.6660617059891106,0.7184873949579832,0.6805555555555556,0.6660617059891107
2026-07-06 01:40:56,c9160e6539125e06c66b22677b30e1ed0aad8c344173a6c30f97b14607f84244,c9160e65,ubuntu,quantum_circuit_qubit_sweep_codecarbon,33,-1,-1,True,HARDWARE_EFFICIENT_CZ_1Q,PennyLane,0.42.3,default.qubit,HARDWARE_EFFICIENT_CZ,1,4,13,14,2,12,0,CZ_LINEAR,14,-0.16147459,0.540281,0.161475,0.689899,0.0563823909,4.7472566490372027e-07,0,8.883494357966508e-07,1.3630751007003711e-06,5.016220706392992e-07,0.36800765,3.2.8,1,1,2,35.4721,2.45353518,6.81538e-07,87.03196661,Cortex-A53,4,4,25.6,1200.0,1,48.3,224.3125,0.88,Debian GNU/Linux 13 (trixie) aarch64,Linux,aarch64,3.10.20,0.6805555555555556,0.7184873949579832,0.6805555555555556,0.6660617059891106,0.7184873949579832,0.6805555555555556,0.6660617059891107
2026-07-06 01:41:01,c9160e6539125e06c66b22677b30e1ed0aad8c344173a6c30f97b14607f84244,c9160e65,ubuntu,quantum_circuit_qubit_sweep_codecarbon,34,1,1,True,HARDWARE_EFFICIENT_CZ_1Q,PennyLane,0.42.3,default.qubit,HARDWARE_EFFICIENT_CZ,1,4,13,14,2,12,0,CZ_LINEAR,14,0.11715117,0.529254,0.117151,0.691435,0.057222385,4.751854533743529e-07,0,8.891371466840306e-07,1.3643226000583837e-06,5.020811599519612e-07,0.36800765,3.2.8,1,1,2,34.9514,2.45578068,6.82161e-07,85.83286704,Cortex-A53,4,4,25.5,1200.0,1,48.3,224.3125,0.88,Debian GNU/Linux 13 (trixie) aarch64,Linux,aarch64,3.10.20,0.6805555555555556,0.7184873949579832,0.6805555555555556,0.6660617059891106,0.7184873949579832,0.6805555555555556,0.6660617059891107
2026-07-06 01:41:06,c9160e6539125e06c66b22677b30e1ed0aad8c344173a6c30f97b14607f84244,c9160e65,ubuntu,quantum_circuit_qubit_sweep_codecarbon,35,-1,1,False,HARDWARE_EFFICIENT_CZ_1Q,PennyLane,0.42.3,default.qubit,HARDWARE_EFFICIENT_CZ,1,4,13,14,2,12,0,CZ_LINEAR,14,0.15699856,0.539169,0.156999,0.690076,0.0565004111,4.747115341280411e-07,0,8.884120208676904e-07,1.3631235549957315e-06,5.016399021908825e-07,0.36800765,3.2.8,1,1,2,35.398,2.4536224,6.81562e-07,86.85325824,Cortex-A53,4,4,24.4,1200.0,2,48.3,224.3125,0.88,Debian GNU/Linux 13 (trixie) aarch64,Linux,aarch64,3.10.20,0.6805555555555556,0.7184873949579832,0.6805555555555556,0.6660617059891106,0.7184873949579832,0.6805555555555556,0.6660617059891107
2026-07-06 01:41:11,c9160e6539125e06c66b22677b30e1ed0aad8c344173a6c30f97b14607f84244,c9160e65,ubuntu,quantum_circuit_qubit_sweep_codecarbon,36,1,1,True,HARDWARE_EFFICIENT_CZ_1Q,PennyLane,0.42.3,default.qubit,HARDWARE_EFFICIENT_CZ,1,4,13,14,2,12,0,CZ_LINEAR,14,0.21250451,0.552927,0.212505,0.687534,0.0576663408,4.751267200197201e-07,0,8.89129636537594e-07,1.364256356557314e-06,5.020567818365106e-07,0.36800765,3.2.8,1,1,2,34.6823,2.45566144,6.82128e-07,85.16793006,Cortex-A53,4,4,24.4,1200.0,2,48.3,224.3125,0.88,Debian GNU/Linux 13 (trixie) aarch64,Linux,aarch64,3.10.20,0.6805555555555556,0.7184873949579832,0.6805555555555556,0.6660617059891106,0.7184873949579832,0.6805555555555556,0.6660617059891107
2026-07-06 01:41:16,c9160e6539125e06c66b22677b30e1ed0aad8c344173a6c30f97b14607f84244,c9160e65,ubuntu,quantum_circuit_qubit_sweep_codecarbon,37,-1,1,False,HARDWARE_EFFICIENT_CZ_1Q,PennyLane,0.42.3,default.qubit,HARDWARE_EFFICIENT_CZ,1,4,13,14,2,12,0,CZ_LINEAR,14,0.18640089,0.546466,0.186401,0.688823,0.0573851971,4.751835311245588e-07,0,8.892974307915816e-07,1.3644809619161403e-06,5.021394383277877e-07,0.36800765,3.2.8,1,1,2,34.8522,2.45606573,6.8224e-07,85.59927834,Cortex-A53,4,4,25.7,1200.0,1,48.1,224.3125,0.88,Debian GNU/Linux 13 (trixie) aarch64,Linux,aarch64,3.10.20,0.6805555555555556,0.7184873949579832,0.6805555555555556,0.6660617059891106,0.7184873949579832,0.6805555555555556,0.6660617059891107
2026-07-06 01:41:22,c9160e6539125e06c66b22677b30e1ed0aad8c344173a6c30f97b14607f84244,c9160e65,ubuntu,quantum_circuit_qubit_sweep_codecarbon,38,-1,1,False,HARDWARE_EFFICIENT_CZ_1Q,PennyLane,0.42.3,default.qubit,HARDWARE_EFFICIENT_CZ,1,4,13,14,2,12,0,CZ_LINEAR,14,0.02239505,0.505599,0.022395,0.693084,0.0564768692,4.746379093784425e-07,0,8.882905358526236e-07,1.3629284452310662e-06,5.015681003040289e-07,0.36800765,3.2.8,1,1,2,35.4127,2.4532712,6.81464e-07,86.87702552,Cortex-A53,4,4,24.6,1200.0,2,48.0,224.3125,0.88,Debian GNU/Linux 13 (trixie) aarch64,Linux,aarch64,3.10.20,0.6805555555555556,0.7184873949579832,0.6805555555555556,0.6660617059891106,0.7184873949579832,0.6805555555555556,0.6660617059891107
2026-07-06 01:41:27,c9160e6539125e06c66b22677b30e1ed0aad8c344173a6c30f97b14607f84244,c9160e65,ubuntu,quantum_circuit_qubit_sweep_codecarbon,39,-1,1,False,HARDWARE_EFFICIENT_CZ_1Q,PennyLane,0.42.3,default.qubit,HARDWARE_EFFICIENT_CZ,1,4,13,14,2,12,0,CZ_LINEAR,14,0.20358485,0.550721,0.203585,0.687993,0.056873169,4.749818421486352e-07,0,8.888258616207168e-07,1.363807703769352e-06,5.018916741763531e-07,0.36800765,3.2.8,1,1,2,35.166,2.45485387,6.81904e-07,86.32731071,Cortex-A53,4,4,24.8,1200.0,1,48.4,224.3125,0.88,Debian GNU/Linux 13 (trixie) aarch64,Linux,aarch64,3.10.20,0.6805555555555556,0.7184873949579832,0.6805555555555556,0.6660617059891106,0.7184873949579832,0.6805555555555556,0.6660617059891107
2026-07-06 01:41:32,c9160e6539125e06c66b22677b30e1ed0aad8c344173a6c30f97b14607f84244,c9160e65,ubuntu,quantum_circuit_qubit_sweep_codecarbon,40,-1,-1,True,HARDWARE_EFFICIENT_CZ_1Q,PennyLane,0.42.3,default.qubit,HARDWARE_EFFICIENT_CZ,1,4,13,14,2,12,0,CZ_LINEAR,14,-0.25260329,0.562817,0.252603,0.685234,0.046827974,4.703660156163904e-07,0,8.805651508737356e-07,1.350931166490126e-06,4.971530098948688e-07,0.36800765,3.2.8,1,1,2,42.7095,2.4316761,6.75466e-07,103.85570378,Cortex-A53,4,4,25.5,1200.0,2,48.2,224.3203,0.88,Debian GNU/Linux 13 (trixie) aarch64,Linux,aarch64,3.10.20,0.6805555555555556,0.7184873949579832,0.6805555555555556,0.6660617059891106,0.7184873949579832,0.6805555555555556,0.6660617059891107
2026-07-06 01:41:38,c9160e6539125e06c66b22677b30e1ed0aad8c344173a6c30f97b14607f84244,c9160e65,ubuntu,quantum_circuit_qubit_sweep_codecarbon,41,-1,1,False,HARDWARE_EFFICIENT_CZ_1Q,PennyLane,0.42.3,default.qubit,HARDWARE_EFFICIENT_CZ,1,4,13,14,2,12,0,CZ_LINEAR,14,0.07789385,0.519464,0.077894,0.692389,0.0301298029,4.619883617593185e-07,0,8.652332632724818e-07,1.3272216250318e-06,4.884277171548554e-07,0.36800765,3.2.8,1,1,2,66.3795,2.38899893,6.63611e-07,158.58045502,Cortex-A53,4,4,26.0,1200.0,1,48.2,224.3203,0.88,Debian GNU/Linux 13 (trixie) aarch64,Linux,aarch64,3.10.20,0.6805555555555556,0.7184873949579832,0.6805555555555556,0.6660617059891106,0.7184873949579832,0.6805555555555556,0.6660617059891107
2026-07-06 01:41:43,c9160e6539125e06c66b22677b30e1ed0aad8c344173a6c30f97b14607f84244,c9160e65,ubuntu,quantum_circuit_qubit_sweep_codecarbon,42,-1,-1,True,HARDWARE_EFFICIENT_CZ_1Q,PennyLane,0.42.3,default.qubit,HARDWARE_EFFICIENT_CZ,1,4,13,14,2,12,0,CZ_LINEAR,14,-0.19314067,0.548136,0.193141,0.688506,0.030264854,4.621076199950444e-07,0,8.654250148295735e-07,1.327532634824618e-06,4.885421711392194e-07,0.36800765,3.2.8,1,1,2,66.0833,2.38955874,6.63766e-07,157.90981482,Cortex-A53,4,4,25.5,1200.0,2,48.3,224.3203,0.88,Debian GNU/Linux 13 (trixie) aarch64,Linux,aarch64,3.10.20,0.6805555555555556,0.7184873949579832,0.6805555555555556,0.6660617059891106,0.7184873949579832,0.6805555555555556,0.6660617059891107
2026-07-06 01:41:48,c9160e6539125e06c66b22677b30e1ed0aad8c344173a6c30f97b14607f84244,c9160e65,ubuntu,quantum_circuit_qubit_sweep_codecarbon,43,1,1,True,HARDWARE_EFFICIENT_CZ_1Q,PennyLane,0.42.3,default.qubit,HARDWARE_EFFICIENT_CZ,1,4,13,14,2,12,0,CZ_LINEAR,14,0.269735,0.567028,0.269735,0.684135,0.0301809998,4.619631764168541e-07,0,8.651780540822074e-07,1.3271412304990617e-06,4.883981313514323e-07,0.36800765,3.2.8,1,1,2,66.2669,2.38885421,6.63571e-07,158.30186095,Cortex-A53,4,4,25.3,1200.0,1,48.2,224.3203,0.88,Debian GNU/Linux 13 (trixie) aarch64,Linux,aarch64,3.10.20,0.6805555555555556,0.7184873949579832,0.6805555555555556,0.6660617059891106,0.7184873949579832,0.6805555555555556,0.6660617059891107
2026-07-06 01:41:53,c9160e6539125e06c66b22677b30e1ed0aad8c344173a6c30f97b14607f84244,c9160e65,ubuntu,quantum_circuit_qubit_sweep_codecarbon,44,1,1,True,HARDWARE_EFFICIENT_CZ_1Q,PennyLane,0.42.3,default.qubit,HARDWARE_EFFICIENT_CZ,1,4,13,14,2,12,0,CZ_LINEAR,14,0.32012782,0.579355,0.320128,0.680499,0.0305179779,4.6216563947611973e-07,0,8.655416800562914e-07,1.327707319532411e-06,4.886064564488016e-07,0.36800765,3.2.8,1,1,2,65.5351,2.38987318,6.63854e-07,156.62067673,Cortex-A53,4,4,25.5,1200.0,1,48.2,224.3203,0.88,Debian GNU/Linux 13 (trixie) aarch64,Linux,aarch64,3.10.20,0.6805555555555556,0.7184873949579832,0.6805555555555556,0.6660617059891106,0.7184873949579832,0.6805555555555556,0.6660617059891107
2026-07-06 01:41:59,c9160e6539125e06c66b22677b30e1ed0aad8c344173a6c30f97b14607f84244,c9160e65,ubuntu,quantum_circuit_qubit_sweep_codecarbon,45,1,1,True,HARDWARE_EFFICIENT_CZ_1Q,PennyLane,0.42.3,default.qubit,HARDWARE_EFFICIENT_CZ,1,4,13,14,2,12,0,CZ_LINEAR,14,0.0354739,0.508868,0.035474,0.69299,0.0301405308,4.619691248776185e-07,0,8.651876026609292e-07,1.3271567275385478e-06,4.884038343805845e-07,0.36800765,3.2.8,1,1,2,66.3558,2.38888211,6.63578e-07,158.51626016,Cortex-A53,4,4,26.3,1200.0,1,48.0,224.3203,0.88,Debian GNU/Linux 13 (trixie) aarch64,Linux,aarch64,3.10.20,0.6805555555555556,0.7184873949579832,0.6805555555555556,0.6660617059891106,0.7184873949579832,0.6805555555555556,0.6660617059891107
2026-07-06 01:42:04,c9160e6539125e06c66b22677b30e1ed0aad8c344173a6c30f97b14607f84244,c9160e65,ubuntu,quantum_circuit_qubit_sweep_codecarbon,46,1,1,True,HARDWARE_EFFICIENT_CZ_1Q,PennyLane,0.42.3,default.qubit,HARDWARE_EFFICIENT_CZ,1,4,13,14,2,12,0,CZ_LINEAR,14,0.43078096,0.60606,0.430781,0.670478,0.03020626,4.620209296958314e-07,0,8.65283520737042e-07,1.3273044504328737e-06,4.884581975364329e-07,0.36800765,3.2.8,1,1,2,66.2114,2.38914801,6.63652e-07,158.18893221,Cortex-A53,4,4,24.7,1200.0,1,48.0,224.3203,0.88,Debian GNU/Linux 13 (trixie) aarch64,Linux,aarch64,3.10.20,0.6805555555555556,0.7184873949579832,0.6805555555555556,0.6660617059891106,0.7184873949579832,0.6805555555555556,0.6660617059891107
2026-07-06 01:42:09,c9160e6539125e06c66b22677b30e1ed0aad8c344173a6c30f97b14607f84244,c9160e65,ubuntu,quantum_circuit_qubit_sweep_codecarbon,47,1,1,True,HARDWARE_EFFICIENT_CZ_1Q,PennyLane,0.42.3,default.qubit,HARDWARE_EFFICIENT_CZ,1,4,13,14,2,12,0,CZ_LINEAR,14,0.19540352,0.548696,0.195404,0.688397,0.0303707391,4.620781746796436e-07,0,8.653845174315696e-07,1.327462692111213e-06,4.885164316853139e-07,0.36800765,3.2.8,1,1,2,65.8529,2.38943285,6.63731e-07,157.35098454,Cortex-A53,4,4,24.8,1200.0,1,48.0,224.3203,0.88,Debian GNU/Linux 13 (trixie) aarch64,Linux,aarch64,3.10.20,0.6805555555555556,0.7184873949579832,0.6805555555555556,0.6660617059891106,0.7184873949579832,0.6805555555555556,0.6660617059891107
2026-07-06 01:42:14,c9160e6539125e06c66b22677b30e1ed0aad8c344173a6c30f97b14607f84244,c9160e65,ubuntu,quantum_circuit_qubit_sweep_codecarbon,48,1,1,True,HARDWARE_EFFICIENT_CZ_1Q,PennyLane,0.42.3,default.qubit,HARDWARE_EFFICIENT_CZ,1,4,13,14,2,12,0,CZ_LINEAR,14,0.23951757,0.559595,0.239518,0.686027,0.030192927,4.619817076265374e-07,0,8.651833899784833e-07,1.3271650976050207e-06,4.884069146291147e-07,0.36800765,3.2.8,1,1,2,66.2407,2.38889718,6.63583e-07,158.24217217,Cortex-A53,4,4,25.0,1200.0,1,47.9,224.3203,0.88,Debian GNU/Linux 13 (trixie) aarch64,Linux,aarch64,3.10.20,0.6805555555555556,0.7184873949579832,0.6805555555555556,0.6660617059891106,0.7184873949579832,0.6805555555555556,0.6660617059891107
2026-07-06 01:42:19,c9160e6539125e06c66b22677b30e1ed0aad8c344173a6c30f97b14607f84244,c9160e65,ubuntu,quantum_circuit_qubit_sweep_codecarbon,49,-1,1,False,HARDWARE_EFFICIENT_CZ_1Q,PennyLane,0.42.3,default.qubit,HARDWARE_EFFICIENT_CZ,1,4,13,14,2,12,0,CZ_LINEAR,14,0.103991,0.525974,0.103991,0.691797,0.0303080832,4.621368772867654e-07,0,8.655019641931479e-07,1.3276388414799132e-06,4.885812560013209e-07,0.36800765,3.2.8,1,1,2,65.989,2.38974991,6.63819e-07,157.69719923,Cortex-A53,4,4,25.2,1200.0,2,48.0,224.3203,0.88,Debian GNU/Linux 13 (trixie) aarch64,Linux,aarch64,3.10.20,0.6805555555555556,0.7184873949579832,0.6805555555555556,0.6660617059891106,0.7184873949579832,0.6805555555555556,0.6660617059891107
2026-07-06 01:42:25,c9160e6539125e06c66b22677b30e1ed0aad8c344173a6c30f97b14607f84244,c9160e65,ubuntu,quantum_circuit_qubit_sweep_codecarbon,50,-1,1,False,HARDWARE_EFFICIENT_CZ_1Q,PennyLane,0.42.3,default.qubit,HARDWARE_EFFICIENT_CZ,1,4,13,14,2,12,0,CZ_LINEAR,14,0.04873243,0.512181,0.048732,0.69285,0.0488886379,4.7112165598405733e-07,0,8.817862315724293e-07,1.3529078875564866e-06,4.978804583779895e-07,0.36800765,3.2.8,1,1,2,40.9093,2.4352342,6.76454e-07,99.62372859,Cortex-A53,4,4,25.5,1200.0,1,47.9,224.3477,0.88,Debian GNU/Linux 13 (trixie) aarch64,Linux,aarch64,3.10.20,0.6805555555555556,0.7184873949579832,0.6805555555555556,0.6660617059891106,0.7184873949579832,0.6805555555555556,0.6660617059891107
2026-07-06 01:42:30,c9160e6539125e06c66b22677b30e1ed0aad8c344173a6c30f97b14607f84244,c9160e65,ubuntu,quantum_circuit_qubit_sweep_codecarbon,51,1,-1,False,HARDWARE_EFFICIENT_CZ_1Q,PennyLane,0.42.3,default.qubit,HARDWARE_EFFICIENT_CZ,1,4,13,14,2,12,0,CZ_LINEAR,14,-0.09190629,0.52296,0.091906,0.692092,0.0588990408,4.759185025475598e-07,0,8.906054450199008e-07,1.3665239475674603e-06,5.028912726853921e-07,0.36800765,3.2.8,1,1,2,33.9564,2.45974311,6.83262e-07,83.52404631,Cortex-A53,4,4,25.4,1200.0,2,48.4,224.3477,0.88,Debian GNU/Linux 13 (trixie) aarch64,Linux,aarch64,3.10.20,0.6805555555555556,0.7184873949579832,0.6805555555555556,0.6660617059891106,0.7184873949579832,0.6805555555555556,0.6660617059891107
2026-07-06 01:42:36,c9160e6539125e06c66b22677b30e1ed0aad8c344173a6c30f97b14607f84244,c9160e65,ubuntu,quantum_circuit_qubit_sweep_codecarbon,52,1,1,True,HARDWARE_EFFICIENT_CZ_1Q,PennyLane,0.42.3,default.qubit,HARDWARE_EFFICIENT_CZ,1,4,13,14,2,12,0,CZ_LINEAR,14,0.43701055,0.607546,0.437011,0.669833,0.0564459839,4.746927199885249e-07,0,8.883219082296516e-07,1.3630146282181765e-06,5.015998163029683e-07,0.36800765,3.2.8,1,1,2,35.4321,2.45342633,6.81507e-07,86.93005807,Cortex-A53,4,4,25.9,1200.0,2,48.2,224.3477,0.88,Debian GNU/Linux 13 (trixie) aarch64,Linux,aarch64,3.10.20,0.6805555555555556,0.7184873949579832,0.6805555555555556,0.6660617059891106,0.7184873949579832,0.6805555555555556,0.6660617059891107
2026-07-06 01:42:41,c9160e6539125e06c66b22677b30e1ed0aad8c344173a6c30f97b14607f84244,c9160e65,ubuntu,quantum_circuit_qubit_sweep_codecarbon,53,1,-1,False,HARDWARE_EFFICIENT_CZ_1Q,PennyLane,0.42.3,default.qubit,HARDWARE_EFFICIENT_CZ,1,4,13,14,2,12,0,CZ_LINEAR,14,-0.01026007,0.502565,0.01026,0.693134,0.058079619,4.750499395239686e-07,0,8.897000240782896e-07,1.364749963602258e-06,5.022384330073373e-07,0.36800765,3.2.8,1,1,2,34.4355,2.45654993,6.82375e-07,84.59249487,Cortex-A53,4,4,25.5,1200.0,2,48.2,224.3477,0.88,Debian GNU/Linux 13 (trixie) aarch64,Linux,aarch64,3.10.20,0.6805555555555556,0.7184873949579832,0.6805555555555556,0.6660617059891106,0.7184873949579832,0.6805555555555556,0.6660617059891107
2026-07-06 01:42:46,c9160e6539125e06c66b22677b30e1ed0aad8c344173a6c30f97b14607f84244,c9160e65,ubuntu,quantum_circuit_qubit_sweep_codecarbon,54,-1,-1,True,HARDWARE_EFFICIENT_CZ_1Q,PennyLane,0.42.3,default.qubit,HARDWARE_EFFICIENT_CZ,1,4,13,14,2,12,0,CZ_LINEAR,14,-0.12494173,0.531195,0.124942,0.6912,0.052652884,4.727296070028528e-07,0,8.851238384765262e-07,1.3578534454793789e-06,4.997004615491083e-07,0.36800765,3.2.8,1,1,2,37.9846,2.4441362,6.78927e-07,92.8395945,Cortex-A53,4,4,25.3,1200.0,2,48.3,224.3477,0.88,Debian GNU/Linux 13 (trixie) aarch64,Linux,aarch64,3.10.20,0.6805555555555556,0.7184873949579832,0.6805555555555556,0.6660617059891106,0.7184873949579832,0.6805555555555556,0.6660617059891107
2026-07-06 01:42:51,c9160e6539125e06c66b22677b30e1ed0aad8c344173a6c30f97b14607f84244,c9160e65,ubuntu,quantum_circuit_qubit_sweep_codecarbon,55,-1,1,False,HARDWARE_EFFICIENT_CZ_1Q,PennyLane,0.42.3,default.qubit,HARDWARE_EFFICIENT_CZ,1,4,13,14,2,12,0,CZ_LINEAR,14,0.1801087,0.544906,0.180109,0.689109,0.030468134,4.62110752332358e-07,0,8.654451040395846e-07,1.3275558563719425e-06,4.885507168463829e-07,0.36800765,3.2.8,1,1,2,65.6424,2.38960054,6.63778e-07,156.85900182,Cortex-A53,4,4,25.7,1200.0,1,48.5,224.3477,0.88,Debian GNU/Linux 13 (trixie) aarch64,Linux,aarch64,3.10.20,0.6805555555555556,0.7184873949579832,0.6805555555555556,0.6660617059891106,0.7184873949579832,0.6805555555555556,0.6660617059891107
2026-07-06 01:42:56,c9160e6539125e06c66b22677b30e1ed0aad8c344173a6c30f97b14607f84244,c9160e65,ubuntu,quantum_circuit_qubit_sweep_codecarbon,56,1,1,True,HARDWARE_EFFICIENT_CZ_1Q,PennyLane,0.42.3,default.qubit,HARDWARE_EFFICIENT_CZ,1,4,13,14,2,12,0,CZ_LINEAR,14,0.12899007,0.532203,0.12899,0.691072,0.030233551,4.620251509633742e-07,0,8.652859041467309e-07,1.3273110551101051e-06,4.884606281082093e-07,0.36800765,3.2.8,1,1,2,66.1517,2.3891599,6.63656e-07,158.04692577,Cortex-A53,4,4,25.3,1200.0,2,48.5,224.3477,0.88,Debian GNU/Linux 13 (trixie) aarch64,Linux,aarch64,3.10.20,0.6805555555555556,0.7184873949579832,0.6805555555555556,0.6660617059891106,0.7184873949579832,0.6805555555555556,0.6660617059891107
2026-07-06 01:43:02,c9160e6539125e06c66b22677b30e1ed0aad8c344173a6c30f97b14607f84244,c9160e65,ubuntu,quantum_circuit_qubit_sweep_codecarbon,57,1,1,True,HARDWARE_EFFICIENT_CZ_1Q,PennyLane,0.42.3,default.qubit,HARDWARE_EFFICIENT_CZ,1,4,13,14,2,12,0,CZ_LINEAR,14,0.27329888,0.567903,0.273299,0.683897,0.030689799,4.62250751175839e-07,0,8.657170199633887e-07,1.3279677711392278e-06,4.887023046337223e-07,0.36800765,3.2.8,1,1,2,65.1682,2.39034199,6.63984e-07,155.77436584,Cortex-A53,4,4,25.0,1200.0,2,48.4,224.3477,0.88,Debian GNU/Linux 13 (trixie) aarch64,Linux,aarch64,3.10.20,0.6805555555555556,0.7184873949579832,0.6805555555555556,0.6660617059891106,0.7184873949579832,0.6805555555555556,0.6660617059891107
2026-07-06 01:43:07,c9160e6539125e06c66b22677b30e1ed0aad8c344173a6c30f97b14607f84244,c9160e65,ubuntu,quantum_circuit_qubit_sweep_codecarbon,58,-1,-1,True,HARDWARE_EFFICIENT_CZ_1Q,PennyLane,0.42.3,default.qubit,HARDWARE_EFFICIENT_CZ,1,4,13,14,2,12,0,CZ_LINEAR,14,-0.06892192,0.517224,0.068922,0.692554,0.0302456869,4.619795297608362e-07,0,8.651987507861728e-07,1.327178280547009e-06,4.884117660526745e-07,0.36800765,3.2.8,1,1,2,66.1251,2.3889209,6.63589e-07,157.96770722,Cortex-A53,4,4,24.8,1200.0,3,48.2,224.3477,0.88,Debian GNU/Linux 13 (trixie) aarch64,Linux,aarch64,3.10.20,0.6805555555555556,0.7184873949579832,0.6805555555555556,0.6660617059891106,0.7184873949579832,0.6805555555555556,0.6660617059891107
2026-07-06 01:43:12,c9160e6539125e06c66b22677b30e1ed0aad8c344173a6c30f97b14607f84244,c9160e65,ubuntu,quantum_circuit_qubit_sweep_codecarbon,59,1,1,True,HARDWARE_EFFICIENT_CZ_1Q,PennyLane,0.42.3,default.qubit,HARDWARE_EFFICIENT_CZ,1,4,13,14,2,12,0,CZ_LINEAR,14,0.16423213,0.540966,0.164232,0.689787,0.030313187,4.6206605273074033e-07,0,8.653688009750718e-07,1.327434853705812e-06,4.885061869390388e-07,0.36800765,3.2.8,1,1,2,65.9779,2.38938274,6.63717e-07,157.64642187,Cortex-A53,4,4,25.3,1200.0,1,48.6,224.3477,0.88,Debian GNU/Linux 13 (trixie) aarch64,Linux,aarch64,3.10.20,0.6805555555555556,0.7184873949579832,0.6805555555555556,0.6660617059891106,0.7184873949579832,0.6805555555555556,0.6660617059891107
2026-07-06 01:43:18,c9160e6539125e06c66b22677b30e1ed0aad8c344173a6c30f97b14607f84244,c9160e65,ubuntu,quantum_circuit_qubit_sweep_codecarbon,60,-1,1,False,HARDWARE_EFFICIENT_CZ_1Q,PennyLane,0.42.3,default.qubit,HARDWARE_EFFICIENT_CZ,1,4,13,14,2,12,0,CZ_LINEAR,14,0.16910238,0.542175,0.169102,0.689585,0.0487564511,4.710432053026226e-07,0,8.817922607219468e-07,1.3528354660245694e-06,4.978538066998974e-07,0.36800765,3.2.8,1,1,2,41.0202,2.43510384,6.76418e-07,99.88847766,Cortex-A53,4,4,26.1,1200.0,1,48.6,224.3594,0.88,Debian GNU/Linux 13 (trixie) aarch64,Linux,aarch64,3.10.20,0.6805555555555556,0.7184873949579832,0.6805555555555556,0.6660617059891106,0.7184873949579832,0.6805555555555556,0.6660617059891107
2026-07-06 01:43:23,c9160e6539125e06c66b22677b30e1ed0aad8c344173a6c30f97b14607f84244,c9160e65,ubuntu,quantum_circuit_qubit_sweep_codecarbon,61,-1,-1,True,HARDWARE_EFFICIENT_CZ_1Q,PennyLane,0.42.3,default.qubit,HARDWARE_EFFICIENT_CZ,1,4,13,14,2,12,0,CZ_LINEAR,14,-0.05424915,0.513559,0.054249,0.692779,0.0547101612,4.73587702235414e-07,0,8.869551601431644e-07,1.3605428623785782e-06,5.006901875540038e-07,0.36800765,3.2.8,1,1,2,36.5563,2.44897715,6.80271e-07,89.5254958,Cortex-A53,4,4,25.2,1200.0,1,48.6,224.3594,0.88,Debian GNU/Linux 13 (trixie) aarch64,Linux,aarch64,3.10.20,0.6805555555555556,0.7184873949579832,0.6805555555555556,0.6660617059891106,0.7184873949579832,0.6805555555555556,0.6660617059891107
2026-07-06 01:43:28,c9160e6539125e06c66b22677b30e1ed0aad8c344173a6c30f97b14607f84244,c9160e65,ubuntu,quantum_circuit_qubit_sweep_codecarbon,62,-1,-1,True,HARDWARE_EFFICIENT_CZ_1Q,PennyLane,0.42.3,default.qubit,HARDWARE_EFFICIENT_CZ,1,4,13,14,2,12,0,CZ_LINEAR,14,-0.12172738,0.530394,0.121727,0.691298,0.0536615751,4.732044870552435e-07,0,8.859335951274261e-07,1.3591380821826695e-06,5.001732176890986e-07,0.36800765,3.2.8,1,1,2,37.2706,2.44644855,6.79569e-07,91.18064628,Cortex-A53,4,4,25.5,1200.0,2,48.6,224.3594,0.88,Debian GNU/Linux 13 (trixie) aarch64,Linux,aarch64,3.10.20,0.6805555555555556,0.7184873949579832,0.6805555555555556,0.6660617059891106,0.7184873949579832,0.6805555555555556,0.6660617059891107
2026-07-06 01:43:33,c9160e6539125e06c66b22677b30e1ed0aad8c344173a6c30f97b14607f84244,c9160e65,ubuntu,quantum_circuit_qubit_sweep_codecarbon,63,-1,1,False,HARDWARE_EFFICIENT_CZ_1Q,PennyLane,0.42.3,default.qubit,HARDWARE_EFFICIENT_CZ,1,4,13,14,2,12,0,CZ_LINEAR,14,0.08567943,0.521407,0.085679,0.69223,0.030459696,4.621513990205319e-07,0,8.6552513569283e-07,1.3276765347133618e-06,4.885951273997508e-07,0.36800765,3.2.8,1,1,2,65.6605,2.38981776,6.63838e-07,156.91671811,Cortex-A53,4,4,24.8,1200.0,2,48.5,224.3594,0.88,Debian GNU/Linux 13 (trixie) aarch64,Linux,aarch64,3.10.20,0.6805555555555556,0.7184873949579832,0.6805555555555556,0.6660617059891106,0.7184873949579832,0.6805555555555556,0.6660617059891107
2026-07-06 01:43:39,c9160e6539125e06c66b22677b30e1ed0aad8c344173a6c30f97b14607f84244,c9160e65,ubuntu,quantum_circuit_qubit_sweep_codecarbon,64,1,1,True,HARDWARE_EFFICIENT_CZ_1Q,PennyLane,0.42.3,default.qubit,HARDWARE_EFFICIENT_CZ,1,4,13,14,2,12,0,CZ_LINEAR,14,0.20206368,0.550345,0.202064,0.688069,0.030027973,4.6191356804537604e-07,0,8.650896599283441e-07,1.3270032279737202e-06,4.883473453657742e-07,0.36800765,3.2.8,1,1,2,66.6046,2.38860581,6.63502e-07,159.09204463,Cortex-A53,4,4,25.2,1200.0,2,48.5,224.3594,0.88,Debian GNU/Linux 13 (trixie) aarch64,Linux,aarch64,3.10.20,0.6805555555555556,0.7184873949579832,0.6805555555555556,0.6660617059891106,0.7184873949579832,0.6805555555555556,0.6660617059891107
2026-07-06 01:43:44,c9160e6539125e06c66b22677b30e1ed0aad8c344173a6c30f97b14607f84244,c9160e65,ubuntu,quantum_circuit_qubit_sweep_codecarbon,65,-1,1,False,HARDWARE_EFFICIENT_CZ_1Q,PennyLane,0.42.3,default.qubit,HARDWARE_EFFICIENT_CZ,1,4,13,14,2,12,0,CZ_LINEAR,14,0.03211914,0.508029,0.032119,0.693018,0.0301183369,4.620002668240281e-07,0,8.652405448568364e-07,1.3272408116808645e-06,4.884347779885744e-07,0.36800765,3.2.8,1,1,2,66.4047,2.38903346,6.6362e-07,158.64311956,Cortex-A53,4,4,25.3,1200.0,1,48.5,224.3594,0.88,Debian GNU/Linux 13 (trixie) aarch64,Linux,aarch64,3.10.20,0.6805555555555556,0.7184873949579832,0.6805555555555556,0.6660617059891106,0.7184873949579832,0.6805555555555556,0.6660617059891107
2026-07-06 01:43:49,c9160e6539125e06c66b22677b30e1ed0aad8c344173a6c30f97b14607f84244,c9160e65,ubuntu,quantum_circuit_qubit_sweep_codecarbon,66,-1,-1,True,HARDWARE_EFFICIENT_CZ_1Q,PennyLane,0.42.3,default.qubit,HARDWARE_EFFICIENT_CZ,1,4,13,14,2,12,0,CZ_LINEAR,14,-0.0035419,0.500885,0.003542,0.693146,0.0301055759,4.620437721583207e-07,0,8.652585323822374e-07,1.327302304540558e-06,4.884574078316352e-07,0.36800765,3.2.8,1,1,2,66.4329,2.38914415,6.63651e-07,158.71771758,Cortex-A53,4,4,24.8,1200.0,1,48.5,224.3594,0.88,Debian GNU/Linux 13 (trixie) aarch64,Linux,aarch64,3.10.20,0.6805555555555556,0.7184873949579832,0.6805555555555556,0.6660617059891106,0.7184873949579832,0.6805555555555556,0.6660617059891107
2026-07-06 01:43:54,c9160e6539125e06c66b22677b30e1ed0aad8c344173a6c30f97b14607f84244,c9160e65,ubuntu,quantum_circuit_qubit_sweep_codecarbon,67,1,1,True,HARDWARE_EFFICIENT_CZ_1Q,PennyLane,0.42.3,default.qubit,HARDWARE_EFFICIENT_CZ,1,4,13,14,2,12,0,CZ_LINEAR,14,0.17963023,0.544787,0.17963,0.68913,0.0303947399,4.6209654894967874e-07,0,8.653695308991398e-07,1.3274660798488186e-06,4.885176783986839e-07,0.36800765,3.2.8,1,1,2,65.8009,2.38943894,6.63733e-07,157.22713527,Cortex-A53,4,4,25.8,1200.0,1,48.5,224.3594,0.88,Debian GNU/Linux 13 (trixie) aarch64,Linux,aarch64,3.10.20,0.6805555555555556,0.7184873949579832,0.6805555555555556,0.6660617059891106,0.7184873949579832,0.6805555555555556,0.6660617059891107
2026-07-06 01:44:00,c9160e6539125e06c66b22677b30e1ed0aad8c344173a6c30f97b14607f84244,c9160e65,ubuntu,quantum_circuit_qubit_sweep_codecarbon,68,-1,-1,True,HARDWARE_EFFICIENT_CZ_1Q,PennyLane,0.42.3,default.qubit,HARDWARE_EFFICIENT_CZ,1,4,13,14,2,12,0,CZ_LINEAR,14,-0.25315118,0.562952,0.253151,0.6852,0.0303355721,4.620413737785485e-07,0,8.653263200540097e-07,1.3273676938325582e-06,4.884814715916099e-07,0.36800765,3.2.8,1,1,2,65.9292,2.38926185,6.63684e-07,157.52212237,Cortex-A53,4,4,26.4,1200.0,1,48.3,224.3594,0.88,Debian GNU/Linux 13 (trixie) aarch64,Linux,aarch64,3.10.20,0.6805555555555556,0.7184873949579832,0.6805555555555556,0.6660617059891106,0.7184873949579832,0.6805555555555556,0.6660617059891107
2026-07-06 01:44:05,c9160e6539125e06c66b22677b30e1ed0aad8c344173a6c30f97b14607f84244,c9160e65,ubuntu,quantum_circuit_qubit_sweep_codecarbon,69,-1,-1,True,HARDWARE_EFFICIENT_CZ_1Q,PennyLane,0.42.3,default.qubit,HARDWARE_EFFICIENT_CZ,1,4,13,14,2,12,0,CZ_LINEAR,14,-0.22506637,0.55603,0.225066,0.686855,0.0301839581,4.619571809992872e-07,0,8.651534225403642e-07,1.3271106035396517e-06,4.88386860395937e-07,0.36800765,3.2.8,1,1,2,66.2604,2.38879909,6.63555e-07,158.28269286,Cortex-A53,4,4,24.7,1200.0,2,48.3,224.3594,0.88,Debian GNU/Linux 13 (trixie) aarch64,Linux,aarch64,3.10.20,0.6805555555555556,0.7184873949579832,0.6805555555555556,0.6660617059891106,0.7184873949579832,0.6805555555555556,0.6660617059891107
2026-07-06 01:44:11,c9160e6539125e06c66b22677b30e1ed0aad8c344173a6c30f97b14607f84244,c9160e65,ubuntu,quantum_circuit_qubit_sweep_codecarbon,70,-1,1,False,HARDWARE_EFFICIENT_CZ_1Q,PennyLane,0.42.3,default.qubit,HARDWARE_EFFICIENT_CZ,1,4,13,14,2,12,0,CZ_LINEAR,14,0.06813545,0.517027,0.068135,0.692567,0.0466117118,4.700531661760021e-07,0,8.799694899547225e-07,1.3500226561307243e-06,4.968186711284676e-07,0.36800765,3.2.8,1,1,2,42.9077,2.43004078,6.75011e-07,104.26739052,Cortex-A53,4,4,26.0,1200.0,2,48.3,224.3594,0.88,Debian GNU/Linux 13 (trixie) aarch64,Linux,aarch64,3.10.20,0.6805555555555556,0.7184873949579832,0.6805555555555556,0.6660617059891106,0.7184873949579832,0.6805555555555556,0.6660617059891107
2026-07-06 01:44:16,c9160e6539125e06c66b22677b30e1ed0aad8c344173a6c30f97b14607f84244,c9160e65,ubuntu,quantum_circuit_qubit_sweep_codecarbon,71,-1,-1,True,HARDWARE_EFFICIENT_CZ_1Q,PennyLane,0.42.3,default.qubit,HARDWARE_EFFICIENT_CZ,1,4,13,14,2,12,0,CZ_LINEAR,14,-0.0661133,0.516522,0.066113,0.692601,0.0301980702,4.622362796998166e-07,0,8.656864000173907e-07,1.3279226797172072e-06,4.886857106452689e-07,0.36800765,3.2.8,1,1,2,66.2294,2.39026082,6.63961e-07,158.30553449,Cortex-A53,4,4,24.7,1200.0,2,48.3,224.3594,0.88,Debian GNU/Linux 13 (trixie) aarch64,Linux,aarch64,3.10.20,0.6805555555555556,0.7184873949579832,0.6805555555555556,0.6660617059891106,0.7184873949579832,0.6805555555555556,0.6660617059891107
2026-07-06 01:44:26,c9160e6539125e06c66b22677b30e1ed0aad8c344173a6c30f97b14607f84244,c9160e65,ubuntu,quantum_circuit_qubit_sweep_codecarbon,0,-1,1,False,HARDWARE_EFFICIENT_CZ_2Q,PennyLane,0.42.3,default.qubit,HARDWARE_EFFICIENT_CZ,2,4,25,18,4,24,4,CZ_LINEAR,32,0.06309145,0.515768,0.063091,0.69265,0.0654995569,4.776966502826084e-07,0,8.946642865582059e-07,1.3723609368408144e-06,5.050393294168919e-07,0.36800765,3.2.8,2,1,3,45.8018,1.64683312,4.57454e-07,75.42798154,Cortex-A53,4,4,26.3,1200.0,3,48.4,224.3594,0.88,Debian GNU/Linux 13 (trixie) aarch64,Linux,aarch64,3.10.20,0.7638888888888888,0.7640926640926641,0.7638888888888888,0.7638433339764615,0.7640926640926642,0.7638888888888888,0.7638433339764614
2026-07-06 01:44:32,c9160e6539125e06c66b22677b30e1ed0aad8c344173a6c30f97b14607f84244,c9160e65,ubuntu,quantum_circuit_qubit_sweep_codecarbon,1,1,1,True,HARDWARE_EFFICIENT_CZ_2Q,PennyLane,0.42.3,default.qubit,HARDWARE_EFFICIENT_CZ,2,4,25,18,4,24,4,CZ_LINEAR,32,0.00973051,0.502433,0.009731,0.693135,0.0654453358,4.776918178217279e-07,0,8.946032383634399e-07,1.3722950561851678e-06,5.050150848313342e-07,0.36800765,3.2.8,2,1,3,45.8398,1.64675407,4.57432e-07,75.4868493,Cortex-A53,4,4,27.3,1200.0,2,47.6,224.3594,0.88,Debian GNU/Linux 13 (trixie) aarch64,Linux,aarch64,3.10.20,0.7638888888888888,0.7640926640926641,0.7638888888888888,0.7638433339764615,0.7640926640926642,0.7638888888888888,0.7638433339764614
2026-07-06 01:44:37,c9160e6539125e06c66b22677b30e1ed0aad8c344173a6c30f97b14607f84244,c9160e65,ubuntu,quantum_circuit_qubit_sweep_codecarbon,2,1,1,True,HARDWARE_EFFICIENT_CZ_2Q,PennyLane,0.42.3,default.qubit,HARDWARE_EFFICIENT_CZ,2,4,25,18,4,24,4,CZ_LINEAR,32,0.29409227,0.572998,0.294092,0.682452,0.065299971,4.7762958753121e-07,0,8.945494816483309e-07,1.3721790691795409e-06,5.049724007254475e-07,0.36800765,3.2.8,2,1,3,45.9418,1.64661488,4.57393e-07,75.64849679,Cortex-A53,4,4,25.2,1200.0,1,47.6,224.3594,0.88,Debian GNU/Linux 13 (trixie) aarch64,Linux,aarch64,3.10.20,0.7638888888888888,0.7640926640926641,0.7638888888888888,0.7638433339764615,0.7640926640926642,0.7638888888888888,0.7638433339764614
2026-07-06 01:44:42,c9160e6539125e06c66b22677b30e1ed0aad8c344173a6c30f97b14607f84244,c9160e65,ubuntu,quantum_circuit_qubit_sweep_codecarbon,3,1,1,True,HARDWARE_EFFICIENT_CZ_2Q,PennyLane,0.42.3,default.qubit,HARDWARE_EFFICIENT_CZ,2,4,25,18,4,24,4,CZ_LINEAR,32,0.10879622,0.527172,0.108796,0.69167,0.065208199,4.773557329583413e-07,0,8.939868291296686e-07,1.37134256208801e-06,5.046645597127677e-07,0.36800765,3.2.8,2,1,3,46.0065,1.64561107,4.57114e-07,75.70878052,Cortex-A53,4,4,24.7,1200.0,1,47.7,224.3594,0.88,Debian GNU/Linux 13 (trixie) aarch64,Linux,aarch64,3.10.20,0.7638888888888888,0.7640926640926641,0.7638888888888888,0.7638433339764615,0.7640926640926642,0.7638888888888888,0.7638433339764614
2026-07-06 01:44:47,c9160e6539125e06c66b22677b30e1ed0aad8c344173a6c30f97b14607f84244,c9160e65,ubuntu,quantum_circuit_qubit_sweep_codecarbon,4,-1,-1,True,HARDWARE_EFFICIENT_CZ_2Q,PennyLane,0.42.3,default.qubit,HARDWARE_EFFICIENT_CZ,2,4,25,18,4,24,4,CZ_LINEAR,32,-0.09945082,0.524842,0.099451,0.691912,0.0707162491,4.800246788243422e-07,0,8.989731158362702e-07,1.3789977946606123e-06,5.074817438960319e-07,0.36800765,3.2.8,2,1,3,42.4231,1.65479735,4.59666e-07,70.20157498,Cortex-A53,4,4,25.9,1200.0,1,48.0,224.3594,0.88,Debian GNU/Linux 13 (trixie) aarch64,Linux,aarch64,3.10.20,0.7638888888888888,0.7640926640926641,0.7638888888888888,0.7638433339764615,0.7640926640926642,0.7638888888888888,0.7638433339764614
2026-07-06 01:44:53,c9160e6539125e06c66b22677b30e1ed0aad8c344173a6c30f97b14607f84244,c9160e65,ubuntu,quantum_circuit_qubit_sweep_codecarbon,5,1,1,True,HARDWARE_EFFICIENT_CZ_2Q,PennyLane,0.42.3,default.qubit,HARDWARE_EFFICIENT_CZ,2,4,25,18,4,24,4,CZ_LINEAR,32,0.29452473,0.573103,0.294525,0.682421,0.0651373102,4.775484804477957e-07,0,8.943553575469802e-07,1.371903837994776e-06,5.048711135427124e-07,0.36800765,3.2.8,2,1,3,46.0566,1.64628461,4.57301e-07,75.82219472,Cortex-A53,4,4,25.6,1200.0,2,47.6,224.3594,0.88,Debian GNU/Linux 13 (trixie) aarch64,Linux,aarch64,3.10.20,0.7638888888888888,0.7640926640926641,0.7638888888888888,0.7638433339764615,0.7640926640926642,0.7638888888888888,0.7638433339764614
2026-07-06 01:44:58,c9160e6539125e06c66b22677b30e1ed0aad8c344173a6c30f97b14607f84244,c9160e65,ubuntu,quantum_circuit_qubit_sweep_codecarbon,6,1,1,True,HARDWARE_EFFICIENT_CZ_2Q,PennyLane,0.42.3,default.qubit,HARDWARE_EFFICIENT_CZ,2,4,25,18,4,24,4,CZ_LINEAR,32,0.0016786,0.50042,0.001679,0.693147,0.0653646509,4.776669912470506e-07,0,8.946029034753641e-07,1.3722698947224147e-06,5.05005825220444e-07,0.36800765,3.2.8,2,1,3,45.8964,1.64672387,4.57423e-07,75.57864307,Cortex-A53,4,4,25.5,1200.0,1,47.7,224.3594,0.88,Debian GNU/Linux 13 (trixie) aarch64,Linux,aarch64,3.10.20,0.7638888888888888,0.7640926640926641,0.7638888888888888,0.7638433339764615,0.7640926640926642,0.7638888888888888,0.7638433339764614
2026-07-06 01:45:03,c9160e6539125e06c66b22677b30e1ed0aad8c344173a6c30f97b14607f84244,c9160e65,ubuntu,quantum_circuit_qubit_sweep_codecarbon,7,1,1,True,HARDWARE_EFFICIENT_CZ_2Q,PennyLane,0.42.3,default.qubit,HARDWARE_EFFICIENT_CZ,2,4,25,18,4,24,4,CZ_LINEAR,32,0.13192671,0.532934,0.131927,0.690976,0.0651448069,4.77474844807552e-07,0,8.942588275143256e-07,1.3717336723218777e-06,5.048084912725623e-07,0.36800765,3.2.8,2,1,3,46.0513,1.64608041,4.57245e-07,75.80406571,Cortex-A53,4,4,25.5,1200.0,1,47.8,224.3594,0.88,Debian GNU/Linux 13 (trixie) aarch64,Linux,aarch64,3.10.20,0.7638888888888888,0.7640926640926641,0.7638888888888888,0.7638433339764615,0.7640926640926642,0.7638888888888888,0.7638433339764614
2026-07-06 01:45:08,c9160e6539125e06c66b22677b30e1ed0aad8c344173a6c30f97b14607f84244,c9160e65,ubuntu,quantum_circuit_qubit_sweep_codecarbon,8,1,-1,False,HARDWARE_EFFICIENT_CZ_2Q,PennyLane,0.42.3,default.qubit,HARDWARE_EFFICIENT_CZ,2,4,25,18,4,24,4,CZ_LINEAR,32,-0.16078365,0.54011,0.160784,0.689926,0.064908972,4.775252874604264e-07,0,8.943095857587954e-07,1.3718348732192218e-06,5.048457339774214e-07,0.36800765,3.2.8,2,1,3,46.2186,1.64620185,4.57278e-07,76.08509873,Cortex-A53,4,4,24.8,1200.0,2,47.8,224.3594,0.88,Debian GNU/Linux 13 (trixie) aarch64,Linux,aarch64,3.10.20,0.7638888888888888,0.7640926640926641,0.7638888888888888,0.7638433339764615,0.7640926640926642,0.7638888888888888,0.7638433339764614
2026-07-06 01:45:14,c9160e6539125e06c66b22677b30e1ed0aad8c344173a6c30f97b14607f84244,c9160e65,ubuntu,quantum_circuit_qubit_sweep_codecarbon,9,-1,-1,True,HARDWARE_EFFICIENT_CZ_2Q,PennyLane,0.42.3,default.qubit,HARDWARE_EFFICIENT_CZ,2,4,25,18,4,24,4,CZ_LINEAR,32,-0.50581268,0.623824,0.505813,0.662161,0.065025741,4.774783626198769e-07,0,8.942682008879881e-07,1.3717465635078648e-06,5.048132353276804e-07,0.36800765,3.2.8,2,1,3,46.1356,1.64609588,4.57249e-07,75.943581,Cortex-A53,4,4,25.6,1200.0,1,47.8,224.3594,0.88,Debian GNU/Linux 13 (trixie) aarch64,Linux,aarch64,3.10.20,0.7638888888888888,0.7640926640926641,0.7638888888888888,0.7638433339764615,0.7640926640926642,0.7638888888888888,0.7638433339764614
2026-07-06 01:45:19,c9160e6539125e06c66b22677b30e1ed0aad8c344173a6c30f97b14607f84244,c9160e65,ubuntu,quantum_circuit_qubit_sweep_codecarbon,10,1,1,True,HARDWARE_EFFICIENT_CZ_2Q,PennyLane,0.42.3,default.qubit,HARDWARE_EFFICIENT_CZ,2,4,25,18,4,24,4,CZ_LINEAR,32,0.57082489,0.638953,0.570825,0.654018,0.097999623,4.929018546309737e-07,0,9.22768760744172e-07,1.4156706153751457e-06,5.2097762262902e-07,0.36800765,3.2.8,2,1,3,30.6124,1.69880474,4.7189e-07,52.00442672,Cortex-A53,4,4,25.7,1200.0,1,47.9,224.3594,0.88,Debian GNU/Linux 13 (trixie) aarch64,Linux,aarch64,3.10.20,0.7638888888888888,0.7640926640926641,0.7638888888888888,0.7638433339764615,0.7640926640926642,0.7638888888888888,0.7638433339764614
2026-07-06 01:45:25,c9160e6539125e06c66b22677b30e1ed0aad8c344173a6c30f97b14607f84244,c9160e65,ubuntu,quantum_circuit_qubit_sweep_codecarbon,11,1,1,True,HARDWARE_EFFICIENT_CZ_2Q,PennyLane,0.42.3,default.qubit,HARDWARE_EFFICIENT_CZ,2,4,25,18,4,24,4,CZ_LINEAR,32,0.12671988,0.531638,0.12672,0.691144,0.1002542991,4.937528115070929e-07,0,9.247191650016856e-07,1.4184719765087784e-06,5.220085449690579e-07,0.36800765,3.2.8,2,1,3,29.9239,1.70216637,4.72824e-07,50.93546272,Cortex-A53,4,4,24.7,1200.0,2,48.3,224.3594,0.88,Debian GNU/Linux 13 (trixie) aarch64,Linux,aarch64,3.10.20,0.7638888888888888,0.7640926640926641,0.7638888888888888,0.7638433339764615,0.7640926640926642,0.7638888888888888,0.7638433339764614
2026-07-06 01:45:30,c9160e6539125e06c66b22677b30e1ed0aad8c344173a6c30f97b14607f84244,c9160e65,ubuntu,quantum_circuit_qubit_sweep_codecarbon,12,-1,-1,True,HARDWARE_EFFICIENT_CZ_2Q,PennyLane,0.42.3,default.qubit,HARDWARE_EFFICIENT_CZ,2,4,25,18,4,24,4,CZ_LINEAR,32,-0.18311628,0.545652,0.183116,0.688973,0.1112572749,4.986922072033541e-07,0,9.340329084079712e-07,1.4327251156113253e-06,5.272538092586454e-07,0.36800765,3.2.8,2,1,3,26.9645,1.71927014,4.77575e-07,46.35930929,Cortex-A53,4,4,25.4,1200.0,2,48.2,224.3594,0.88,Debian GNU/Linux 13 (trixie) aarch64,Linux,aarch64,3.10.20,0.7638888888888888,0.7640926640926641,0.7638888888888888,0.7638433339764615,0.7640926640926642,0.7638888888888888,0.7638433339764614
2026-07-06 01:45:35,c9160e6539125e06c66b22677b30e1ed0aad8c344173a6c30f97b14607f84244,c9160e65,ubuntu,quantum_circuit_qubit_sweep_codecarbon,13,1,1,True,HARDWARE_EFFICIENT_CZ_2Q,PennyLane,0.42.3,default.qubit,HARDWARE_EFFICIENT_CZ,2,4,25,18,4,24,4,CZ_LINEAR,32,0.10297186,0.52572,0.102972,0.691824,0.1047189131,4.959876659627675e-07,0,9.286085149506108e-07,1.4245961809133785e-06,5.242622990673283e-07,0.36800765,3.2.8,2,1,3,28.6481,1.70951542,4.74865e-07,48.974403,Cortex-A53,4,4,25.4,1200.0,1,48.1,224.3594,0.88,Debian GNU/Linux 13 (trixie) aarch64,Linux,aarch64,3.10.20,0.7638888888888888,0.7640926640926641,0.7638888888888888,0.7638433339764615,0.7640926640926642,0.7638888888888888,0.7638433339764614
2026-07-06 01:45:41,c9160e6539125e06c66b22677b30e1ed0aad8c344173a6c30f97b14607f84244,c9160e65,ubuntu,quantum_circuit_qubit_sweep_codecarbon,14,1,1,True,HARDWARE_EFFICIENT_CZ_2Q,PennyLane,0.42.3,default.qubit,HARDWARE_EFFICIENT_CZ,2,4,25,18,4,24,4,CZ_LINEAR,32,0.20915185,0.552098,0.209152,0.687709,0.0961045171,4.919930836185813e-07,0,9.214445017278196e-07,1.4134375853464006e-06,5.201558504858393e-07,0.36800765,3.2.8,2,1,3,31.216,1.6961251,4.71146e-07,52.9462658,Cortex-A53,4,4,25.4,1200.0,1,48.0,224.3594,0.88,Debian GNU/Linux 13 (trixie) aarch64,Linux,aarch64,3.10.20,0.7638888888888888,0.7640926640926641,0.7638888888888888,0.7638433339764615,0.7640926640926642,0.7638888888888888,0.7638433339764614
2026-07-06 01:45:46,c9160e6539125e06c66b22677b30e1ed0aad8c344173a6c30f97b14607f84244,c9160e65,ubuntu,quantum_circuit_qubit_sweep_codecarbon,15,-1,1,False,HARDWARE_EFFICIENT_CZ_2Q,PennyLane,0.42.3,default.qubit,HARDWARE_EFFICIENT_CZ,2,4,25,18,4,24,4,CZ_LINEAR,32,0.11248338,0.528091,0.112483,0.691568,0.1071639499,4.969526626254911e-07,0,9.304345917189494e-07,1.4273872543444409e-06,5.252894354540735e-07,0.36800765,3.2.8,2,1,3,27.9945,1.71286471,4.75796e-07,47.9507719,Cortex-A53,4,4,25.2,1200.0,1,48.0,224.3594,0.88,Debian GNU/Linux 13 (trixie) aarch64,Linux,aarch64,3.10.20,0.7638888888888888,0.7640926640926641,0.7638888888888888,0.7638433339764615,0.7640926640926642,0.7638888888888888,0.7638433339764614
2026-07-06 01:45:51,c9160e6539125e06c66b22677b30e1ed0aad8c344173a6c30f97b14607f84244,c9160e65,ubuntu,quantum_circuit_qubit_sweep_codecarbon,16,1,-1,False,HARDWARE_EFFICIENT_CZ_2Q,PennyLane,0.42.3,default.qubit,HARDWARE_EFFICIENT_CZ,2,4,25,18,4,24,4,CZ_LINEAR,32,-0.08740376,0.521837,0.087404,0.692193,0.101948916,4.947026564429204e-07,0,9.262126251511896e-07,1.42091528159411e-06,5.22907699942601e-07,0.36800765,3.2.8,2,1,3,29.4265,1.70509834,4.73638e-07,50.17507999,Cortex-A53,4,4,25.7,1200.0,1,48.0,224.3594,0.88,Debian GNU/Linux 13 (trixie) aarch64,Linux,aarch64,3.10.20,0.7638888888888888,0.7640926640926641,0.7638888888888888,0.7638433339764615,0.7640926640926642,0.7638888888888888,0.7638433339764614
2026-07-06 01:45:56,c9160e6539125e06c66b22677b30e1ed0aad8c344173a6c30f97b14607f84244,c9160e65,ubuntu,quantum_circuit_qubit_sweep_codecarbon,17,1,-1,False,HARDWARE_EFFICIENT_CZ_2Q,PennyLane,0.42.3,default.qubit,HARDWARE_EFFICIENT_CZ,2,4,25,18,4,24,4,CZ_LINEAR,32,-0.01970464,0.504926,0.019705,0.693099,0.0986235621,4.95013548019967e-07,0,9.271181557172288e-07,1.422131703737196e-06,5.233553526022914e-07,0.36800765,3.2.8,2,1,3,30.4187,1.70655804,4.74044e-07,51.91126768,Cortex-A53,4,4,24.8,1200.0,2,47.9,224.3594,0.88,Debian GNU/Linux 13 (trixie) aarch64,Linux,aarch64,3.10.20,0.7638888888888888,0.7640926640926641,0.7638888888888888,0.7638433339764615,0.7640926640926642,0.7638888888888888,0.7638433339764614
2026-07-06 01:46:02,c9160e6539125e06c66b22677b30e1ed0aad8c344173a6c30f97b14607f84244,c9160e65,ubuntu,quantum_circuit_qubit_sweep_codecarbon,18,-1,-1,True,HARDWARE_EFFICIENT_CZ_2Q,PennyLane,0.42.3,default.qubit,HARDWARE_EFFICIENT_CZ,2,4,25,18,4,24,4,CZ_LINEAR,32,-0.4598513,0.612979,0.459851,0.667397,0.10868753,4.974930621683598e-07,0,9.317869091561686e-07,1.4292799713245285e-06,5.259859697904412e-07,0.36800765,3.2.8,2,1,3,27.6021,1.71513597,4.76427e-07,47.34129016,Cortex-A53,4,4,25.4,1200.0,1,47.8,224.3594,0.88,Debian GNU/Linux 13 (trixie) aarch64,Linux,aarch64,3.10.20,0.7638888888888888,0.7640926640926641,0.7638888888888888,0.7638433339764615,0.7640926640926642,0.7638888888888888,0.7638433339764614
2026-07-06 01:46:07,c9160e6539125e06c66b22677b30e1ed0aad8c344173a6c30f97b14607f84244,c9160e65,ubuntu,quantum_circuit_qubit_sweep_codecarbon,19,1,1,True,HARDWARE_EFFICIENT_CZ_2Q,PennyLane,0.42.3,default.qubit,HARDWARE_EFFICIENT_CZ,2,4,25,18,4,24,4,CZ_LINEAR,32,0.29776949,0.573897,0.297769,0.682185,0.1080218009,4.975538187782288e-07,0,9.313763858517632e-07,1.428930204629992e-06,5.258572529695825e-07,0.36800765,3.2.8,2,1,3,27.7722,1.71471625,4.7631e-07,47.62139397,Cortex-A53,4,4,24.5,1200.0,1,47.9,224.3594,0.88,Debian GNU/Linux 13 (trixie) aarch64,Linux,aarch64,3.10.20,0.7638888888888888,0.7640926640926641,0.7638888888888888,0.7638433339764615,0.7640926640926642,0.7638888888888888,0.7638433339764614
2026-07-06 01:46:13,c9160e6539125e06c66b22677b30e1ed0aad8c344173a6c30f97b14607f84244,c9160e65,ubuntu,quantum_circuit_qubit_sweep_codecarbon,20,-1,-1,True,HARDWARE_EFFICIENT_CZ_2Q,PennyLane,0.42.3,default.qubit,HARDWARE_EFFICIENT_CZ,2,4,25,18,4,24,4,CZ_LINEAR,32,-0.47319371,0.616139,0.473194,0.665922,0.0944955,4.916276227061948e-07,0,9.207724133739248e-07,1.4124000360801195e-06,5.197740244139854e-07,0.36800765,3.2.8,2,1,3,31.7475,1.69488004,4.708e-07,53.80827797,Cortex-A53,4,4,24.2,1200.0,2,47.8,224.3594,0.88,Debian GNU/Linux 13 (trixie) aarch64,Linux,aarch64,3.10.20,0.7638888888888888,0.7640926640926641,0.7638888888888888,0.7638433339764615,0.7640926640926642,0.7638888888888888,0.7638433339764614
2026-07-06 01:46:18,c9160e6539125e06c66b22677b30e1ed0aad8c344173a6c30f97b14607f84244,c9160e65,ubuntu,quantum_circuit_qubit_sweep_codecarbon,21,1,1,True,HARDWARE_EFFICIENT_CZ_2Q,PennyLane,0.42.3,default.qubit,HARDWARE_EFFICIENT_CZ,2,4,25,18,4,24,4,CZ_LINEAR,32,0.19766111,0.549255,0.197661,0.688287,0.1007572429,4.939448019057133e-07,0,9.251230699010192e-07,1.4190678718067323e-06,5.22227838999952e-07,0.36800765,3.2.8,2,1,3,29.7745,1.70288145,4.73023e-07,50.7025023,Cortex-A53,4,4,26.0,1200.0,2,47.7,224.3594,0.88,Debian GNU/Linux 13 (trixie) aarch64,Linux,aarch64,3.10.20,0.7638888888888888,0.7640926640926641,0.7638888888888888,0.7638433339764615,0.7640926640926642,0.7638888888888888,0.7638433339764614
2026-07-06 01:46:23,c9160e6539125e06c66b22677b30e1ed0aad8c344173a6c30f97b14607f84244,c9160e65,ubuntu,quantum_circuit_qubit_sweep_codecarbon,22,1,1,True,HARDWARE_EFFICIENT_CZ_2Q,PennyLane,0.42.3,default.qubit,HARDWARE_EFFICIENT_CZ,2,4,25,18,4,24,4,CZ_LINEAR,32,0.0148514,0.503713,0.014851,0.69312,0.1153156701,5.005207591586643e-07,0,9.374557241487006e-07,1.437976483307365e-06,5.291863527670862e-07,0.36800765,3.2.8,2,1,3,26.0155,1.72557178,4.79325e-07,44.8916902,Cortex-A53,4,4,25.5,1200.0,1,47.7,224.3594,0.88,Debian GNU/Linux 13 (trixie) aarch64,Linux,aarch64,3.10.20,0.7638888888888888,0.7640926640926641,0.7638888888888888,0.7638433339764615,0.7640926640926642,0.7638888888888888,0.7638433339764614
2026-07-06 01:46:29,c9160e6539125e06c66b22677b30e1ed0aad8c344173a6c30f97b14607f84244,c9160e65,ubuntu,quantum_circuit_qubit_sweep_codecarbon,23,-1,1,False,HARDWARE_EFFICIENT_CZ_2Q,PennyLane,0.42.3,default.qubit,HARDWARE_EFFICIENT_CZ,2,4,25,18,4,24,4,CZ_LINEAR,32,0.1026331,0.525636,0.102633,0.691832,0.1077555951,4.975635843972365e-07,0,9.313861540673922e-07,1.4289497384646287e-06,5.258644415702494e-07,0.36800765,3.2.8,2,1,3,27.8408,1.71473969,4.76317e-07,47.73969326,Cortex-A53,4,4,25.9,1200.0,4,49.4,224.3594,0.88,Debian GNU/Linux 13 (trixie) aarch64,Linux,aarch64,3.10.20,0.7638888888888888,0.7640926640926641,0.7638888888888888,0.7638433339764615,0.7640926640926642,0.7638888888888888,0.7638433339764614
2026-07-06 01:46:34,c9160e6539125e06c66b22677b30e1ed0aad8c344173a6c30f97b14607f84244,c9160e65,ubuntu,quantum_circuit_qubit_sweep_codecarbon,24,1,-1,False,HARDWARE_EFFICIENT_CZ_2Q,PennyLane,0.42.3,default.qubit,HARDWARE_EFFICIENT_CZ,2,4,25,18,4,24,4,CZ_LINEAR,32,-0.04075788,0.510188,0.040758,0.69294,0.089874208,4.893116354540809e-07,0,9.163849375909194e-07,1.4056965730450004e-06,5.173070987057815e-07,0.36800765,3.2.8,2,1,3,33.38,1.68683589,4.68566e-07,56.30656199,Cortex-A53,4,4,25.3,1200.0,1,49.4,224.3594,0.88,Debian GNU/Linux 13 (trixie) aarch64,Linux,aarch64,3.10.20,0.7638888888888888,0.7640926640926641,0.7638888888888888,0.7638433339764615,0.7640926640926642,0.7638888888888888,0.7638433339764614
2026-07-06 01:46:39,c9160e6539125e06c66b22677b30e1ed0aad8c344173a6c30f97b14607f84244,c9160e65,ubuntu,quantum_circuit_qubit_sweep_codecarbon,25,1,-1,False,HARDWARE_EFFICIENT_CZ_2Q,PennyLane,0.42.3,default.qubit,HARDWARE_EFFICIENT_CZ,2,4,25,18,4,24,4,CZ_LINEAR,32,-0.17855862,0.544521,0.178559,0.689178,0.112275884,4.992146440264252e-07,0,9.34936142487762e-07,1.4341507865141873e-06,5.277784670636162e-07,0.36800765,3.2.8,2,1,3,26.7199,1.72098094,4.7805e-07,45.98443269,Cortex-A53,4,4,25.5,1200.0,1,49.3,224.3594,0.88,Debian GNU/Linux 13 (trixie) aarch64,Linux,aarch64,3.10.20,0.7638888888888888,0.7640926640926641,0.7638888888888888,0.7638433339764615,0.7640926640926642,0.7638888888888888,0.7638433339764614
2026-07-06 01:46:44,c9160e6539125e06c66b22677b30e1ed0aad8c344173a6c30f97b14607f84244,c9160e65,ubuntu,quantum_circuit_qubit_sweep_codecarbon,26,1,1,True,HARDWARE_EFFICIENT_CZ_2Q,PennyLane,0.42.3,default.qubit,HARDWARE_EFFICIENT_CZ,2,4,25,18,4,24,4,CZ_LINEAR,32,0.13955528,0.534832,0.139555,0.690719,0.1015785821,4.949649772164924e-07,0,9.266515665998062e-07,1.4216165438162986e-06,5.231657698081386e-07,0.36800765,3.2.8,2,1,3,29.5338,1.70593985,4.73872e-07,50.38286077,Cortex-A53,4,4,25.5,1200.0,2,49.2,224.3594,0.88,Debian GNU/Linux 13 (trixie) aarch64,Linux,aarch64,3.10.20,0.7638888888888888,0.7640926640926641,0.7638888888888888,0.7638433339764615,0.7640926640926642,0.7638888888888888,0.7638433339764614
2026-07-06 01:46:50,c9160e6539125e06c66b22677b30e1ed0aad8c344173a6c30f97b14607f84244,c9160e65,ubuntu,quantum_circuit_qubit_sweep_codecarbon,27,-1,-1,True,HARDWARE_EFFICIENT_CZ_2Q,PennyLane,0.42.3,default.qubit,HARDWARE_EFFICIENT_CZ,2,4,25,18,4,24,4,CZ_LINEAR,32,-0.4753007,0.616638,0.475301,0.665686,0.09459486,4.912459302900566e-07,0,9.200654634817814e-07,1.411311393771838e-06,5.193733957115867e-07,0.36800765,3.2.8,2,1,3,31.7142,1.69357367,4.70437e-07,53.71032864,Cortex-A53,4,4,25.9,1200.0,2,49.1,224.3594,0.88,Debian GNU/Linux 13 (trixie) aarch64,Linux,aarch64,3.10.20,0.7638888888888888,0.7640926640926641,0.7638888888888888,0.7638433339764615,0.7640926640926642,0.7638888888888888,0.7638433339764614
2026-07-06 01:46:55,c9160e6539125e06c66b22677b30e1ed0aad8c344173a6c30f97b14607f84244,c9160e65,ubuntu,quantum_circuit_qubit_sweep_codecarbon,28,-1,-1,True,HARDWARE_EFFICIENT_CZ_2Q,PennyLane,0.42.3,default.qubit,HARDWARE_EFFICIENT_CZ,2,4,25,18,4,24,4,CZ_LINEAR,32,-0.15383972,0.538384,0.15384,0.690198,0.1123240008,4.991252673067674e-07,0,9.348282726326335e-07,1.433953539939401e-06,5.27705878814282e-07,0.36800765,3.2.8,2,1,3,26.7085,1.72074425,4.77985e-07,45.95841233,Cortex-A53,4,4,25.0,1200.0,1,49.2,224.3594,0.88,Debian GNU/Linux 13 (trixie) aarch64,Linux,aarch64,3.10.20,0.7638888888888888,0.7640926640926641,0.7638888888888888,0.7638433339764615,0.7640926640926642,0.7638888888888888,0.7638433339764614
2026-07-06 01:47:00,c9160e6539125e06c66b22677b30e1ed0aad8c344173a6c30f97b14607f84244,c9160e65,ubuntu,quantum_circuit_qubit_sweep_codecarbon,29,1,1,True,HARDWARE_EFFICIENT_CZ_2Q,PennyLane,0.42.3,default.qubit,HARDWARE_EFFICIENT_CZ,2,4,25,18,4,24,4,CZ_LINEAR,32,0.32320949,0.580106,0.323209,0.680258,0.108184485,4.976087806348411e-07,0,9.315022265460964e-07,1.4291110071809377e-06,5.259237896922733e-07,0.36800765,3.2.8,2,1,3,27.7304,1.71493321,4.7637e-07,47.55579902,Cortex-A53,4,4,25.2,1200.0,1,47.7,224.3594,0.88,Debian GNU/Linux 13 (trixie) aarch64,Linux,aarch64,3.10.20,0.7638888888888888,0.7640926640926641,0.7638888888888888,0.7638433339764615,0.7640926640926642,0.7638888888888888,0.7638433339764614
2026-07-06 01:47:06,c9160e6539125e06c66b22677b30e1ed0aad8c344173a6c30f97b14607f84244,c9160e65,ubuntu,quantum_circuit_qubit_sweep_codecarbon,30,-1,-1,True,HARDWARE_EFFICIENT_CZ_2Q,PennyLane,0.42.3,default.qubit,HARDWARE_EFFICIENT_CZ,2,4,25,18,4,24,4,CZ_LINEAR,32,-0.08397517,0.520981,0.083975,0.692266,0.0969235939,4.928538540711067e-07,0,9.228777633203816e-07,1.415731617391488e-06,5.210000718379706e-07,0.36800765,3.2.8,2,1,3,30.9522,1.69887794,4.71911e-07,52.58403674,Cortex-A53,4,4,24.8,1200.0,2,47.7,224.4062,0.88,Debian GNU/Linux 13 (trixie) aarch64,Linux,aarch64,3.10.20,0.7638888888888888,0.7640926640926641,0.7638888888888888,0.7638433339764615,0.7640926640926642,0.7638888888888888,0.7638433339764614
2026-07-06 01:47:11,c9160e6539125e06c66b22677b30e1ed0aad8c344173a6c30f97b14607f84244,c9160e65,ubuntu,quantum_circuit_qubit_sweep_codecarbon,31,-1,-1,True,HARDWARE_EFFICIENT_CZ_2Q,PennyLane,0.42.3,default.qubit,HARDWARE_EFFICIENT_CZ,2,4,25,18,4,24,4,CZ_LINEAR,32,-0.05854898,0.514633,0.058549,0.692719,0.100331234,4.938104617305929e-07,0,9.2488207660305e-07,1.4186925383336428e-06,5.22089713408886e-07,0.36800765,3.2.8,2,1,3,29.901,1.70243105,4.72898e-07,50.90431894,Cortex-A53,4,4,25.5,1200.0,1,48.2,224.4062,0.88,Debian GNU/Linux 13 (trixie) aarch64,Linux,aarch64,3.10.20,0.7638888888888888,0.7640926640926641,0.7638888888888888,0.7638433339764615,0.7640926640926642,0.7638888888888888,0.7638433339764614
2026-07-06 01:47:17,c9160e6539125e06c66b22677b30e1ed0aad8c344173a6c30f97b14607f84244,c9160e65,ubuntu,quantum_circuit_qubit_sweep_codecarbon,32,-1,-1,True,HARDWARE_EFFICIENT_CZ_2Q,PennyLane,0.42.3,default.qubit,HARDWARE_EFFICIENT_CZ,2,4,25,18,4,24,4,CZ_LINEAR,32,-0.10177199,0.525421,0.101772,0.691854,0.1119836799,4.990879982295963e-07,0,9.347419541639584e-07,1.4338299523935548e-06,5.276603976514167e-07,0.36800765,3.2.8,2,1,3,26.7896,1.72059594,4.77943e-07,46.09410792,Cortex-A53,4,4,25.5,1200.0,1,48.1,224.4062,0.88,Debian GNU/Linux 13 (trixie) aarch64,Linux,aarch64,3.10.20,0.7638888888888888,0.7640926640926641,0.7638888888888888,0.7638433339764615,0.7640926640926642,0.7638888888888888,0.7638433339764614
2026-07-06 01:47:22,c9160e6539125e06c66b22677b30e1ed0aad8c344173a6c30f97b14607f84244,c9160e65,ubuntu,quantum_circuit_qubit_sweep_codecarbon,33,-1,-1,True,HARDWARE_EFFICIENT_CZ_2Q,PennyLane,0.42.3,default.qubit,HARDWARE_EFFICIENT_CZ,2,4,25,18,4,24,4,CZ_LINEAR,32,-0.28066345,0.569709,0.280663,0.683397,0.108502236,4.976609347181187e-07,0,9.316394759419686e-07,1.4293004106600873e-06,5.259934916223787e-07,0.36800765,3.2.8,2,1,3,27.6492,1.71516049,4.76433e-07,47.42281514,Cortex-A53,4,4,25.3,1200.0,1,48.1,224.4062,0.88,Debian GNU/Linux 13 (trixie) aarch64,Linux,aarch64,3.10.20,0.7638888888888888,0.7640926640926641,0.7638888888888888,0.7638433339764615,0.7640926640926642,0.7638888888888888,0.7638433339764614
2026-07-06 01:47:27,c9160e6539125e06c66b22677b30e1ed0aad8c344173a6c30f97b14607f84244,c9160e65,ubuntu,quantum_circuit_qubit_sweep_codecarbon,34,1,1,True,HARDWARE_EFFICIENT_CZ_2Q,PennyLane,0.42.3,default.qubit,HARDWARE_EFFICIENT_CZ,2,4,25,18,4,24,4,CZ_LINEAR,32,0.05449553,0.513621,0.054496,0.692776,0.0888034131,4.885649697648154e-07,0,9.147637073571482e-07,1.4033286771219638e-06,5.164356948811782e-07,0.36800765,3.2.8,2,1,3,33.7825,1.68399441,4.67776e-07,56.88951654,Cortex-A53,4,4,25.8,1200.0,2,48.1,224.4062,0.88,Debian GNU/Linux 13 (trixie) aarch64,Linux,aarch64,3.10.20,0.7638888888888888,0.7640926640926641,0.7638888888888888,0.7638433339764615,0.7640926640926642,0.7638888888888888,0.7638433339764614
2026-07-06 01:47:32,c9160e6539125e06c66b22677b30e1ed0aad8c344173a6c30f97b14607f84244,c9160e65,ubuntu,quantum_circuit_qubit_sweep_codecarbon,35,-1,1,False,HARDWARE_EFFICIENT_CZ_2Q,PennyLane,0.42.3,default.qubit,HARDWARE_EFFICIENT_CZ,2,4,25,18,4,24,4,CZ_LINEAR,32,0.11066043,0.527637,0.11066,0.691619,0.06582643,4.779162338624398e-07,0,8.950674659960593e-07,1.372983699858499e-06,5.052685109743043e-07,0.36800765,3.2.8,2,1,3,45.5744,1.64758044,4.57661e-07,75.08748873,Cortex-A53,4,4,25.8,1200.0,1,48.3,224.4062,0.88,Debian GNU/Linux 13 (trixie) aarch64,Linux,aarch64,3.10.20,0.7638888888888888,0.7640926640926641,0.7638888888888888,0.7638433339764615,0.7640926640926642,0.7638888888888888,0.7638433339764614
2026-07-06 01:47:38,c9160e6539125e06c66b22677b30e1ed0aad8c344173a6c30f97b14607f84244,c9160e65,ubuntu,quantum_circuit_qubit_sweep_codecarbon,36,1,1,True,HARDWARE_EFFICIENT_CZ_2Q,PennyLane,0.42.3,default.qubit,HARDWARE_EFFICIENT_CZ,2,4,25,18,4,24,4,CZ_LINEAR,32,0.1671922,0.541701,0.167192,0.689665,0.0657941881,4.778520351068841e-07,0,8.949118066811934e-07,1.3727638417880776e-06,5.051876015214979e-07,0.36800765,3.2.8,2,1,3,45.5967,1.64731661,4.57588e-07,75.11225499,Cortex-A53,4,4,25.6,1200.0,1,48.2,224.4062,0.88,Debian GNU/Linux 13 (trixie) aarch64,Linux,aarch64,3.10.20,0.7638888888888888,0.7640926640926641,0.7638888888888888,0.7638433339764615,0.7640926640926642,0.7638888888888888,0.7638433339764614
2026-07-06 01:47:43,c9160e6539125e06c66b22677b30e1ed0aad8c344173a6c30f97b14607f84244,c9160e65,ubuntu,quantum_circuit_qubit_sweep_codecarbon,37,-1,1,False,HARDWARE_EFFICIENT_CZ_2Q,PennyLane,0.42.3,default.qubit,HARDWARE_EFFICIENT_CZ,2,4,25,18,4,24,4,CZ_LINEAR,32,0.1337422,0.533386,0.133742,0.690916,0.0651621588,4.774798057559464e-07,0,8.94256280735135e-07,1.3717360864910815e-06,5.048093797053084e-07,0.36800765,3.2.8,2,1,3,46.039,1.6460833,4.57245e-07,75.78401333,Cortex-A53,4,4,25.5,1200.0,1,48.2,224.4062,0.88,Debian GNU/Linux 13 (trixie) aarch64,Linux,aarch64,3.10.20,0.7638888888888888,0.7640926640926641,0.7638888888888888,0.7638433339764615,0.7640926640926642,0.7638888888888888,0.7638433339764614
2026-07-06 01:47:48,c9160e6539125e06c66b22677b30e1ed0aad8c344173a6c30f97b14607f84244,c9160e65,ubuntu,quantum_circuit_qubit_sweep_codecarbon,38,-1,-1,True,HARDWARE_EFFICIENT_CZ_2Q,PennyLane,0.42.3,default.qubit,HARDWARE_EFFICIENT_CZ,2,4,25,18,4,24,4,CZ_LINEAR,32,-0.0845628,0.521128,0.084563,0.692254,0.0653828341,4.776733373809192e-07,0,8.946264874733363e-07,1.3722998248542556e-06,5.0501683973806e-07,0.36800765,3.2.8,2,1,3,45.8836,1.64675979,4.57433e-07,75.55927241,Cortex-A53,4,4,25.6,1200.0,1,48.0,224.4062,0.88,Debian GNU/Linux 13 (trixie) aarch64,Linux,aarch64,3.10.20,0.7638888888888888,0.7640926640926641,0.7638888888888888,0.7638433339764615,0.7640926640926642,0.7638888888888888,0.7638433339764614
2026-07-06 01:47:54,c9160e6539125e06c66b22677b30e1ed0aad8c344173a6c30f97b14607f84244,c9160e65,ubuntu,quantum_circuit_qubit_sweep_codecarbon,39,-1,1,False,HARDWARE_EFFICIENT_CZ_2Q,PennyLane,0.42.3,default.qubit,HARDWARE_EFFICIENT_CZ,2,4,25,18,4,24,4,CZ_LINEAR,32,0.1481072,0.536959,0.148107,0.690413,0.0658579869,4.778822862232725e-07,0,8.949722599936649e-07,1.3728545462169375e-06,5.052209814456103e-07,0.36800765,3.2.8,2,1,3,45.5526,1.64742546,4.57618e-07,75.04444939,Cortex-A53,4,4,26.2,1200.0,2,48.1,224.4062,0.88,Debian GNU/Linux 13 (trixie) aarch64,Linux,aarch64,3.10.20,0.7638888888888888,0.7640926640926641,0.7638888888888888,0.7638433339764615,0.7640926640926642,0.7638888888888888,0.7638433339764614
2026-07-06 01:47:59,c9160e6539125e06c66b22677b30e1ed0aad8c344173a6c30f97b14607f84244,c9160e65,ubuntu,quantum_circuit_qubit_sweep_codecarbon,40,-1,-1,True,HARDWARE_EFFICIENT_CZ_2Q,PennyLane,0.42.3,default.qubit,HARDWARE_EFFICIENT_CZ,2,4,25,18,4,24,4,CZ_LINEAR,32,-0.46164822,0.613405,0.461648,0.667201,0.1113314792,4.987361186908351e-07,0,9.340540117894612e-07,1.432790130480296e-06,5.272777352280793e-07,0.36800765,3.2.8,2,1,3,26.9466,1.71934816,4.77597e-07,46.33051235,Cortex-A53,4,4,25.3,1200.0,1,48.2,224.5469,0.88,Debian GNU/Linux 13 (trixie) aarch64,Linux,aarch64,3.10.20,0.7638888888888888,0.7640926640926641,0.7638888888888888,0.7638433339764615,0.7640926640926642,0.7638888888888888,0.7638433339764614
2026-07-06 01:48:05,c9160e6539125e06c66b22677b30e1ed0aad8c344173a6c30f97b14607f84244,c9160e65,ubuntu,quantum_circuit_qubit_sweep_codecarbon,41,-1,-1,True,HARDWARE_EFFICIENT_CZ_2Q,PennyLane,0.42.3,default.qubit,HARDWARE_EFFICIENT_CZ,2,4,25,18,4,24,4,CZ_LINEAR,32,-0.01895771,0.504739,0.018958,0.693102,0.1072844639,4.973402587282988e-07,0,9.30965119235528e-07,1.4283053779638268e-06,5.25627311973733e-07,0.36800765,3.2.8,2,1,3,27.963,1.71396645,4.76102e-07,47.92771639,Cortex-A53,4,4,25.5,1200.0,1,48.2,224.5586,0.88,Debian GNU/Linux 13 (trixie) aarch64,Linux,aarch64,3.10.20,0.7638888888888888,0.7640926640926641,0.7638888888888888,0.7638433339764615,0.7640926640926642,0.7638888888888888,0.7638433339764614
2026-07-06 01:48:10,c9160e6539125e06c66b22677b30e1ed0aad8c344173a6c30f97b14607f84244,c9160e65,ubuntu,quantum_circuit_qubit_sweep_codecarbon,42,-1,-1,True,HARDWARE_EFFICIENT_CZ_2Q,PennyLane,0.42.3,default.qubit,HARDWARE_EFFICIENT_CZ,2,4,25,18,4,24,4,CZ_LINEAR,32,-0.36015095,0.589077,0.360151,0.677193,0.1028935439,4.951827831359374e-07,0,9.271309625667832e-07,1.4223137457027205e-06,5.234223454390344e-07,0.36800765,3.2.8,2,1,3,29.1563,1.70677649,4.74105e-07,49.76336989,Cortex-A53,4,4,25.5,1200.0,1,48.2,224.5586,0.88,Debian GNU/Linux 13 (trixie) aarch64,Linux,aarch64,3.10.20,0.7638888888888888,0.7640926640926641,0.7638888888888888,0.7638433339764615,0.7640926640926642,0.7638888888888888,0.7638433339764614
2026-07-06 01:48:15,c9160e6539125e06c66b22677b30e1ed0aad8c344173a6c30f97b14607f84244,c9160e65,ubuntu,quantum_circuit_qubit_sweep_codecarbon,43,1,1,True,HARDWARE_EFFICIENT_CZ_2Q,PennyLane,0.42.3,default.qubit,HARDWARE_EFFICIENT_CZ,2,4,25,18,4,24,4,CZ_LINEAR,32,0.30364821,0.575334,0.303648,0.681753,0.0985630939,4.930321590767966e-07,0,9.233769698766992e-07,1.416409128953496e-06,5.212494012787636e-07,0.36800765,3.2.8,2,1,3,30.4374,1.69969095,4.72136e-07,51.73409905,Cortex-A53,4,4,25.7,1200.0,2,48.1,224.5586,0.88,Debian GNU/Linux 13 (trixie) aarch64,Linux,aarch64,3.10.20,0.7638888888888888,0.7640926640926641,0.7638888888888888,0.7638433339764615,0.7640926640926642,0.7638888888888888,0.7638433339764614
2026-07-06 01:48:20,c9160e6539125e06c66b22677b30e1ed0aad8c344173a6c30f97b14607f84244,c9160e65,ubuntu,quantum_circuit_qubit_sweep_codecarbon,44,1,1,True,HARDWARE_EFFICIENT_CZ_2Q,PennyLane,0.42.3,default.qubit,HARDWARE_EFFICIENT_CZ,2,4,25,18,4,24,4,CZ_LINEAR,32,0.33043686,0.581866,0.330437,0.679683,0.1134815142,4.999365634802315e-07,0,9.362883966726562e-07,1.4362249601528876e-06,5.285417788393032e-07,0.36800765,3.2.8,2,1,3,26.436,1.72346995,4.78742e-07,45.56169254,Cortex-A53,4,4,25.7,1200.0,1,48.2,224.5586,0.88,Debian GNU/Linux 13 (trixie) aarch64,Linux,aarch64,3.10.20,0.7638888888888888,0.7640926640926641,0.7638888888888888,0.7638433339764615,0.7640926640926642,0.7638888888888888,0.7638433339764614
2026-07-06 01:48:26,c9160e6539125e06c66b22677b30e1ed0aad8c344173a6c30f97b14607f84244,c9160e65,ubuntu,quantum_circuit_qubit_sweep_codecarbon,45,1,-1,False,HARDWARE_EFFICIENT_CZ_2Q,PennyLane,0.42.3,default.qubit,HARDWARE_EFFICIENT_CZ,2,4,25,18,4,24,4,CZ_LINEAR,32,-0.01569702,0.503924,0.015697,0.693116,0.1084852319,4.97911679558456e-07,0,9.321079740766436e-07,1.4300196536350997e-06,5.26258178542588e-07,0.36800765,3.2.8,2,1,3,27.6535,1.71602358,4.76673e-07,47.45411577,Cortex-A53,4,4,25.5,1200.0,2,48.1,224.5586,0.88,Debian GNU/Linux 13 (trixie) aarch64,Linux,aarch64,3.10.20,0.7638888888888888,0.7640926640926641,0.7638888888888888,0.7638433339764615,0.7640926640926642,0.7638888888888888,0.7638433339764614
2026-07-06 01:48:31,c9160e6539125e06c66b22677b30e1ed0aad8c344173a6c30f97b14607f84244,c9160e65,ubuntu,quantum_circuit_qubit_sweep_codecarbon,46,1,1,True,HARDWARE_EFFICIENT_CZ_2Q,PennyLane,0.42.3,default.qubit,HARDWARE_EFFICIENT_CZ,2,4,25,18,4,24,4,CZ_LINEAR,32,0.43615445,0.607342,0.436154,0.669922,0.0999376141,4.939027542455329e-07,0,9.247470542322844e-07,1.4186498084778171e-06,5.22073988494869e-07,0.36800765,3.2.8,2,1,3,30.0187,1.70237977,4.72883e-07,51.10327437,Cortex-A53,4,4,25.5,1200.0,2,48.2,224.5586,0.88,Debian GNU/Linux 13 (trixie) aarch64,Linux,aarch64,3.10.20,0.7638888888888888,0.7640926640926641,0.7638888888888888,0.7638433339764615,0.7640926640926642,0.7638888888888888,0.7638433339764614
2026-07-06 01:48:36,c9160e6539125e06c66b22677b30e1ed0aad8c344173a6c30f97b14607f84244,c9160e65,ubuntu,quantum_circuit_qubit_sweep_codecarbon,47,1,1,True,HARDWARE_EFFICIENT_CZ_2Q,PennyLane,0.42.3,default.qubit,HARDWARE_EFFICIENT_CZ,2,4,25,18,4,24,4,CZ_LINEAR,32,0.22863831,0.556912,0.228638,0.686655,0.0916349951,4.90039026242955e-07,0,9.177195108107602e-07,1.4077585370537152e-06,5.180659172441759e-07,0.36800765,3.2.8,2,1,3,32.7386,1.68931024,4.69253e-07,55.30562565,Cortex-A53,4,4,24.8,1200.0,2,48.1,224.5586,0.88,Debian GNU/Linux 13 (trixie) aarch64,Linux,aarch64,3.10.20,0.7638888888888888,0.7640926640926641,0.7638888888888888,0.7638433339764615,0.7640926640926642,0.7638888888888888,0.7638433339764614
2026-07-06 01:48:42,c9160e6539125e06c66b22677b30e1ed0aad8c344173a6c30f97b14607f84244,c9160e65,ubuntu,quantum_circuit_qubit_sweep_codecarbon,48,1,1,True,HARDWARE_EFFICIENT_CZ_2Q,PennyLane,0.42.3,default.qubit,HARDWARE_EFFICIENT_CZ,2,4,25,18,4,24,4,CZ_LINEAR,32,0.26698376,0.566352,0.266984,0.684316,0.1076452311,4.970802693731255e-07,0,9.310111867186304e-07,1.4280914560917558e-06,5.255485870873581e-07,0.36800765,3.2.8,2,1,3,27.8693,1.71370975,4.7603e-07,47.75993503,Cortex-A53,4,4,26.0,1200.0,1,48.0,224.5586,0.88,Debian GNU/Linux 13 (trixie) aarch64,Linux,aarch64,3.10.20,0.7638888888888888,0.7640926640926641,0.7638888888888888,0.7638433339764615,0.7640926640926642,0.7638888888888888,0.7638433339764614
2026-07-06 01:48:47,c9160e6539125e06c66b22677b30e1ed0aad8c344173a6c30f97b14607f84244,c9160e65,ubuntu,quantum_circuit_qubit_sweep_codecarbon,49,-1,1,False,HARDWARE_EFFICIENT_CZ_2Q,PennyLane,0.42.3,default.qubit,HARDWARE_EFFICIENT_CZ,2,4,25,18,4,24,4,CZ_LINEAR,32,0.03114951,0.507787,0.03115,0.693026,0.115116236,5.003676141103554e-07,0,9.37171211699024e-07,1.4375388258093793e-06,5.290252914578028e-07,0.36800765,3.2.8,2,1,3,26.0606,1.72504659,4.7918e-07,44.95577645,Cortex-A53,4,4,24.5,1200.0,1,48.0,224.5586,0.88,Debian GNU/Linux 13 (trixie) aarch64,Linux,aarch64,3.10.20,0.7638888888888888,0.7640926640926641,0.7638888888888888,0.7638433339764615,0.7640926640926642,0.7638888888888888,0.7638433339764614
2026-07-06 01:48:53,c9160e6539125e06c66b22677b30e1ed0aad8c344173a6c30f97b14607f84244,c9160e65,ubuntu,quantum_circuit_qubit_sweep_codecarbon,50,-1,-1,True,HARDWARE_EFFICIENT_CZ_2Q,PennyLane,0.42.3,default.qubit,HARDWARE_EFFICIENT_CZ,2,4,25,18,4,24,4,CZ_LINEAR,32,-0.05923408,0.514804,0.059234,0.692709,0.110934223,4.983912182764875e-07,0,9.3284630177853e-07,1.4312375200550174e-06,5.267063627072077e-07,0.36800765,3.2.8,2,1,3,27.0431,1.71748502,4.77079e-07,46.4460374,Cortex-A53,4,4,26.0,1200.0,2,48.1,224.5586,0.88,Debian GNU/Linux 13 (trixie) aarch64,Linux,aarch64,3.10.20,0.7638888888888888,0.7640926640926641,0.7638888888888888,0.7638433339764615,0.7640926640926642,0.7638888888888888,0.7638433339764614
2026-07-06 01:48:58,c9160e6539125e06c66b22677b30e1ed0aad8c344173a6c30f97b14607f84244,c9160e65,ubuntu,quantum_circuit_qubit_sweep_codecarbon,51,1,-1,False,HARDWARE_EFFICIENT_CZ_2Q,PennyLane,0.42.3,default.qubit,HARDWARE_EFFICIENT_CZ,2,4,25,18,4,24,4,CZ_LINEAR,32,-0.20045497,0.549947,0.200455,0.68815,0.100168854,4.938856070829815e-07,0,9.247113867119576e-07,1.418596993794939e-06,5.220545522873027e-07,0.36800765,3.2.8,2,1,3,29.9494,1.70231639,4.72866e-07,50.98340426,Cortex-A53,4,4,24.2,1200.0,2,48.0,224.5586,0.88,Debian GNU/Linux 13 (trixie) aarch64,Linux,aarch64,3.10.20,0.7638888888888888,0.7640926640926641,0.7638888888888888,0.7638433339764615,0.7640926640926642,0.7638888888888888,0.7638433339764614
2026-07-06 01:49:03,c9160e6539125e06c66b22677b30e1ed0aad8c344173a6c30f97b14607f84244,c9160e65,ubuntu,quantum_circuit_qubit_sweep_codecarbon,52,1,1,True,HARDWARE_EFFICIENT_CZ_2Q,PennyLane,0.42.3,default.qubit,HARDWARE_EFFICIENT_CZ,2,4,25,18,4,24,4,CZ_LINEAR,32,0.43943808,0.608125,0.439438,0.669579,0.1021338431,4.949211501616285e-07,0,9.265420050360264e-07,1.4214631551976549e-06,5.231093216223732e-07,0.36800765,3.2.8,2,1,3,29.3732,1.70575579,4.73821e-07,50.10354259,Cortex-A53,4,4,24.8,1200.0,1,47.8,224.5586,0.88,Debian GNU/Linux 13 (trixie) aarch64,Linux,aarch64,3.10.20,0.7638888888888888,0.7640926640926641,0.7638888888888888,0.7638433339764615,0.7640926640926642,0.7638888888888888,0.7638433339764614
2026-07-06 01:49:08,c9160e6539125e06c66b22677b30e1ed0aad8c344173a6c30f97b14607f84244,c9160e65,ubuntu,quantum_circuit_qubit_sweep_codecarbon,53,1,-1,False,HARDWARE_EFFICIENT_CZ_2Q,PennyLane,0.42.3,default.qubit,HARDWARE_EFFICIENT_CZ,2,4,25,18,4,24,4,CZ_LINEAR,32,-0.12443137,0.531068,0.124431,0.691216,0.09233243,4.903530147340562e-07,0,9.183318734479446e-07,1.4086848881820009e-06,5.184068215500876e-07,0.36800765,3.2.8,2,1,3,32.4913,1.69042187,4.69562e-07,54.9239915,Cortex-A53,4,4,26.0,1200.0,1,47.8,224.5586,0.88,Debian GNU/Linux 13 (trixie) aarch64,Linux,aarch64,3.10.20,0.7638888888888888,0.7640926640926641,0.7638888888888888,0.7638433339764615,0.7640926640926642,0.7638888888888888,0.7638433339764614
2026-07-06 01:49:14,c9160e6539125e06c66b22677b30e1ed0aad8c344173a6c30f97b14607f84244,c9160e65,ubuntu,quantum_circuit_qubit_sweep_codecarbon,54,-1,-1,True,HARDWARE_EFFICIENT_CZ_2Q,PennyLane,0.42.3,default.qubit,HARDWARE_EFFICIENT_CZ,2,4,25,18,4,24,4,CZ_LINEAR,32,-0.28735839,0.571349,0.287358,0.682931,0.108271519,4.974030893709925e-07,0,9.315705109232416e-07,1.428973600294234e-06,5.258732229061931e-07,0.36800765,3.2.8,2,1,3,27.7081,1.71476832,4.76325e-07,47.51300259,Cortex-A53,4,4,24.8,1200.0,1,47.9,224.5586,0.88,Debian GNU/Linux 13 (trixie) aarch64,Linux,aarch64,3.10.20,0.7638888888888888,0.7640926640926641,0.7638888888888888,0.7638433339764615,0.7640926640926642,0.7638888888888888,0.7638433339764614
2026-07-06 01:49:19,c9160e6539125e06c66b22677b30e1ed0aad8c344173a6c30f97b14607f84244,c9160e65,ubuntu,quantum_circuit_qubit_sweep_codecarbon,55,-1,1,False,HARDWARE_EFFICIENT_CZ_2Q,PennyLane,0.42.3,default.qubit,HARDWARE_EFFICIENT_CZ,2,4,25,18,4,24,4,CZ_LINEAR,32,0.11500755,0.52872,0.115008,0.691497,0.114377999,5.000296270406456e-07,0,9.365255075196424e-07,1.4365551345602882e-06,5.28663285548528e-07,0.36800765,3.2.8,2,1,3,26.2288,1.72386616,4.78852e-07,45.21497605,Cortex-A53,4,4,25.0,1200.0,1,48.0,224.5586,0.88,Debian GNU/Linux 13 (trixie) aarch64,Linux,aarch64,3.10.20,0.7638888888888888,0.7640926640926641,0.7638888888888888,0.7638433339764615,0.7640926640926642,0.7638888888888888,0.7638433339764614
2026-07-06 01:49:24,c9160e6539125e06c66b22677b30e1ed0aad8c344173a6c30f97b14607f84244,c9160e65,ubuntu,quantum_circuit_qubit_sweep_codecarbon,56,1,1,True,HARDWARE_EFFICIENT_CZ_2Q,PennyLane,0.42.3,default.qubit,HARDWARE_EFFICIENT_CZ,2,4,25,18,4,24,4,CZ_LINEAR,32,0.05498884,0.513744,0.054989,0.692769,0.069097484,4.793853586953547e-07,0,8.97819600844135e-07,1.3772049595394897e-06,5.068219668483032e-07,0.36800765,3.2.8,2,1,3,43.4169,1.65264595,4.59068e-07,71.75279862,Cortex-A53,4,4,24.7,1200.0,2,48.0,224.5703,0.88,Debian GNU/Linux 13 (trixie) aarch64,Linux,aarch64,3.10.20,0.7638888888888888,0.7640926640926641,0.7638888888888888,0.7638433339764615,0.7640926640926642,0.7638888888888888,0.7638433339764614
2026-07-06 01:49:30,c9160e6539125e06c66b22677b30e1ed0aad8c344173a6c30f97b14607f84244,c9160e65,ubuntu,quantum_circuit_qubit_sweep_codecarbon,57,1,1,True,HARDWARE_EFFICIENT_CZ_2Q,PennyLane,0.42.3,default.qubit,HARDWARE_EFFICIENT_CZ,2,4,25,18,4,24,4,CZ_LINEAR,32,0.28959613,0.571897,0.289596,0.682773,0.090850035,4.900680138402229e-07,0,9.174779565849652e-07,1.407545970425188e-06,5.179876910977986e-07,0.36800765,3.2.8,2,1,3,33.0215,1.68905516,4.69182e-07,55.77505276,Cortex-A53,4,4,25.0,1200.0,3,47.7,224.5703,0.88,Debian GNU/Linux 13 (trixie) aarch64,Linux,aarch64,3.10.20,0.7638888888888888,0.7640926640926641,0.7638888888888888,0.7638433339764615,0.7640926640926642,0.7638888888888888,0.7638433339764614
2026-07-06 01:49:35,c9160e6539125e06c66b22677b30e1ed0aad8c344173a6c30f97b14607f84244,c9160e65,ubuntu,quantum_circuit_qubit_sweep_codecarbon,58,-1,-1,True,HARDWARE_EFFICIENT_CZ_2Q,PennyLane,0.42.3,default.qubit,HARDWARE_EFFICIENT_CZ,2,4,25,18,4,24,4,CZ_LINEAR,32,-0.21612827,0.553823,0.216128,0.687342,0.1034214322,4.951793210377359e-07,0,9.274560641885424e-07,1.4226353852262784e-06,5.235407112456754e-07,0.36800765,3.2.8,2,1,3,29.0075,1.70716246,4.74212e-07,49.52056143,Cortex-A53,4,4,26.8,1200.0,2,47.7,224.5703,0.88,Debian GNU/Linux 13 (trixie) aarch64,Linux,aarch64,3.10.20,0.7638888888888888,0.7640926640926641,0.7638888888888888,0.7638433339764615,0.7640926640926642,0.7638888888888888,0.7638433339764614
2026-07-06 01:49:40,c9160e6539125e06c66b22677b30e1ed0aad8c344173a6c30f97b14607f84244,c9160e65,ubuntu,quantum_circuit_qubit_sweep_codecarbon,59,1,1,True,HARDWARE_EFFICIENT_CZ_2Q,PennyLane,0.42.3,default.qubit,HARDWARE_EFFICIENT_CZ,2,4,25,18,4,24,4,CZ_LINEAR,32,0.11152447,0.527852,0.111524,0.691595,0.106994591,4.967954415386248e-07,0,9.303954883944244e-07,1.4271909299330492e-06,5.252171865679273e-07,0.36800765,3.2.8,2,1,3,28.0388,1.71262912,4.7573e-07,48.02006627,Cortex-A53,4,4,25.2,1200.0,1,48.1,224.5703,0.88,Debian GNU/Linux 13 (trixie) aarch64,Linux,aarch64,3.10.20,0.7638888888888888,0.7640926640926641,0.7638888888888888,0.7638433339764615,0.7640926640926642,0.7638888888888888,0.7638433339764614
2026-07-06 01:49:46,c9160e6539125e06c66b22677b30e1ed0aad8c344173a6c30f97b14607f84244,c9160e65,ubuntu,quantum_circuit_qubit_sweep_codecarbon,60,-1,1,False,HARDWARE_EFFICIENT_CZ_2Q,PennyLane,0.42.3,default.qubit,HARDWARE_EFFICIENT_CZ,2,4,25,18,4,24,4,CZ_LINEAR,32,0.11642843,0.529074,0.116428,0.691456,0.107155005,4.969147170395411e-07,0,9.30679586599581e-07,1.427594303639122e-06,5.253656311793634e-07,0.36800765,3.2.8,2,1,3,27.9968,1.71311316,4.75865e-07,47.96173071,Cortex-A53,4,4,25.2,1200.0,2,48.2,224.6172,0.88,Debian GNU/Linux 13 (trixie) aarch64,Linux,aarch64,3.10.20,0.7638888888888888,0.7640926640926641,0.7638888888888888,0.7638433339764615,0.7640926640926642,0.7638888888888888,0.7638433339764614
2026-07-06 01:49:51,c9160e6539125e06c66b22677b30e1ed0aad8c344173a6c30f97b14607f84244,c9160e65,ubuntu,quantum_circuit_qubit_sweep_codecarbon,61,-1,-1,True,HARDWARE_EFFICIENT_CZ_2Q,PennyLane,0.42.3,default.qubit,HARDWARE_EFFICIENT_CZ,2,4,25,18,4,24,4,CZ_LINEAR,32,-0.20042498,0.549939,0.200425,0.688151,0.101530239,4.945477034623995e-07,0,9.259270356657604e-07,1.42047473912816e-06,5.227455769430239e-07,0.36800765,3.2.8,2,1,3,29.5478,1.70456969,4.73492e-07,50.36636486,Cortex-A53,4,4,25.3,1200.0,1,48.1,224.6172,0.88,Debian GNU/Linux 13 (trixie) aarch64,Linux,aarch64,3.10.20,0.7638888888888888,0.7640926640926641,0.7638888888888888,0.7638433339764615,0.7640926640926642,0.7638888888888888,0.7638433339764614
2026-07-06 01:49:57,c9160e6539125e06c66b22677b30e1ed0aad8c344173a6c30f97b14607f84244,c9160e65,ubuntu,quantum_circuit_qubit_sweep_codecarbon,62,-1,-1,True,HARDWARE_EFFICIENT_CZ_2Q,PennyLane,0.42.3,default.qubit,HARDWARE_EFFICIENT_CZ,2,4,25,18,4,24,4,CZ_LINEAR,32,-0.29275158,0.57267,0.292752,0.682548,0.0924447081,4.89407049285041e-07,0,9.166036299817886e-07,1.4060106792668294e-06,5.17422692199723e-07,0.36800765,3.2.8,2,1,3,32.4518,1.68721282,4.6867e-07,54.75314433,Cortex-A53,4,4,25.8,1200.0,2,48.0,224.6172,0.88,Debian GNU/Linux 13 (trixie) aarch64,Linux,aarch64,3.10.20,0.7638888888888888,0.7640926640926641,0.7638888888888888,0.7638433339764615,0.7640926640926642,0.7638888888888888,0.7638433339764614
2026-07-06 01:50:02,c9160e6539125e06c66b22677b30e1ed0aad8c344173a6c30f97b14607f84244,c9160e65,ubuntu,quantum_circuit_qubit_sweep_codecarbon,63,-1,-1,True,HARDWARE_EFFICIENT_CZ_2Q,PennyLane,0.42.3,default.qubit,HARDWARE_EFFICIENT_CZ,2,4,25,18,4,24,4,CZ_LINEAR,32,-0.00918844,0.502297,0.009188,0.693137,0.1075423409,4.970143431176742e-07,0,9.308591032944e-07,1.427873446412074e-06,5.254683578564924e-07,0.36800765,3.2.8,2,1,3,27.896,1.71344814,4.75958e-07,47.79833101,Cortex-A53,4,4,26.1,1200.0,2,48.2,224.6172,0.88,Debian GNU/Linux 13 (trixie) aarch64,Linux,aarch64,3.10.20,0.7638888888888888,0.7640926640926641,0.7638888888888888,0.7638433339764615,0.7640926640926642,0.7638888888888888,0.7638433339764614
2026-07-06 01:50:07,c9160e6539125e06c66b22677b30e1ed0aad8c344173a6c30f97b14607f84244,c9160e65,ubuntu,quantum_circuit_qubit_sweep_codecarbon,64,1,1,True,HARDWARE_EFFICIENT_CZ_2Q,PennyLane,0.42.3,default.qubit,HARDWARE_EFFICIENT_CZ,2,4,25,18,4,24,4,CZ_LINEAR,32,0.1512619,0.537744,0.151262,0.690295,0.1091446239,4.977866516499448e-07,0,9.323369909543544e-07,1.4301236426042992e-06,5.262964472792312e-07,0.36800765,3.2.8,2,1,3,27.4865,1.71614837,4.76708e-07,47.17085397,Cortex-A53,4,4,24.8,1200.0,1,48.1,224.6172,0.88,Debian GNU/Linux 13 (trixie) aarch64,Linux,aarch64,3.10.20,0.7638888888888888,0.7640926640926641,0.7638888888888888,0.7638433339764615,0.7640926640926642,0.7638888888888888,0.7638433339764614
2026-07-06 01:50:12,c9160e6539125e06c66b22677b30e1ed0aad8c344173a6c30f97b14607f84244,c9160e65,ubuntu,quantum_circuit_qubit_sweep_codecarbon,65,-1,-1,True,HARDWARE_EFFICIENT_CZ_2Q,PennyLane,0.42.3,default.qubit,HARDWARE_EFFICIENT_CZ,2,4,25,18,4,24,4,CZ_LINEAR,32,-0.06032463,0.515077,0.060325,0.692693,0.107717806,4.971714114977254e-07,0,9.311418883347264e-07,1.4283132998324515e-06,5.256302272820245e-07,0.36800765,3.2.8,2,1,3,27.8505,1.71397596,4.76104e-07,47.73517091,Cortex-A53,4,4,25.2,1200.0,1,48.0,224.6172,0.88,Debian GNU/Linux 13 (trixie) aarch64,Linux,aarch64,3.10.20,0.7638888888888888,0.7640926640926641,0.7638888888888888,0.7638433339764615,0.7640926640926642,0.7638888888888888,0.7638433339764614
2026-07-06 01:50:18,c9160e6539125e06c66b22677b30e1ed0aad8c344173a6c30f97b14607f84244,c9160e65,ubuntu,quantum_circuit_qubit_sweep_codecarbon,66,-1,-1,True,HARDWARE_EFFICIENT_CZ_2Q,PennyLane,0.42.3,default.qubit,HARDWARE_EFFICIENT_CZ,2,4,25,18,4,24,4,CZ_LINEAR,32,-0.12589269,0.531432,0.125893,0.69117,0.1090646209,4.980116551741958e-07,0,9.322531542663152e-07,1.4302648094405112e-06,5.263483977555108e-07,0.36800765,3.2.8,2,1,3,27.5066,1.71631777,4.76755e-07,47.21011516,Cortex-A53,4,4,26.2,1200.0,1,48.2,224.6172,0.88,Debian GNU/Linux 13 (trixie) aarch64,Linux,aarch64,3.10.20,0.7638888888888888,0.7640926640926641,0.7638888888888888,0.7638433339764615,0.7640926640926642,0.7638888888888888,0.7638433339764614
2026-07-06 01:50:23,c9160e6539125e06c66b22677b30e1ed0aad8c344173a6c30f97b14607f84244,c9160e65,ubuntu,quantum_circuit_qubit_sweep_codecarbon,67,1,1,True,HARDWARE_EFFICIENT_CZ_2Q,PennyLane,0.42.3,default.qubit,HARDWARE_EFFICIENT_CZ,2,4,25,18,4,24,4,CZ_LINEAR,32,0.11815532,0.529505,0.118155,0.691405,0.102005227,4.946510409584475e-07,0,9.261343350711588e-07,1.4207853760296065e-06,5.228598937005088e-07,0.36800765,3.2.8,2,1,3,29.4103,1.70494245,4.73595e-07,50.14279664,Cortex-A53,4,4,25.0,1200.0,1,48.1,224.6172,0.88,Debian GNU/Linux 13 (trixie) aarch64,Linux,aarch64,3.10.20,0.7638888888888888,0.7640926640926641,0.7638888888888888,0.7638433339764615,0.7640926640926642,0.7638888888888888,0.7638433339764614
2026-07-06 01:50:28,c9160e6539125e06c66b22677b30e1ed0aad8c344173a6c30f97b14607f84244,c9160e65,ubuntu,quantum_circuit_qubit_sweep_codecarbon,68,-1,-1,True,HARDWARE_EFFICIENT_CZ_2Q,PennyLane,0.42.3,default.qubit,HARDWARE_EFFICIENT_CZ,2,4,25,18,4,24,4,CZ_LINEAR,32,-0.46388776,0.613936,0.463888,0.666955,0.0984583169,4.931400672049635e-07,0,9.233986149774864e-07,1.41653868218245e-06,5.212970778586764e-07,0.36800765,3.2.8,2,1,3,30.4697,1.69984642,4.7218e-07,51.79389022,Cortex-A53,4,4,25.3,1200.0,1,48.1,224.6172,0.88,Debian GNU/Linux 13 (trixie) aarch64,Linux,aarch64,3.10.20,0.7638888888888888,0.7640926640926641,0.7638888888888888,0.7638433339764615,0.7640926640926642,0.7638888888888888,0.7638433339764614
2026-07-06 01:50:34,c9160e6539125e06c66b22677b30e1ed0aad8c344173a6c30f97b14607f84244,c9160e65,ubuntu,quantum_circuit_qubit_sweep_codecarbon,69,-1,-1,True,HARDWARE_EFFICIENT_CZ_2Q,PennyLane,0.42.3,default.qubit,HARDWARE_EFFICIENT_CZ,2,4,25,18,4,24,4,CZ_LINEAR,32,-0.43225809,0.606413,0.432258,0.670326,0.0960053059,4.919037252871527e-07,0,9.212292123508328e-07,1.4131329376379857e-06,5.200437377972339e-07,0.36800765,3.2.8,2,1,3,31.2483,1.69575953,4.71044e-07,52.98955645,Cortex-A53,4,4,25.3,1200.0,1,48.1,224.6172,0.88,Debian GNU/Linux 13 (trixie) aarch64,Linux,aarch64,3.10.20,0.7638888888888888,0.7640926640926641,0.7638888888888888,0.7638433339764615,0.7640926640926642,0.7638888888888888,0.7638433339764614
2026-07-06 01:50:40,c9160e6539125e06c66b22677b30e1ed0aad8c344173a6c30f97b14607f84244,c9160e65,ubuntu,quantum_circuit_qubit_sweep_codecarbon,70,-1,-1,True,HARDWARE_EFFICIENT_CZ_2Q,PennyLane,0.42.3,default.qubit,HARDWARE_EFFICIENT_CZ,2,4,25,18,4,24,4,CZ_LINEAR,32,-0.0280923,0.507023,0.028092,0.693049,0.108448003,4.98059798239006e-07,0,9.323905142567432e-07,1.4304503124957492e-06,5.264166642997611e-07,0.36800765,3.2.8,2,1,3,27.663,1.71654037,4.76817e-07,47.48470221,Cortex-A53,4,4,26.1,1200.0,1,47.9,224.6172,0.88,Debian GNU/Linux 13 (trixie) aarch64,Linux,aarch64,3.10.20,0.7638888888888888,0.7640926640926641,0.7638888888888888,0.7638433339764615,0.7640926640926642,0.7638888888888888,0.7638433339764614
2026-07-06 01:50:45,c9160e6539125e06c66b22677b30e1ed0aad8c344173a6c30f97b14607f84244,c9160e65,ubuntu,quantum_circuit_qubit_sweep_codecarbon,71,-1,-1,True,HARDWARE_EFFICIENT_CZ_2Q,PennyLane,0.42.3,default.qubit,HARDWARE_EFFICIENT_CZ,2,4,25,18,4,24,4,CZ_LINEAR,32,-0.21459599,0.553444,0.214596,0.687424,0.1085368032,4.978114496719123e-07,0,9.318521376311158e-07,1.429663587303028e-06,5.26127143406896e-07,0.36800765,3.2.8,2,1,3,27.6404,1.7155963,4.76555e-07,47.41975776,Cortex-A53,4,4,24.7,1200.0,1,48.0,224.6172,0.88,Debian GNU/Linux 13 (trixie) aarch64,Linux,aarch64,3.10.20,0.7638888888888888,0.7640926640926641,0.7638888888888888,0.7638433339764615,0.7640926640926642,0.7638888888888888,0.7638433339764614
2026-07-06 01:50:58,c9160e6539125e06c66b22677b30e1ed0aad8c344173a6c30f97b14607f84244,c9160e65,ubuntu,quantum_circuit_qubit_sweep_codecarbon,0,-1,-1,True,HARDWARE_EFFICIENT_CZ_3Q,PennyLane,0.42.3,default.qubit,HARDWARE_EFFICIENT_CZ,3,4,37,18,6,36,8,CZ_LINEAR,50,-0.05799692,0.514495,0.057997,0.692727,0.0973518558,4.919278390912547e-07,0,9.213397467586522e-07,1.4132675858499069e-06,5.20093289369878e-07,0.36800765,3.2.8,3,1,4,41.0881,1.27194083,3.53317e-07,52.26159548,Cortex-A53,4,4,25.3,1200.0,2,48.0,224.6172,0.88,Debian GNU/Linux 13 (trixie) aarch64,Linux,aarch64,3.10.20,0.7777777777777778,0.78125,0.7777777777777778,0.7770897832817337,0.78125,0.7777777777777778,0.7770897832817337
2026-07-06 01:51:03,c9160e6539125e06c66b22677b30e1ed0aad8c344173a6c30f97b14607f84244,c9160e65,ubuntu,quantum_circuit_qubit_sweep_codecarbon,1,1,1,True,HARDWARE_EFFICIENT_CZ_3Q,PennyLane,0.42.3,default.qubit,HARDWARE_EFFICIENT_CZ,3,4,37,18,6,36,8,CZ_LINEAR,50,0.49174835,0.620518,0.491748,0.66381,0.097634302,4.919210947616492e-07,0,9.213388233911246e-07,1.413259918152774e-06,5.200904675986412e-07,0.36800765,3.2.8,3,1,4,40.9692,1.27193393,3.53315e-07,52.11012525,Cortex-A53,4,4,24.7,1200.0,1,48.2,224.6172,0.88,Debian GNU/Linux 13 (trixie) aarch64,Linux,aarch64,3.10.20,0.7777777777777778,0.78125,0.7777777777777778,0.7770897832817337,0.78125,0.7777777777777778,0.7770897832817337
2026-07-06 01:51:08,c9160e6539125e06c66b22677b30e1ed0aad8c344173a6c30f97b14607f84244,c9160e65,ubuntu,quantum_circuit_qubit_sweep_codecarbon,2,1,1,True,HARDWARE_EFFICIENT_CZ_3Q,PennyLane,0.42.3,default.qubit,HARDWARE_EFFICIENT_CZ,3,4,37,18,6,36,8,CZ_LINEAR,50,0.34872958,0.586309,0.34873,0.678174,0.0971814909,4.918651857489129e-07,0,9.21160948346369e-07,1.413026134095282e-06,5.200044332759972e-07,0.36800765,3.2.8,3,1,4,41.1601,1.27172352,3.53257e-07,52.34426883,Cortex-A53,4,4,24.3,1200.0,1,48.1,224.6172,0.88,Debian GNU/Linux 13 (trixie) aarch64,Linux,aarch64,3.10.20,0.7777777777777778,0.78125,0.7777777777777778,0.7770897832817337,0.78125,0.7777777777777778,0.7770897832817337
2026-07-06 01:51:14,c9160e6539125e06c66b22677b30e1ed0aad8c344173a6c30f97b14607f84244,c9160e65,ubuntu,quantum_circuit_qubit_sweep_codecarbon,3,1,1,True,HARDWARE_EFFICIENT_CZ_3Q,PennyLane,0.42.3,default.qubit,HARDWARE_EFFICIENT_CZ,3,4,37,18,6,36,8,CZ_LINEAR,50,0.00196743,0.500492,0.001967,0.693147,0.099307884,4.927420525087251e-07,0,9.228545050912848e-07,1.41559655760001e-06,5.20950368800899e-07,0.36800765,3.2.8,3,1,4,40.2788,1.2740369,3.53899e-07,51.3166468,Cortex-A53,4,4,26.0,1200.0,2,48.1,224.6172,0.88,Debian GNU/Linux 13 (trixie) aarch64,Linux,aarch64,3.10.20,0.7777777777777778,0.78125,0.7777777777777778,0.7770897832817337,0.78125,0.7777777777777778,0.7770897832817337
2026-07-06 01:51:19,c9160e6539125e06c66b22677b30e1ed0aad8c344173a6c30f97b14607f84244,c9160e65,ubuntu,quantum_circuit_qubit_sweep_codecarbon,4,-1,1,False,HARDWARE_EFFICIENT_CZ_3Q,PennyLane,0.42.3,default.qubit,HARDWARE_EFFICIENT_CZ,3,4,37,18,6,36,8,CZ_LINEAR,50,0.0143903,0.503598,0.01439,0.693121,0.0971069559,4.912682549079696e-07,0,9.201008616946638e-07,1.4113691166026334e-06,5.193946381551556e-07,0.36800765,3.2.8,3,1,4,41.1917,1.2702322,3.52842e-07,52.3230161,Cortex-A53,4,4,25.0,1200.0,1,48.1,224.6172,0.88,Debian GNU/Linux 13 (trixie) aarch64,Linux,aarch64,3.10.20,0.7777777777777778,0.78125,0.7777777777777778,0.7770897832817337,0.78125,0.7777777777777778,0.7770897832817337
2026-07-06 01:51:24,c9160e6539125e06c66b22677b30e1ed0aad8c344173a6c30f97b14607f84244,c9160e65,ubuntu,quantum_circuit_qubit_sweep_codecarbon,5,1,1,True,HARDWARE_EFFICIENT_CZ_3Q,PennyLane,0.42.3,default.qubit,HARDWARE_EFFICIENT_CZ,3,4,37,18,6,36,8,CZ_LINEAR,50,0.40048282,0.598804,0.400483,0.673494,0.0969863308,4.917181799602178e-07,0,9.209134757596378e-07,1.4126316557198556e-06,5.198592622143278e-07,0.36800765,3.2.8,3,1,4,41.2429,1.27136849,3.53158e-07,52.43495571,Cortex-A53,4,4,25.2,1200.0,1,48.1,224.6172,0.88,Debian GNU/Linux 13 (trixie) aarch64,Linux,aarch64,3.10.20,0.7777777777777778,0.78125,0.7777777777777778,0.7770897832817337,0.78125,0.7777777777777778,0.7770897832817337
2026-07-06 01:51:30,c9160e6539125e06c66b22677b30e1ed0aad8c344173a6c30f97b14607f84244,c9160e65,ubuntu,quantum_circuit_qubit_sweep_codecarbon,6,1,1,True,HARDWARE_EFFICIENT_CZ_3Q,PennyLane,0.42.3,default.qubit,HARDWARE_EFFICIENT_CZ,3,4,37,18,6,36,8,CZ_LINEAR,50,0.07387471,0.51846,0.073875,0.692465,0.0968789351,4.917140996290578e-07,0,9.209505734421936e-07,1.4126646730712513e-06,5.198714128523709e-07,0.36800765,3.2.8,3,1,4,41.2886,1.27139821,3.53166e-07,52.4943097,Cortex-A53,4,4,24.2,1200.0,2,48.1,224.6172,0.88,Debian GNU/Linux 13 (trixie) aarch64,Linux,aarch64,3.10.20,0.7777777777777778,0.78125,0.7777777777777778,0.7770897832817337,0.78125,0.7777777777777778,0.7770897832817337
2026-07-06 01:51:35,c9160e6539125e06c66b22677b30e1ed0aad8c344173a6c30f97b14607f84244,c9160e65,ubuntu,quantum_circuit_qubit_sweep_codecarbon,7,1,1,True,HARDWARE_EFFICIENT_CZ_3Q,PennyLane,0.42.3,default.qubit,HARDWARE_EFFICIENT_CZ,3,4,37,18,6,36,8,CZ_LINEAR,50,0.03912126,0.509779,0.039121,0.692956,0.0969575271,4.916898808959458e-07,0,9.208997818253312e-07,1.4125896627212772e-06,5.198438084694179e-07,0.36800765,3.2.8,3,1,4,41.2552,1.2713307,3.53147e-07,52.44897367,Cortex-A53,4,4,25.2,1200.0,1,48.2,224.6172,0.88,Debian GNU/Linux 13 (trixie) aarch64,Linux,aarch64,3.10.20,0.7777777777777778,0.78125,0.7777777777777778,0.7770897832817337,0.78125,0.7777777777777778,0.7770897832817337
2026-07-06 01:51:40,c9160e6539125e06c66b22677b30e1ed0aad8c344173a6c30f97b14607f84244,c9160e65,ubuntu,quantum_circuit_qubit_sweep_codecarbon,8,1,1,True,HARDWARE_EFFICIENT_CZ_3Q,PennyLane,0.42.3,default.qubit,HARDWARE_EFFICIENT_CZ,3,4,37,18,6,36,8,CZ_LINEAR,50,0.18691516,0.546593,0.186915,0.688799,0.097512471,4.91967466659844e-07,0,9.21355889295228e-07,1.4133233559550718e-06,5.201138131954679e-07,0.36800765,3.2.8,3,1,4,41.0204,1.27199102,3.53331e-07,52.17757306,Cortex-A53,4,4,25.2,1200.0,1,48.2,224.6172,0.88,Debian GNU/Linux 13 (trixie) aarch64,Linux,aarch64,3.10.20,0.7777777777777778,0.78125,0.7777777777777778,0.7770897832817337,0.78125,0.7777777777777778,0.7770897832817337
2026-07-06 01:51:46,c9160e6539125e06c66b22677b30e1ed0aad8c344173a6c30f97b14607f84244,c9160e65,ubuntu,quantum_circuit_qubit_sweep_codecarbon,9,-1,-1,True,HARDWARE_EFFICIENT_CZ_3Q,PennyLane,0.42.3,default.qubit,HARDWARE_EFFICIENT_CZ,3,4,37,18,6,36,8,CZ_LINEAR,50,-0.36507543,0.590268,0.365075,0.676761,0.0990771491,4.926683831339081e-07,0,9.227336917926246e-07,1.4154020749265326e-06,5.208787976884028e-07,0.36800765,3.2.8,3,1,4,40.3726,1.27386187,3.53851e-07,51.42908852,Cortex-A53,4,4,26.3,1200.0,1,48.3,224.6172,0.88,Debian GNU/Linux 13 (trixie) aarch64,Linux,aarch64,3.10.20,0.7777777777777778,0.78125,0.7777777777777778,0.7770897832817337,0.78125,0.7777777777777778,0.7770897832817337
2026-07-06 01:51:51,c9160e6539125e06c66b22677b30e1ed0aad8c344173a6c30f97b14607f84244,c9160e65,ubuntu,quantum_circuit_qubit_sweep_codecarbon,10,1,1,True,HARDWARE_EFFICIENT_CZ_3Q,PennyLane,0.42.3,default.qubit,HARDWARE_EFFICIENT_CZ,3,4,37,18,6,36,8,CZ_LINEAR,50,0.52556765,0.628449,0.525568,0.659776,0.099975998,4.930567764498867e-07,0,9.234200916641082e-07,1.4164768681139948e-06,5.212743298083327e-07,0.36800765,3.2.8,3,1,4,40.0096,1.27482918,3.54119e-07,51.00540955,Cortex-A53,4,4,25.2,1200.0,2,48.2,224.6172,0.88,Debian GNU/Linux 13 (trixie) aarch64,Linux,aarch64,3.10.20,0.7777777777777778,0.78125,0.7777777777777778,0.7770897832817337,0.78125,0.7777777777777778,0.7770897832817337
2026-07-06 01:51:57,c9160e6539125e06c66b22677b30e1ed0aad8c344173a6c30f97b14607f84244,c9160e65,ubuntu,quantum_circuit_qubit_sweep_codecarbon,11,1,1,True,HARDWARE_EFFICIENT_CZ_3Q,PennyLane,0.42.3,default.qubit,HARDWARE_EFFICIENT_CZ,3,4,37,18,6,36,8,CZ_LINEAR,50,0.04596276,0.511489,0.045963,0.692883,0.0969329921,4.907796070393588e-07,0,9.191125074479108e-07,1.4098921144872697e-06,5.188510900710723e-07,0.36800765,3.2.8,3,1,4,41.2656,1.2689029,3.52473e-07,52.36206478,Cortex-A53,4,4,25.5,1200.0,1,48.4,224.6172,0.88,Debian GNU/Linux 13 (trixie) aarch64,Linux,aarch64,3.10.20,0.7777777777777778,0.78125,0.7777777777777778,0.7770897832817337,0.78125,0.7777777777777778,0.7770897832817337
2026-07-06 01:52:02,c9160e6539125e06c66b22677b30e1ed0aad8c344173a6c30f97b14607f84244,c9160e65,ubuntu,quantum_circuit_qubit_sweep_codecarbon,12,-1,-1,True,HARDWARE_EFFICIENT_CZ_3Q,PennyLane,0.42.3,default.qubit,HARDWARE_EFFICIENT_CZ,3,4,37,18,6,36,8,CZ_LINEAR,50,-0.17072748,0.542578,0.170727,0.689517,0.0973311651,4.917921425981654e-07,0,9.210900040731456e-07,1.412882146671311e-06,5.199514448018323e-07,0.36800765,3.2.8,3,1,4,41.0968,1.27159393,3.53221e-07,52.258449,Cortex-A53,4,4,25.3,1200.0,1,48.2,224.6172,0.88,Debian GNU/Linux 13 (trixie) aarch64,Linux,aarch64,3.10.20,0.7777777777777778,0.78125,0.7777777777777778,0.7770897832817337,0.78125,0.7777777777777778,0.7770897832817337
2026-07-06 01:52:07,c9160e6539125e06c66b22677b30e1ed0aad8c344173a6c30f97b14607f84244,c9160e65,ubuntu,quantum_circuit_qubit_sweep_codecarbon,13,1,1,True,HARDWARE_EFFICIENT_CZ_3Q,PennyLane,0.42.3,default.qubit,HARDWARE_EFFICIENT_CZ,3,4,37,18,6,36,8,CZ_LINEAR,50,0.06148938,0.515368,0.061489,0.692675,0.09991964,4.92985927603311e-07,0,9.233359891610842e-07,1.4163219167643951e-06,5.212173065256138e-07,0.36800765,3.2.8,3,1,4,40.0322,1.27468973,3.5408e-07,51.02859559,Cortex-A53,4,4,25.3,1200.0,3,48.0,224.6172,0.88,Debian GNU/Linux 13 (trixie) aarch64,Linux,aarch64,3.10.20,0.7777777777777778,0.78125,0.7777777777777778,0.7770897832817337,0.78125,0.7777777777777778,0.7770897832817337
2026-07-06 01:52:13,c9160e6539125e06c66b22677b30e1ed0aad8c344173a6c30f97b14607f84244,c9160e65,ubuntu,quantum_circuit_qubit_sweep_codecarbon,14,1,1,True,HARDWARE_EFFICIENT_CZ_3Q,PennyLane,0.42.3,default.qubit,HARDWARE_EFFICIENT_CZ,3,4,37,18,6,36,8,CZ_LINEAR,50,0.62442913,0.651225,0.624429,0.646685,0.0974334539,4.920271537784073e-07,0,9.215232708568996e-07,1.413550424635307e-06,5.201973762078788e-07,0.36800765,3.2.8,3,1,4,41.0537,1.27219538,3.53388e-07,52.22827813,Cortex-A53,4,4,25.3,1200.0,2,48.2,224.6172,0.88,Debian GNU/Linux 13 (trixie) aarch64,Linux,aarch64,3.10.20,0.7777777777777778,0.78125,0.7777777777777778,0.7770897832817337,0.78125,0.7777777777777778,0.7770897832817337
2026-07-06 01:52:18,c9160e6539125e06c66b22677b30e1ed0aad8c344173a6c30f97b14607f84244,c9160e65,ubuntu,quantum_circuit_qubit_sweep_codecarbon,15,-1,1,False,HARDWARE_EFFICIENT_CZ_3Q,PennyLane,0.42.3,default.qubit,HARDWARE_EFFICIENT_CZ,3,4,37,18,6,36,8,CZ_LINEAR,50,0.149072,0.537199,0.149072,0.690377,0.0994678698,4.924370307061408e-07,0,9.222369291819632e-07,1.414673959888104e-06,5.206108457809454e-07,0.36800765,3.2.8,3,1,4,40.214,1.27320656,3.53668e-07,51.20071701,Cortex-A53,4,4,24.5,1200.0,3,48.6,224.6172,0.88,Debian GNU/Linux 13 (trixie) aarch64,Linux,aarch64,3.10.20,0.7777777777777778,0.78125,0.7777777777777778,0.7770897832817337,0.78125,0.7777777777777778,0.7770897832817337
2026-07-06 01:52:23,c9160e6539125e06c66b22677b30e1ed0aad8c344173a6c30f97b14607f84244,c9160e65,ubuntu,quantum_circuit_qubit_sweep_codecarbon,16,1,-1,False,HARDWARE_EFFICIENT_CZ_3Q,PennyLane,0.42.3,default.qubit,HARDWARE_EFFICIENT_CZ,3,4,37,18,6,36,8,CZ_LINEAR,50,-0.02760625,0.506901,0.027606,0.693052,0.100008022,4.930947764466207e-07,0,9.234744133815792e-07,1.4165691898281997e-06,5.213083049058315e-07,0.36800765,3.2.8,3,1,4,39.9968,1.27491227,3.54142e-07,50.9924002,Cortex-A53,4,4,25.0,1200.0,1,48.1,224.6172,0.88,Debian GNU/Linux 13 (trixie) aarch64,Linux,aarch64,3.10.20,0.7777777777777778,0.78125,0.7777777777777778,0.7770897832817337,0.78125,0.7777777777777778,0.7770897832817337
2026-07-06 01:52:29,c9160e6539125e06c66b22677b30e1ed0aad8c344173a6c30f97b14607f84244,c9160e65,ubuntu,quantum_circuit_qubit_sweep_codecarbon,17,1,1,True,HARDWARE_EFFICIENT_CZ_3Q,PennyLane,0.42.3,default.qubit,HARDWARE_EFFICIENT_CZ,3,4,37,18,6,36,8,CZ_LINEAR,50,0.01607057,0.504018,0.016071,0.693115,0.0968323611,4.913890594820351e-07,0,9.203258075285704e-07,1.4117148670106057e-06,5.195218769518163e-07,0.36800765,3.2.8,3,1,4,41.3085,1.27054338,3.52929e-07,52.48424664,Cortex-A53,4,4,25.3,1200.0,1,48.1,224.6172,0.88,Debian GNU/Linux 13 (trixie) aarch64,Linux,aarch64,3.10.20,0.7777777777777778,0.78125,0.7777777777777778,0.7770897832817337,0.78125,0.7777777777777778,0.7770897832817337
2026-07-06 01:52:34,c9160e6539125e06c66b22677b30e1ed0aad8c344173a6c30f97b14607f84244,c9160e65,ubuntu,quantum_circuit_qubit_sweep_codecarbon,18,-1,-1,True,HARDWARE_EFFICIENT_CZ_3Q,PennyLane,0.42.3,default.qubit,HARDWARE_EFFICIENT_CZ,3,4,37,18,6,36,8,CZ_LINEAR,50,-0.33917808,0.583991,0.339178,0.678971,0.097342825,4.91504380065534e-07,0,9.205583484920984e-07,1.4120627285576322e-06,5.196498926638087e-07,0.36800765,3.2.8,3,1,4,41.0919,1.27085646,3.53016e-07,52.22188509,Cortex-A53,4,4,25.2,1200.0,2,48.1,224.6172,0.88,Debian GNU/Linux 13 (trixie) aarch64,Linux,aarch64,3.10.20,0.7777777777777778,0.78125,0.7777777777777778,0.7770897832817337,0.78125,0.7777777777777778,0.7770897832817337
2026-07-06 01:52:39,c9160e6539125e06c66b22677b30e1ed0aad8c344173a6c30f97b14607f84244,c9160e65,ubuntu,quantum_circuit_qubit_sweep_codecarbon,19,1,1,True,HARDWARE_EFFICIENT_CZ_3Q,PennyLane,0.42.3,default.qubit,HARDWARE_EFFICIENT_CZ,3,4,37,18,6,36,8,CZ_LINEAR,50,0.0222186,0.505554,0.022219,0.693085,0.0998288011,4.929651536597628e-07,0,9.232934808824212e-07,1.416258634542184e-06,5.211940181834497e-07,0.36800765,3.2.8,3,1,4,40.0686,1.27463277,3.54065e-07,51.07274682,Cortex-A53,4,4,25.8,1200.0,3,48.5,224.6172,0.88,Debian GNU/Linux 13 (trixie) aarch64,Linux,aarch64,3.10.20,0.7777777777777778,0.78125,0.7777777777777778,0.7770897832817337,0.78125,0.7777777777777778,0.7770897832817337
2026-07-06 01:52:45,c9160e6539125e06c66b22677b30e1ed0aad8c344173a6c30f97b14607f84244,c9160e65,ubuntu,quantum_circuit_qubit_sweep_codecarbon,20,-1,-1,True,HARDWARE_EFFICIENT_CZ_3Q,PennyLane,0.42.3,default.qubit,HARDWARE_EFFICIENT_CZ,3,4,37,18,6,36,8,CZ_LINEAR,50,-0.35481883,0.587786,0.354819,0.677654,0.097787769,4.911760117528328e-07,0,9.199413608682032e-07,1.411117372621036e-06,5.193019944429675e-07,0.36800765,3.2.8,3,1,4,40.9049,1.27000564,3.52779e-07,51.94946762,Cortex-A53,4,4,25.2,1200.0,1,47.9,224.6719,0.88,Debian GNU/Linux 13 (trixie) aarch64,Linux,aarch64,3.10.20,0.7777777777777778,0.78125,0.7777777777777778,0.7770897832817337,0.78125,0.7777777777777778,0.7770897832817337
2026-07-06 01:52:51,c9160e6539125e06c66b22677b30e1ed0aad8c344173a6c30f97b14607f84244,c9160e65,ubuntu,quantum_circuit_qubit_sweep_codecarbon,21,1,1,True,HARDWARE_EFFICIENT_CZ_3Q,PennyLane,0.42.3,default.qubit,HARDWARE_EFFICIENT_CZ,3,4,37,18,6,36,8,CZ_LINEAR,50,0.60880007,0.647667,0.6088,0.648879,0.0990911981,4.923584799592694e-07,0,9.221741950993116e-07,1.414532675058581e-06,5.205588518822243e-07,0.36800765,3.2.8,3,1,4,40.3669,1.27307941,3.53633e-07,51.39021154,Cortex-A53,4,4,25.8,1200.0,2,48.0,224.6719,0.88,Debian GNU/Linux 13 (trixie) aarch64,Linux,aarch64,3.10.20,0.7777777777777778,0.78125,0.7777777777777778,0.7770897832817337,0.78125,0.7777777777777778,0.7770897832817337
2026-07-06 01:52:56,c9160e6539125e06c66b22677b30e1ed0aad8c344173a6c30f97b14607f84244,c9160e65,ubuntu,quantum_circuit_qubit_sweep_codecarbon,22,1,-1,False,HARDWARE_EFFICIENT_CZ_3Q,PennyLane,0.42.3,default.qubit,HARDWARE_EFFICIENT_CZ,3,4,37,18,6,36,8,CZ_LINEAR,50,-0.01415642,0.503539,0.014156,0.693122,0.097320894,4.910466044389871e-07,0,9.1970128317674e-07,1.4107478876157272e-06,5.191660211328117e-07,0.36800765,3.2.8,3,1,4,41.1011,1.2696731,3.52687e-07,52.18501584,Cortex-A53,4,4,24.8,1200.0,1,47.9,224.6719,0.88,Debian GNU/Linux 13 (trixie) aarch64,Linux,aarch64,3.10.20,0.7777777777777778,0.78125,0.7777777777777778,0.7770897832817337,0.78125,0.7777777777777778,0.7770897832817337
2026-07-06 01:53:01,c9160e6539125e06c66b22677b30e1ed0aad8c344173a6c30f97b14607f84244,c9160e65,ubuntu,quantum_circuit_qubit_sweep_codecarbon,23,-1,1,False,HARDWARE_EFFICIENT_CZ_3Q,PennyLane,0.42.3,default.qubit,HARDWARE_EFFICIENT_CZ,3,4,37,18,6,36,8,CZ_LINEAR,50,0.09427375,0.523551,0.094274,0.692037,0.0969529261,4.909452341053905e-07,0,9.195136441849172e-07,1.4104588782903078e-06,5.190596634888519e-07,0.36800765,3.2.8,3,1,4,41.2571,1.26941299,3.52615e-07,52.37234361,Cortex-A53,4,4,25.2,1200.0,1,48.1,224.6953,0.88,Debian GNU/Linux 13 (trixie) aarch64,Linux,aarch64,3.10.20,0.7777777777777778,0.78125,0.7777777777777778,0.7770897832817337,0.78125,0.7777777777777778,0.7770897832817337
2026-07-06 01:53:07,c9160e6539125e06c66b22677b30e1ed0aad8c344173a6c30f97b14607f84244,c9160e65,ubuntu,quantum_circuit_qubit_sweep_codecarbon,24,1,-1,False,HARDWARE_EFFICIENT_CZ_3Q,PennyLane,0.42.3,default.qubit,HARDWARE_EFFICIENT_CZ,3,4,37,18,6,36,8,CZ_LINEAR,50,-0.18413317,0.545904,0.184133,0.688927,0.0971865698,4.910865737539198e-07,0,9.196990499428164e-07,1.410785623696736e-06,5.191799082994717e-07,0.36800765,3.2.8,3,1,4,41.158,1.26970706,3.52696e-07,52.25853999,Cortex-A53,4,4,24.2,1200.0,2,48.0,224.6953,0.88,Debian GNU/Linux 13 (trixie) aarch64,Linux,aarch64,3.10.20,0.7777777777777778,0.78125,0.7777777777777778,0.7770897832817337,0.78125,0.7777777777777778,0.7770897832817337
2026-07-06 01:53:12,c9160e6539125e06c66b22677b30e1ed0aad8c344173a6c30f97b14607f84244,c9160e65,ubuntu,quantum_circuit_qubit_sweep_codecarbon,25,1,-1,False,HARDWARE_EFFICIENT_CZ_3Q,PennyLane,0.42.3,default.qubit,HARDWARE_EFFICIENT_CZ,3,4,37,18,6,36,8,CZ_LINEAR,50,-0.1901422,0.547393,0.190142,0.688648,0.09675454,4.916720265391464e-07,0,9.208704758202656e-07,1.412542502359412e-06,5.198264530952652e-07,0.36800765,3.2.8,3,1,4,41.3417,1.27128825,3.53136e-07,52.55725477,Cortex-A53,4,4,25.0,1200.0,1,48.0,224.6992,0.88,Debian GNU/Linux 13 (trixie) aarch64,Linux,aarch64,3.10.20,0.7777777777777778,0.78125,0.7777777777777778,0.7770897832817337,0.78125,0.7777777777777778,0.7770897832817337
2026-07-06 01:53:17,c9160e6539125e06c66b22677b30e1ed0aad8c344173a6c30f97b14607f84244,c9160e65,ubuntu,quantum_circuit_qubit_sweep_codecarbon,26,1,1,True,HARDWARE_EFFICIENT_CZ_3Q,PennyLane,0.42.3,default.qubit,HARDWARE_EFFICIENT_CZ,3,4,37,18,6,36,8,CZ_LINEAR,50,0.17200574,0.542896,0.172006,0.689463,0.0972766201,4.918406572606828e-07,0,9.211615682579576e-07,1.4130022255186406e-06,5.199956347367864e-07,0.36800765,3.2.8,3,1,4,41.1198,1.271702,3.53251e-07,52.29219525,Cortex-A53,4,4,25.6,1200.0,1,48.1,224.6992,0.88,Debian GNU/Linux 13 (trixie) aarch64,Linux,aarch64,3.10.20,0.7777777777777778,0.78125,0.7777777777777778,0.7770897832817337,0.78125,0.7777777777777778,0.7770897832817337
2026-07-06 01:53:23,c9160e6539125e06c66b22677b30e1ed0aad8c344173a6c30f97b14607f84244,c9160e65,ubuntu,quantum_circuit_qubit_sweep_codecarbon,27,-1,-1,True,HARDWARE_EFFICIENT_CZ_3Q,PennyLane,0.42.3,default.qubit,HARDWARE_EFFICIENT_CZ,3,4,37,18,6,36,8,CZ_LINEAR,50,-0.40713881,0.600402,0.407139,0.672848,0.0988377042,4.925221749597714e-07,0,9.224711866894116e-07,1.414993361649183e-06,5.207283880738653e-07,0.36800765,3.2.8,3,1,4,40.4704,1.27349403,3.53748e-07,51.53879428,Cortex-A53,4,4,24.4,1200.0,2,48.0,224.6992,0.88,Debian GNU/Linux 13 (trixie) aarch64,Linux,aarch64,3.10.20,0.7777777777777778,0.78125,0.7777777777777778,0.7770897832817337,0.78125,0.7777777777777778,0.7770897832817337
2026-07-06 01:53:28,c9160e6539125e06c66b22677b30e1ed0aad8c344173a6c30f97b14607f84244,c9160e65,ubuntu,quantum_circuit_qubit_sweep_codecarbon,28,-1,-1,True,HARDWARE_EFFICIENT_CZ_3Q,PennyLane,0.42.3,default.qubit,HARDWARE_EFFICIENT_CZ,3,4,37,18,6,36,8,CZ_LINEAR,50,-0.14473719,0.536121,0.144737,0.690535,0.096676829,4.915928017968933e-07,0,9.20733730890788e-07,1.4123265326876814e-06,5.197469746029407e-07,0.36800765,3.2.8,3,1,4,41.375,1.27109388,3.53082e-07,52.59145928,Cortex-A53,4,4,25.3,1200.0,1,48.0,224.6992,0.88,Debian GNU/Linux 13 (trixie) aarch64,Linux,aarch64,3.10.20,0.7777777777777778,0.78125,0.7777777777777778,0.7770897832817337,0.78125,0.7777777777777778,0.7770897832817337
2026-07-06 01:53:33,c9160e6539125e06c66b22677b30e1ed0aad8c344173a6c30f97b14607f84244,c9160e65,ubuntu,quantum_circuit_qubit_sweep_codecarbon,29,1,1,True,HARDWARE_EFFICIENT_CZ_3Q,PennyLane,0.42.3,default.qubit,HARDWARE_EFFICIENT_CZ,3,4,37,18,6,36,8,CZ_LINEAR,50,0.27931549,0.569378,0.279315,0.683489,0.0967758379,4.91554762340091e-07,0,9.206282974143202e-07,1.4121830597544112e-06,5.196941754652917e-07,0.36800765,3.2.8,3,1,4,41.3326,1.27096475,3.53046e-07,52.53231719,Cortex-A53,4,4,25.3,1200.0,1,48.0,224.7031,0.88,Debian GNU/Linux 13 (trixie) aarch64,Linux,aarch64,3.10.20,0.7777777777777778,0.78125,0.7777777777777778,0.7770897832817337,0.78125,0.7777777777777778,0.7770897832817337
2026-07-06 01:53:39,c9160e6539125e06c66b22677b30e1ed0aad8c344173a6c30f97b14607f84244,c9160e65,ubuntu,quantum_circuit_qubit_sweep_codecarbon,30,-1,-1,True,HARDWARE_EFFICIENT_CZ_3Q,PennyLane,0.42.3,default.qubit,HARDWARE_EFFICIENT_CZ,3,4,37,18,6,36,8,CZ_LINEAR,50,-0.16470945,0.541085,0.164709,0.689767,0.098364163,4.923160969461176e-07,0,9.220434717523556e-07,1.414359568698473e-06,5.204951474166716e-07,0.36800765,3.2.8,3,1,4,40.6652,1.27292361,3.5359e-07,51.76371449,Cortex-A53,4,4,25.5,1200.0,1,48.0,224.7695,0.88,Debian GNU/Linux 13 (trixie) aarch64,Linux,aarch64,3.10.20,0.7777777777777778,0.78125,0.7777777777777778,0.7770897832817337,0.78125,0.7777777777777778,0.7770897832817337
2026-07-06 01:53:44,c9160e6539125e06c66b22677b30e1ed0aad8c344173a6c30f97b14607f84244,c9160e65,ubuntu,quantum_circuit_qubit_sweep_codecarbon,31,-1,-1,True,HARDWARE_EFFICIENT_CZ_3Q,PennyLane,0.42.3,default.qubit,HARDWARE_EFFICIENT_CZ,3,4,37,18,6,36,8,CZ_LINEAR,50,-0.19352786,0.548232,0.193528,0.688487,0.0999006119,4.930581497028471e-07,0,9.234559982238958e-07,1.4165141479267429e-06,5.212880490647802e-07,0.36800765,3.2.8,3,1,4,40.0398,1.27486273,3.54129e-07,51.04524222,Cortex-A53,4,4,25.2,1200.0,1,48.0,224.7734,0.88,Debian GNU/Linux 13 (trixie) aarch64,Linux,aarch64,3.10.20,0.7777777777777778,0.78125,0.7777777777777778,0.7770897832817337,0.78125,0.7777777777777778,0.7770897832817337
2026-07-06 01:53:50,c9160e6539125e06c66b22677b30e1ed0aad8c344173a6c30f97b14607f84244,c9160e65,ubuntu,quantum_circuit_qubit_sweep_codecarbon,32,-1,1,False,HARDWARE_EFFICIENT_CZ_3Q,PennyLane,0.42.3,default.qubit,HARDWARE_EFFICIENT_CZ,3,4,37,18,6,36,8,CZ_LINEAR,50,0.0294716,0.507367,0.029472,0.693039,0.0978405182,4.921378724070059e-07,0,9.216830390505492e-07,1.4138209114575552e-06,5.202969174288923e-07,0.36800765,3.2.8,3,1,4,40.8829,1.27243882,3.53455e-07,52.02093543,Cortex-A53,4,4,25.2,1200.0,2,48.1,224.7852,0.88,Debian GNU/Linux 13 (trixie) aarch64,Linux,aarch64,3.10.20,0.7777777777777778,0.78125,0.7777777777777778,0.7770897832817337,0.78125,0.7777777777777778,0.7770897832817337
2026-07-06 01:53:55,c9160e6539125e06c66b22677b30e1ed0aad8c344173a6c30f97b14607f84244,c9160e65,ubuntu,quantum_circuit_qubit_sweep_codecarbon,33,-1,-1,True,HARDWARE_EFFICIENT_CZ_3Q,PennyLane,0.42.3,default.qubit,HARDWARE_EFFICIENT_CZ,3,4,37,18,6,36,8,CZ_LINEAR,50,-0.11364609,0.528381,0.113646,0.691535,0.0988089999,4.925671480596067e-07,0,9.224578534485772e-07,1.415025001508184e-06,5.207400317841632e-07,0.36800765,3.2.8,3,1,4,40.4821,1.2735225,3.53756e-07,51.55491921,Cortex-A53,4,4,24.4,1200.0,1,48.1,224.7852,0.88,Debian GNU/Linux 13 (trixie) aarch64,Linux,aarch64,3.10.20,0.7777777777777778,0.78125,0.7777777777777778,0.7770897832817337,0.78125,0.7777777777777778,0.7770897832817337
2026-07-06 01:54:00,c9160e6539125e06c66b22677b30e1ed0aad8c344173a6c30f97b14607f84244,c9160e65,ubuntu,quantum_circuit_qubit_sweep_codecarbon,34,1,1,True,HARDWARE_EFFICIENT_CZ_3Q,PennyLane,0.42.3,default.qubit,HARDWARE_EFFICIENT_CZ,3,4,37,18,6,36,8,CZ_LINEAR,50,0.50045814,0.622567,0.500458,0.662793,0.105568235,4.955273359600041e-07,0,9.280223983417576e-07,1.4235497343017616e-06,5.238771987042867e-07,0.36800765,3.2.8,3,1,4,37.8902,1.28119476,3.55887e-07,48.54470705,Cortex-A53,4,4,25.5,1200.0,1,48.1,224.7852,0.88,Debian GNU/Linux 13 (trixie) aarch64,Linux,aarch64,3.10.20,0.7777777777777778,0.78125,0.7777777777777778,0.7770897832817337,0.78125,0.7777777777777778,0.7770897832817337
2026-07-06 01:54:06,c9160e6539125e06c66b22677b30e1ed0aad8c344173a6c30f97b14607f84244,c9160e65,ubuntu,quantum_circuit_qubit_sweep_codecarbon,35,-1,-1,True,HARDWARE_EFFICIENT_CZ_3Q,PennyLane,0.42.3,default.qubit,HARDWARE_EFFICIENT_CZ,3,4,37,18,6,36,8,CZ_LINEAR,50,-0.02125897,0.505315,0.021259,0.693091,0.097067863,4.918464488453335e-07,0,9.211937374978636e-07,1.4130401863431971e-06,5.200096046107922e-07,0.36800765,3.2.8,3,1,4,41.2083,1.27173617,3.5326e-07,52.40606432,Cortex-A53,4,4,26.5,1200.0,1,48.0,224.7852,0.88,Debian GNU/Linux 13 (trixie) aarch64,Linux,aarch64,3.10.20,0.7777777777777778,0.78125,0.7777777777777778,0.7770897832817337,0.78125,0.7777777777777778,0.7770897832817337
2026-07-06 01:54:11,c9160e6539125e06c66b22677b30e1ed0aad8c344173a6c30f97b14607f84244,c9160e65,ubuntu,quantum_circuit_qubit_sweep_codecarbon,36,1,1,True,HARDWARE_EFFICIENT_CZ_3Q,PennyLane,0.42.3,default.qubit,HARDWARE_EFFICIENT_CZ,3,4,37,18,6,36,8,CZ_LINEAR,50,0.27244301,0.567693,0.272443,0.683954,0.0968546849,4.915953115042713e-07,0,9.207120916107668e-07,1.4123074031150384e-06,5.197399347737818e-07,0.36800765,3.2.8,3,1,4,41.299,1.27107666,3.53077e-07,52.4941737,Cortex-A53,4,4,25.6,1200.0,1,48.2,224.7852,0.88,Debian GNU/Linux 13 (trixie) aarch64,Linux,aarch64,3.10.20,0.7777777777777778,0.78125,0.7777777777777778,0.7770897832817337,0.78125,0.7777777777777778,0.7770897832817337
2026-07-06 01:54:16,c9160e6539125e06c66b22677b30e1ed0aad8c344173a6c30f97b14607f84244,c9160e65,ubuntu,quantum_circuit_qubit_sweep_codecarbon,37,-1,1,False,HARDWARE_EFFICIENT_CZ_3Q,PennyLane,0.42.3,default.qubit,HARDWARE_EFFICIENT_CZ,3,4,37,18,6,36,8,CZ_LINEAR,50,0.10270396,0.525653,0.102704,0.69183,0.099232849,4.928089813846681e-07,0,9.229927566290524e-07,1.4158017380137205e-06,5.210258767636864e-07,0.36800765,3.2.8,3,1,4,40.3092,1.27422156,3.5395e-07,51.36289354,Cortex-A53,4,4,25.0,1200.0,1,48.1,224.7852,0.88,Debian GNU/Linux 13 (trixie) aarch64,Linux,aarch64,3.10.20,0.7777777777777778,0.78125,0.7777777777777778,0.7770897832817337,0.78125,0.7777777777777778,0.7770897832817337
2026-07-06 01:54:22,c9160e6539125e06c66b22677b30e1ed0aad8c344173a6c30f97b14607f84244,c9160e65,ubuntu,quantum_circuit_qubit_sweep_codecarbon,38,-1,-1,True,HARDWARE_EFFICIENT_CZ_3Q,PennyLane,0.42.3,default.qubit,HARDWARE_EFFICIENT_CZ,3,4,37,18,6,36,8,CZ_LINEAR,50,-0.06383547,0.515953,0.063835,0.692638,0.097579055,4.920081018159787e-07,0,9.214353349913532e-07,1.413443436807332e-06,5.201580038682518e-07,0.36800765,3.2.8,3,1,4,40.9924,1.27209909,3.53361e-07,52.14639937,Cortex-A53,4,4,25.5,1200.0,1,48.1,224.793,0.88,Debian GNU/Linux 13 (trixie) aarch64,Linux,aarch64,3.10.20,0.7777777777777778,0.78125,0.7777777777777778,0.7770897832817337,0.78125,0.7777777777777778,0.7770897832817337
2026-07-06 01:54:27,c9160e6539125e06c66b22677b30e1ed0aad8c344173a6c30f97b14607f84244,c9160e65,ubuntu,quantum_circuit_qubit_sweep_codecarbon,39,-1,1,False,HARDWARE_EFFICIENT_CZ_3Q,PennyLane,0.42.3,default.qubit,HARDWARE_EFFICIENT_CZ,3,4,37,18,6,36,8,CZ_LINEAR,50,0.19221668,0.547907,0.192217,0.68855,0.0987512351,4.925068906611867e-07,0,9.22435712418519e-07,1.4149426030797057e-06,5.20709708531769e-07,0.36800765,3.2.8,3,1,4,40.5058,1.27344834,3.53736e-07,51.58207255,Cortex-A53,4,4,25.5,1200.0,1,48.1,224.8047,0.88,Debian GNU/Linux 13 (trixie) aarch64,Linux,aarch64,3.10.20,0.7777777777777778,0.78125,0.7777777777777778,0.7770897832817337,0.78125,0.7777777777777778,0.7770897832817337
2026-07-06 01:54:33,c9160e6539125e06c66b22677b30e1ed0aad8c344173a6c30f97b14607f84244,c9160e65,ubuntu,quantum_circuit_qubit_sweep_codecarbon,40,-1,-1,True,HARDWARE_EFFICIENT_CZ_3Q,PennyLane,0.42.3,default.qubit,HARDWARE_EFFICIENT_CZ,3,4,37,18,6,36,8,CZ_LINEAR,50,-0.38320367,0.594646,0.383204,0.675123,0.0978168128,4.92213344424785e-07,0,9.218620516670248e-07,1.4140753960918095e-06,5.203905697222363e-07,0.36800765,3.2.8,3,1,4,40.8928,1.27266786,3.53519e-07,52.04290837,Cortex-A53,4,4,25.3,1200.0,1,48.1,224.8047,0.88,Debian GNU/Linux 13 (trixie) aarch64,Linux,aarch64,3.10.20,0.7777777777777778,0.78125,0.7777777777777778,0.7770897832817337,0.78125,0.7777777777777778,0.7770897832817337
2026-07-06 01:54:38,c9160e6539125e06c66b22677b30e1ed0aad8c344173a6c30f97b14607f84244,c9160e65,ubuntu,quantum_circuit_qubit_sweep_codecarbon,41,-1,1,False,HARDWARE_EFFICIENT_CZ_3Q,PennyLane,0.42.3,default.qubit,HARDWARE_EFFICIENT_CZ,3,4,37,18,6,36,8,CZ_LINEAR,50,0.00346042,0.500865,0.00346,0.693146,0.0981632159,4.919217441011748e-07,0,9.213074032838144e-07,1.4132291473849894e-06,5.200791437205634e-07,0.36800765,3.2.8,3,1,4,40.7485,1.27190623,3.53307e-07,51.82822184,Cortex-A53,4,4,25.0,1200.0,1,48.2,224.8047,0.88,Debian GNU/Linux 13 (trixie) aarch64,Linux,aarch64,3.10.20,0.7777777777777778,0.78125,0.7777777777777778,0.7770897832817337,0.78125,0.7777777777777778,0.7770897832817337
2026-07-06 01:54:44,c9160e6539125e06c66b22677b30e1ed0aad8c344173a6c30f97b14607f84244,c9160e65,ubuntu,quantum_circuit_qubit_sweep_codecarbon,42,-1,-1,True,HARDWARE_EFFICIENT_CZ_3Q,PennyLane,0.42.3,default.qubit,HARDWARE_EFFICIENT_CZ,3,4,37,18,6,36,8,CZ_LINEAR,50,-0.39929152,0.598517,0.399292,0.673608,0.098653368,4.924700267405974e-07,0,9.222924600665768e-07,1.4147624868071742e-06,5.206434243647876e-07,0.36800765,3.2.8,3,1,4,40.546,1.27328624,3.53691e-07,51.62667082,Cortex-A53,4,4,25.2,1200.0,1,48.1,224.8047,0.88,Debian GNU/Linux 13 (trixie) aarch64,Linux,aarch64,3.10.20,0.7777777777777778,0.78125,0.7777777777777778,0.7770897832817337,0.78125,0.7777777777777778,0.7770897832817337
2026-07-06 01:54:49,c9160e6539125e06c66b22677b30e1ed0aad8c344173a6c30f97b14607f84244,c9160e65,ubuntu,quantum_circuit_qubit_sweep_codecarbon,43,1,1,True,HARDWARE_EFFICIENT_CZ_3Q,PennyLane,0.42.3,default.qubit,HARDWARE_EFFICIENT_CZ,3,4,37,18,6,36,8,CZ_LINEAR,50,0.18105734,0.545141,0.181057,0.689066,0.097196813,4.917958572941021e-07,0,9.210819991615912e-07,1.4128778564556931e-06,5.199498659696458e-07,0.36800765,3.2.8,3,1,4,41.1536,1.27159007,3.53219e-07,52.33052533,Cortex-A53,4,4,25.9,1200.0,2,48.6,224.8164,0.88,Debian GNU/Linux 13 (trixie) aarch64,Linux,aarch64,3.10.20,0.7777777777777778,0.78125,0.7777777777777778,0.7770897832817337,0.78125,0.7777777777777778,0.7770897832817337
2026-07-06 01:54:54,c9160e6539125e06c66b22677b30e1ed0aad8c344173a6c30f97b14607f84244,c9160e65,ubuntu,quantum_circuit_qubit_sweep_codecarbon,44,1,1,True,HARDWARE_EFFICIENT_CZ_3Q,PennyLane,0.42.3,default.qubit,HARDWARE_EFFICIENT_CZ,3,4,37,18,6,36,8,CZ_LINEAR,50,0.16426083,0.540973,0.164261,0.689786,0.097226968,4.917726423177698e-07,0,9.210619825171308e-07,1.4128346248349003e-06,5.1993395640228e-07,0.36800765,3.2.8,3,1,4,41.1408,1.27155116,3.53209e-07,52.31269423,Cortex-A53,4,4,24.2,1200.0,2,48.4,224.8164,0.88,Debian GNU/Linux 13 (trixie) aarch64,Linux,aarch64,3.10.20,0.7777777777777778,0.78125,0.7777777777777778,0.7770897832817337,0.78125,0.7777777777777778,0.7770897832817337
2026-07-06 01:55:00,c9160e6539125e06c66b22677b30e1ed0aad8c344173a6c30f97b14607f84244,c9160e65,ubuntu,quantum_circuit_qubit_sweep_codecarbon,45,1,1,True,HARDWARE_EFFICIENT_CZ_3Q,PennyLane,0.42.3,default.qubit,HARDWARE_EFFICIENT_CZ,3,4,37,18,6,36,8,CZ_LINEAR,50,0.44971331,0.610571,0.449713,0.668492,0.0989489371,4.925643407402538e-07,0,9.225554999041682e-07,1.415119840644422e-06,5.207749333122396e-07,0.36800765,3.2.8,3,1,4,40.4249,1.27360786,3.5378e-07,51.4854588,Cortex-A53,4,4,26.0,1200.0,2,48.3,224.8164,0.88,Debian GNU/Linux 13 (trixie) aarch64,Linux,aarch64,3.10.20,0.7777777777777778,0.78125,0.7777777777777778,0.7770897832817337,0.78125,0.7777777777777778,0.7770897832817337
2026-07-06 01:55:05,c9160e6539125e06c66b22677b30e1ed0aad8c344173a6c30f97b14607f84244,c9160e65,ubuntu,quantum_circuit_qubit_sweep_codecarbon,46,1,1,True,HARDWARE_EFFICIENT_CZ_3Q,PennyLane,0.42.3,default.qubit,HARDWARE_EFFICIENT_CZ,3,4,37,18,6,36,8,CZ_LINEAR,50,0.49570087,0.621448,0.495701,0.663351,0.096923531,4.908974922834202e-07,0,9.193812475617354e-07,1.4102787398451556e-06,5.189933711621762e-07,0.36800765,3.2.8,3,1,4,41.2696,1.26925087,3.5257e-07,52.38153634,Cortex-A53,4,4,24.7,1200.0,1,48.1,224.8281,0.88,Debian GNU/Linux 13 (trixie) aarch64,Linux,aarch64,3.10.20,0.7777777777777778,0.78125,0.7777777777777778,0.7770897832817337,0.78125,0.7777777777777778,0.7770897832817337
2026-07-06 01:55:10,c9160e6539125e06c66b22677b30e1ed0aad8c344173a6c30f97b14607f84244,c9160e65,ubuntu,quantum_circuit_qubit_sweep_codecarbon,47,1,1,True,HARDWARE_EFFICIENT_CZ_3Q,PennyLane,0.42.3,default.qubit,HARDWARE_EFFICIENT_CZ,3,4,37,18,6,36,8,CZ_LINEAR,50,0.0248141,0.506203,0.024814,0.69307,0.0994821622,4.928627355645101e-07,0,9.230903784434e-07,1.41595311400791e-06,5.210815842882472e-07,0.36800765,3.2.8,3,1,4,40.2082,1.2743578,3.53988e-07,51.2396504,Cortex-A53,4,4,25.5,1200.0,2,48.1,224.8281,0.88,Debian GNU/Linux 13 (trixie) aarch64,Linux,aarch64,3.10.20,0.7777777777777778,0.78125,0.7777777777777778,0.7770897832817337,0.78125,0.7777777777777778,0.7770897832817337
2026-07-06 01:55:16,c9160e6539125e06c66b22677b30e1ed0aad8c344173a6c30f97b14607f84244,c9160e65,ubuntu,quantum_circuit_qubit_sweep_codecarbon,48,1,1,True,HARDWARE_EFFICIENT_CZ_3Q,PennyLane,0.42.3,default.qubit,HARDWARE_EFFICIENT_CZ,3,4,37,18,6,36,8,CZ_LINEAR,50,0.11261009,0.528123,0.11261,0.691565,0.097404673,4.919752364771234e-07,0,9.213997984382636e-07,1.413375034915387e-06,5.201328314484375e-07,0.36800765,3.2.8,3,1,4,41.0658,1.27203753,3.53344e-07,52.23722814,Cortex-A53,4,4,25.9,1200.0,2,48.1,224.8281,0.88,Debian GNU/Linux 13 (trixie) aarch64,Linux,aarch64,3.10.20,0.7777777777777778,0.78125,0.7777777777777778,0.7770897832817337,0.78125,0.7777777777777778,0.7770897832817337
2026-07-06 01:55:21,c9160e6539125e06c66b22677b30e1ed0aad8c344173a6c30f97b14607f84244,c9160e65,ubuntu,quantum_circuit_qubit_sweep_codecarbon,49,-1,-1,True,HARDWARE_EFFICIENT_CZ_3Q,PennyLane,0.42.3,default.qubit,HARDWARE_EFFICIENT_CZ,3,4,37,18,6,36,8,CZ_LINEAR,50,-0.08650559,0.521613,0.086506,0.692213,0.0975187339,4.919723836848559e-07,0,9.213866400144374e-07,1.4133590236992932e-06,5.201269391983581e-07,0.36800765,3.2.8,3,1,4,41.0178,1.27202312,3.5334e-07,52.17553879,Cortex-A53,4,4,25.0,1200.0,2,48.2,224.832,0.88,Debian GNU/Linux 13 (trixie) aarch64,Linux,aarch64,3.10.20,0.7777777777777778,0.78125,0.7777777777777778,0.7770897832817337,0.78125,0.7777777777777778,0.7770897832817337
2026-07-06 01:55:27,c9160e6539125e06c66b22677b30e1ed0aad8c344173a6c30f97b14607f84244,c9160e65,ubuntu,quantum_circuit_qubit_sweep_codecarbon,50,-1,-1,True,HARDWARE_EFFICIENT_CZ_3Q,PennyLane,0.42.3,default.qubit,HARDWARE_EFFICIENT_CZ,3,4,37,18,6,36,8,CZ_LINEAR,50,-0.02567378,0.506418,0.025674,0.693065,0.0976090969,4.921892088734441e-07,0,9.218220034381376e-07,1.4140112123115816e-06,5.203669495998212e-07,0.36800765,3.2.8,3,1,4,40.9798,1.27261009,3.53503e-07,52.15129046,Cortex-A53,4,4,26.1,1200.0,1,48.2,224.8438,0.88,Debian GNU/Linux 13 (trixie) aarch64,Linux,aarch64,3.10.20,0.7777777777777778,0.78125,0.7777777777777778,0.7770897832817337,0.78125,0.7777777777777778,0.7770897832817337
2026-07-06 01:55:32,c9160e6539125e06c66b22677b30e1ed0aad8c344173a6c30f97b14607f84244,c9160e65,ubuntu,quantum_circuit_qubit_sweep_codecarbon,51,1,-1,False,HARDWARE_EFFICIENT_CZ_3Q,PennyLane,0.42.3,default.qubit,HARDWARE_EFFICIENT_CZ,3,4,37,18,6,36,8,CZ_LINEAR,50,-0.22475567,0.555954,0.224756,0.686872,0.0990576299,4.923826532645358e-07,0,9.221392691445848e-07,1.4145219224091206e-06,5.205548948249172e-07,0.36800765,3.2.8,3,1,4,40.3805,1.27306973,3.5363e-07,51.40723561,Cortex-A53,4,4,25.2,1200.0,1,48.0,224.8438,0.88,Debian GNU/Linux 13 (trixie) aarch64,Linux,aarch64,3.10.20,0.7777777777777778,0.78125,0.7777777777777778,0.7770897832817337,0.78125,0.7777777777777778,0.7770897832817337
2026-07-06 01:55:38,c9160e6539125e06c66b22677b30e1ed0aad8c344173a6c30f97b14607f84244,c9160e65,ubuntu,quantum_circuit_qubit_sweep_codecarbon,52,1,1,True,HARDWARE_EFFICIENT_CZ_3Q,PennyLane,0.42.3,default.qubit,HARDWARE_EFFICIENT_CZ,3,4,37,18,6,36,8,CZ_LINEAR,50,0.53227273,0.630013,0.532273,0.658949,0.0981499259,4.922695467009819e-07,0,9.21981754169489e-07,1.4142513008704709e-06,5.204553040272369e-07,0.36800765,3.2.8,3,1,4,40.754,1.27282617,3.53563e-07,51.87273077,Cortex-A53,4,4,25.5,1200.0,2,48.0,224.8438,0.88,Debian GNU/Linux 13 (trixie) aarch64,Linux,aarch64,3.10.20,0.7777777777777778,0.78125,0.7777777777777778,0.7770897832817337,0.78125,0.7777777777777778,0.7770897832817337
2026-07-06 01:55:43,c9160e6539125e06c66b22677b30e1ed0aad8c344173a6c30f97b14607f84244,c9160e65,ubuntu,quantum_circuit_qubit_sweep_codecarbon,53,1,-1,False,HARDWARE_EFFICIENT_CZ_3Q,PennyLane,0.42.3,default.qubit,HARDWARE_EFFICIENT_CZ,3,4,37,18,6,36,8,CZ_LINEAR,50,-0.12407488,0.530979,0.124075,0.691227,0.0969033181,4.91726466544089e-07,0,9.20965433275948e-07,1.4126918998200371e-06,5.198814325043297e-07,0.36800765,3.2.8,3,1,4,41.2783,1.27142271,3.53173e-07,52.48211249,Cortex-A53,4,4,24.8,1200.0,1,48.1,224.8438,0.88,Debian GNU/Linux 13 (trixie) aarch64,Linux,aarch64,3.10.20,0.7777777777777778,0.78125,0.7777777777777778,0.7770897832817337,0.78125,0.7777777777777778,0.7770897832817337
2026-07-06 01:55:48,c9160e6539125e06c66b22677b30e1ed0aad8c344173a6c30f97b14607f84244,c9160e65,ubuntu,quantum_circuit_qubit_sweep_codecarbon,54,-1,-1,True,HARDWARE_EFFICIENT_CZ_3Q,PennyLane,0.42.3,default.qubit,HARDWARE_EFFICIENT_CZ,3,4,37,18,6,36,8,CZ_LINEAR,50,-0.23965945,0.55963,0.239659,0.686019,0.0977994062,4.920576048584535e-07,0,9.215772724322352e-07,1.4136348772906889e-06,5.202284554314974e-07,0.36800765,3.2.8,3,1,4,40.9,1.27227139,3.53409e-07,52.03595562,Cortex-A53,4,4,24.8,1200.0,1,48.2,224.8438,0.88,Debian GNU/Linux 13 (trixie) aarch64,Linux,aarch64,3.10.20,0.7777777777777778,0.78125,0.7777777777777778,0.7770897832817337,0.78125,0.7777777777777778,0.7770897832817337
2026-07-06 01:55:54,c9160e6539125e06c66b22677b30e1ed0aad8c344173a6c30f97b14607f84244,c9160e65,ubuntu,quantum_circuit_qubit_sweep_codecarbon,55,-1,1,False,HARDWARE_EFFICIENT_CZ_3Q,PennyLane,0.42.3,default.qubit,HARDWARE_EFFICIENT_CZ,3,4,37,18,6,36,8,CZ_LINEAR,50,0.28219666,0.570085,0.282197,0.683291,0.0969868579,4.917516698025995e-07,0,9.209681975577648e-07,1.4127198673603645e-06,5.198917247732461e-07,0.36800765,3.2.8,3,1,4,41.2427,1.27144788,3.5318e-07,52.437945,Cortex-A53,4,4,25.8,1200.0,1,48.0,224.8477,0.88,Debian GNU/Linux 13 (trixie) aarch64,Linux,aarch64,3.10.20,0.7777777777777778,0.78125,0.7777777777777778,0.7770897832817337,0.78125,0.7777777777777778,0.7770897832817337
2026-07-06 01:55:59,c9160e6539125e06c66b22677b30e1ed0aad8c344173a6c30f97b14607f84244,c9160e65,ubuntu,quantum_circuit_qubit_sweep_codecarbon,56,1,1,True,HARDWARE_EFFICIENT_CZ_3Q,PennyLane,0.42.3,default.qubit,HARDWARE_EFFICIENT_CZ,3,4,37,18,6,36,8,CZ_LINEAR,50,0.19476125,0.548537,0.194761,0.688428,0.098351798,4.923457125199064e-07,0,9.220304250872384e-07,1.4143761376071449e-06,5.205012449018886e-07,0.36800765,3.2.8,3,1,4,40.6703,1.27293852,3.53594e-07,51.77082878,Cortex-A53,4,4,25.2,1200.0,2,48.1,224.918,0.88,Debian GNU/Linux 13 (trixie) aarch64,Linux,aarch64,3.10.20,0.7777777777777778,0.78125,0.7777777777777778,0.7770897832817337,0.78125,0.7777777777777778,0.7770897832817337
2026-07-06 01:56:04,c9160e6539125e06c66b22677b30e1ed0aad8c344173a6c30f97b14607f84244,c9160e65,ubuntu,quantum_circuit_qubit_sweep_codecarbon,57,1,1,True,HARDWARE_EFFICIENT_CZ_3Q,PennyLane,0.42.3,default.qubit,HARDWARE_EFFICIENT_CZ,3,4,37,18,6,36,8,CZ_LINEAR,50,0.2471707,0.56148,0.247171,0.685568,0.099488769,4.92860474850738e-07,0,9.230960373921942e-07,1.4159565122429323e-06,5.21082834864747e-07,0.36800765,3.2.8,3,1,4,40.2055,1.27436086,3.53989e-07,51.23637067,Cortex-A53,4,4,25.5,1200.0,1,48.1,224.9258,0.88,Debian GNU/Linux 13 (trixie) aarch64,Linux,aarch64,3.10.20,0.7777777777777778,0.78125,0.7777777777777778,0.7770897832817337,0.78125,0.7777777777777778,0.7770897832817337
2026-07-06 01:56:10,c9160e6539125e06c66b22677b30e1ed0aad8c344173a6c30f97b14607f84244,c9160e65,ubuntu,quantum_circuit_qubit_sweep_codecarbon,58,-1,-1,True,HARDWARE_EFFICIENT_CZ_3Q,PennyLane,0.42.3,default.qubit,HARDWARE_EFFICIENT_CZ,3,4,37,18,6,36,8,CZ_LINEAR,50,-0.08972151,0.522415,0.089722,0.692142,0.0977207059,4.920636460527379e-07,0,9.215839725220576e-07,1.4136476185747955e-06,5.202331443215761e-07,0.36800765,3.2.8,3,1,4,40.933,1.27228286,3.53412e-07,52.07833263,Cortex-A53,4,4,24.8,1200.0,2,48.0,224.9258,0.88,Debian GNU/Linux 13 (trixie) aarch64,Linux,aarch64,3.10.20,0.7777777777777778,0.78125,0.7777777777777778,0.7770897832817337,0.78125,0.7777777777777778,0.7770897832817337
2026-07-06 01:56:16,c9160e6539125e06c66b22677b30e1ed0aad8c344173a6c30f97b14607f84244,c9160e65,ubuntu,quantum_circuit_qubit_sweep_codecarbon,59,1,1,True,HARDWARE_EFFICIENT_CZ_3Q,PennyLane,0.42.3,default.qubit,HARDWARE_EFFICIENT_CZ,3,4,37,18,6,36,8,CZ_LINEAR,50,0.48912411,0.6199,0.489124,0.664113,0.0969054492,4.917157996031974e-07,0,9.20940914268916e-07,1.4126567138721132e-06,5.198684838061649e-07,0.36800765,3.2.8,3,1,4,41.2773,1.27139104,3.53164e-07,52.47965118,Cortex-A53,4,4,26.1,1200.0,2,48.0,224.9258,0.88,Debian GNU/Linux 13 (trixie) aarch64,Linux,aarch64,3.10.20,0.7777777777777778,0.78125,0.7777777777777778,0.7770897832817337,0.78125,0.7777777777777778,0.7770897832817337
2026-07-06 01:56:21,c9160e6539125e06c66b22677b30e1ed0aad8c344173a6c30f97b14607f84244,c9160e65,ubuntu,quantum_circuit_qubit_sweep_codecarbon,60,-1,1,False,HARDWARE_EFFICIENT_CZ_3Q,PennyLane,0.42.3,default.qubit,HARDWARE_EFFICIENT_CZ,3,4,37,18,6,36,8,CZ_LINEAR,50,0.11648535,0.529088,0.116485,0.691454,0.0999039728,4.930006035914024e-07,0,9.2334171931725e-07,1.4163423229086524e-06,5.21224816142898e-07,0.36800765,3.2.8,3,1,4,40.0384,1.27470809,3.54086e-07,51.03733334,Cortex-A53,4,4,26.4,1200.0,2,48.0,225.0,0.88,Debian GNU/Linux 13 (trixie) aarch64,Linux,aarch64,3.10.20,0.7777777777777778,0.78125,0.7777777777777778,0.7770897832817337,0.78125,0.7777777777777778,0.7770897832817337
2026-07-06 01:56:27,c9160e6539125e06c66b22677b30e1ed0aad8c344173a6c30f97b14607f84244,c9160e65,ubuntu,quantum_circuit_qubit_sweep_codecarbon,61,-1,-1,True,HARDWARE_EFFICIENT_CZ_3Q,PennyLane,0.42.3,default.qubit,HARDWARE_EFFICIENT_CZ,3,4,37,18,6,36,8,CZ_LINEAR,50,-0.17787905,0.544353,0.177879,0.689208,0.0967694069,4.9163035084185e-07,0,9.207814840677504e-07,1.4124118349096005e-06,5.197783664735479e-07,0.36800765,3.2.8,3,1,4,41.3354,1.27117065,3.53103e-07,52.54431919,Cortex-A53,4,4,25.9,1200.0,3,48.5,225.0078,0.88,Debian GNU/Linux 13 (trixie) aarch64,Linux,aarch64,3.10.20,0.7777777777777778,0.78125,0.7777777777777778,0.7770897832817337,0.78125,0.7777777777777778,0.7770897832817337
2026-07-06 01:56:32,c9160e6539125e06c66b22677b30e1ed0aad8c344173a6c30f97b14607f84244,c9160e65,ubuntu,quantum_circuit_qubit_sweep_codecarbon,62,-1,-1,True,HARDWARE_EFFICIENT_CZ_3Q,PennyLane,0.42.3,default.qubit,HARDWARE_EFFICIENT_CZ,3,4,37,18,6,36,8,CZ_LINEAR,50,-0.19065615,0.54752,0.190656,0.688624,0.0975473179,4.919908804198107e-07,0,9.214484441326932e-07,1.4134393245525035e-06,5.201564905269979e-07,0.36800765,3.2.8,3,1,4,41.0057,1.27209539,3.5336e-07,52.16321351,Cortex-A53,4,4,25.3,1200.0,1,48.3,225.0117,0.88,Debian GNU/Linux 13 (trixie) aarch64,Linux,aarch64,3.10.20,0.7777777777777778,0.78125,0.7777777777777778,0.7770897832817337,0.78125,0.7777777777777778,0.7770897832817337
2026-07-06 01:56:37,c9160e6539125e06c66b22677b30e1ed0aad8c344173a6c30f97b14607f84244,c9160e65,ubuntu,quantum_circuit_qubit_sweep_codecarbon,63,-1,1,False,HARDWARE_EFFICIENT_CZ_3Q,PennyLane,0.42.3,default.qubit,HARDWARE_EFFICIENT_CZ,3,4,37,18,6,36,8,CZ_LINEAR,50,0.03048286,0.50762,0.030483,0.693031,0.104967589,4.95297663534681e-07,0,9.276419358017544e-07,1.4229395993364357e-06,5.236526643668029e-07,0.36800765,3.2.8,3,1,4,38.107,1.28064564,3.55735e-07,48.80156442,Cortex-A53,4,4,25.5,1200.0,2,48.3,225.0234,0.88,Debian GNU/Linux 13 (trixie) aarch64,Linux,aarch64,3.10.20,0.7777777777777778,0.78125,0.7777777777777778,0.7770897832817337,0.78125,0.7777777777777778,0.7770897832817337
2026-07-06 01:56:43,c9160e6539125e06c66b22677b30e1ed0aad8c344173a6c30f97b14607f84244,c9160e65,ubuntu,quantum_circuit_qubit_sweep_codecarbon,64,1,1,True,HARDWARE_EFFICIENT_CZ_3Q,PennyLane,0.42.3,default.qubit,HARDWARE_EFFICIENT_CZ,3,4,37,18,6,36,8,CZ_LINEAR,50,0.32358887,0.580199,0.323589,0.680228,0.097064612,4.918818230637245e-07,0,9.2112143659809e-07,1.4130032596618143e-06,5.199960153093901e-07,0.36800765,3.2.8,3,1,4,41.2097,1.27170293,3.53251e-07,52.40645001,Cortex-A53,4,4,25.0,1200.0,1,48.1,225.0234,0.88,Debian GNU/Linux 13 (trixie) aarch64,Linux,aarch64,3.10.20,0.7777777777777778,0.78125,0.7777777777777778,0.7770897832817337,0.78125,0.7777777777777778,0.7770897832817337
2026-07-06 01:56:48,c9160e6539125e06c66b22677b30e1ed0aad8c344173a6c30f97b14607f84244,c9160e65,ubuntu,quantum_circuit_qubit_sweep_codecarbon,65,-1,-1,True,HARDWARE_EFFICIENT_CZ_3Q,PennyLane,0.42.3,default.qubit,HARDWARE_EFFICIENT_CZ,3,4,37,18,6,36,8,CZ_LINEAR,50,-0.11052005,0.527602,0.11052,0.691623,0.0974901291,4.919489241602108e-07,0,9.213262908936788e-07,1.4132752150538896e-06,5.20096096975341e-07,0.36800765,3.2.8,3,1,4,41.0298,1.27194769,3.53319e-07,52.18775299,Cortex-A53,4,4,25.0,1200.0,1,48.2,225.0234,0.88,Debian GNU/Linux 13 (trixie) aarch64,Linux,aarch64,3.10.20,0.7777777777777778,0.78125,0.7777777777777778,0.7770897832817337,0.78125,0.7777777777777778,0.7770897832817337
2026-07-06 01:56:53,c9160e6539125e06c66b22677b30e1ed0aad8c344173a6c30f97b14607f84244,c9160e65,ubuntu,quantum_circuit_qubit_sweep_codecarbon,66,-1,-1,True,HARDWARE_EFFICIENT_CZ_3Q,PennyLane,0.42.3,default.qubit,HARDWARE_EFFICIENT_CZ,3,4,37,18,6,36,8,CZ_LINEAR,50,-0.11894023,0.5297,0.11894,0.691382,0.097624294,4.917740626260639e-07,0,9.21023291690896e-07,1.41279735431696e-06,5.199202405663929e-07,0.36800765,3.2.8,3,1,4,40.9734,1.27151762,3.53199e-07,52.09840981,Cortex-A53,4,4,25.9,1200.0,1,48.2,225.0234,0.88,Debian GNU/Linux 13 (trixie) aarch64,Linux,aarch64,3.10.20,0.7777777777777778,0.78125,0.7777777777777778,0.7770897832817337,0.78125,0.7777777777777778,0.7770897832817337
2026-07-06 01:56:59,c9160e6539125e06c66b22677b30e1ed0aad8c344173a6c30f97b14607f84244,c9160e65,ubuntu,quantum_circuit_qubit_sweep_codecarbon,67,1,1,True,HARDWARE_EFFICIENT_CZ_3Q,PennyLane,0.42.3,default.qubit,HARDWARE_EFFICIENT_CZ,3,4,37,18,6,36,8,CZ_LINEAR,50,0.08704427,0.521747,0.087044,0.692201,0.0980685099,4.913174417904682e-07,0,9.201446016474316e-07,1.4114620434379e-06,5.194288359418368e-07,0.36800765,3.2.8,3,1,4,40.7878,1.27031584,3.52866e-07,51.81340431,Cortex-A53,4,4,25.8,1200.0,1,47.8,225.0273,0.88,Debian GNU/Linux 13 (trixie) aarch64,Linux,aarch64,3.10.20,0.7777777777777778,0.78125,0.7777777777777778,0.7770897832817337,0.78125,0.7777777777777778,0.7770897832817337
2026-07-06 01:57:04,c9160e6539125e06c66b22677b30e1ed0aad8c344173a6c30f97b14607f84244,c9160e65,ubuntu,quantum_circuit_qubit_sweep_codecarbon,68,-1,-1,True,HARDWARE_EFFICIENT_CZ_3Q,PennyLane,0.42.3,default.qubit,HARDWARE_EFFICIENT_CZ,3,4,37,18,6,36,8,CZ_LINEAR,50,-0.40499689,0.599888,0.404997,0.673057,0.0967634651,4.916482214934373e-07,0,9.207389074920986e-07,1.412387128985536e-06,5.197692745043822e-07,0.36800765,3.2.8,3,1,4,41.3379,1.27114842,3.53097e-07,52.54662656,Cortex-A53,4,4,25.5,1200.0,2,47.8,225.0273,0.88,Debian GNU/Linux 13 (trixie) aarch64,Linux,aarch64,3.10.20,0.7777777777777778,0.78125,0.7777777777777778,0.7770897832817337,0.78125,0.7777777777777778,0.7770897832817337
2026-07-06 01:57:09,c9160e6539125e06c66b22677b30e1ed0aad8c344173a6c30f97b14607f84244,c9160e65,ubuntu,quantum_circuit_qubit_sweep_codecarbon,69,-1,-1,True,HARDWARE_EFFICIENT_CZ_3Q,PennyLane,0.42.3,default.qubit,HARDWARE_EFFICIENT_CZ,3,4,37,18,6,36,8,CZ_LINEAR,50,-0.31676246,0.578535,0.316762,0.68076,0.098848765,4.925844427198171e-07,0,9.225026500644164e-07,1.4150870927842337e-06,5.207628818490236e-07,0.36800765,3.2.8,3,1,4,40.4659,1.27357838,3.53772e-07,51.53644088,Cortex-A53,4,4,25.2,1200.0,1,48.1,225.0273,0.88,Debian GNU/Linux 13 (trixie) aarch64,Linux,aarch64,3.10.20,0.7777777777777778,0.78125,0.7777777777777778,0.7770897832817337,0.78125,0.7777777777777778,0.7770897832817337
2026-07-06 01:57:15,c9160e6539125e06c66b22677b30e1ed0aad8c344173a6c30f97b14607f84244,c9160e65,ubuntu,quantum_circuit_qubit_sweep_codecarbon,70,-1,-1,True,HARDWARE_EFFICIENT_CZ_3Q,PennyLane,0.42.3,default.qubit,HARDWARE_EFFICIENT_CZ,3,4,37,18,6,36,8,CZ_LINEAR,50,-0.03544968,0.508861,0.03545,0.69299,0.102033538,4.9399274142666e-07,0,9.252062742598356e-07,1.4191990156864957e-06,5.222761009515382e-07,0.36800765,3.2.8,3,1,4,39.2028,1.27727911,3.548e-07,50.07291283,Cortex-A53,4,4,25.2,1200.0,1,48.1,225.0273,0.88,Debian GNU/Linux 13 (trixie) aarch64,Linux,aarch64,3.10.20,0.7777777777777778,0.78125,0.7777777777777778,0.7770897832817337,0.78125,0.7777777777777778,0.7770897832817337
2026-07-06 01:57:21,c9160e6539125e06c66b22677b30e1ed0aad8c344173a6c30f97b14607f84244,c9160e65,ubuntu,quantum_circuit_qubit_sweep_codecarbon,71,-1,-1,True,HARDWARE_EFFICIENT_CZ_3Q,PennyLane,0.42.3,default.qubit,HARDWARE_EFFICIENT_CZ,3,4,37,18,6,36,8,CZ_LINEAR,50,-0.09750345,0.524357,0.097503,0.69196,0.096708047,4.916434231110746e-07,0,9.208063800664e-07,1.4124498031774743e-06,5.197923390867515e-07,0.36800765,3.2.8,3,1,4,41.3616,1.27120482,3.53112e-07,52.57907124,Cortex-A53,4,4,26.1,1200.0,1,48.1,225.0273,0.88,Debian GNU/Linux 13 (trixie) aarch64,Linux,aarch64,3.10.20,0.7777777777777778,0.78125,0.7777777777777778,0.7770897832817337,0.78125,0.7777777777777778,0.7770897832817337
2026-07-06 01:57:36,c9160e6539125e06c66b22677b30e1ed0aad8c344173a6c30f97b14607f84244,c9160e65,ubuntu,quantum_circuit_qubit_sweep_codecarbon,0,-1,-1,True,HARDWARE_EFFICIENT_CZ_4Q,PennyLane,0.42.3,default.qubit,HARDWARE_EFFICIENT_CZ,4,4,49,18,8,48,12,CZ_LINEAR,68,-0.10742021,0.526829,0.10742,0.691707,0.129403536,5.061698508229692e-07,0,9.480459667975084e-07,1.4542158176204775e-06,5.351625520973811e-07,0.36800765,3.2.8,4,1,5,38.6388,1.04703539,2.90843e-07,40.45621245,Cortex-A53,4,4,25.8,1200.0,2,48.2,225.0352,0.88,Debian GNU/Linux 13 (trixie) aarch64,Linux,aarch64,3.10.20,0.6805555555555556,0.6806949806949807,0.6805555555555556,0.6804939224387421,0.6806949806949807,0.6805555555555556,0.6804939224387421
2026-07-06 01:57:41,c9160e6539125e06c66b22677b30e1ed0aad8c344173a6c30f97b14607f84244,c9160e65,ubuntu,quantum_circuit_qubit_sweep_codecarbon,1,1,1,True,HARDWARE_EFFICIENT_CZ_4Q,PennyLane,0.42.3,default.qubit,HARDWARE_EFFICIENT_CZ,4,4,49,18,8,48,12,CZ_LINEAR,68,0.33427236,0.582799,0.334272,0.679373,0.1319303969,5.072659849085742e-07,0,9.500892650491248e-07,1.457355249957699e-06,5.363178872280866e-07,0.36800765,3.2.8,4,1,5,37.8988,1.04929578,2.91471e-07,39.76702127,Cortex-A53,4,4,24.5,1200.0,1,48.0,225.043,0.88,Debian GNU/Linux 13 (trixie) aarch64,Linux,aarch64,3.10.20,0.6805555555555556,0.6806949806949807,0.6805555555555556,0.6804939224387421,0.6806949806949807,0.6805555555555556,0.6804939224387421
2026-07-06 01:57:47,c9160e6539125e06c66b22677b30e1ed0aad8c344173a6c30f97b14607f84244,c9160e65,ubuntu,quantum_circuit_qubit_sweep_codecarbon,2,1,1,True,HARDWARE_EFFICIENT_CZ_4Q,PennyLane,0.42.3,default.qubit,HARDWARE_EFFICIENT_CZ,4,4,49,18,8,48,12,CZ_LINEAR,68,0.2136213,0.553203,0.213621,0.687475,0.1284954669,5.057487911027339e-07,0,9.47227210078078e-07,1.452976001180812e-06,5.347062901574791e-07,0.36800765,3.2.8,4,1,5,38.9119,1.04614272,2.90595e-07,40.70737848,Cortex-A53,4,4,25.2,1200.0,1,48.0,225.0508,0.88,Debian GNU/Linux 13 (trixie) aarch64,Linux,aarch64,3.10.20,0.6805555555555556,0.6806949806949807,0.6805555555555556,0.6804939224387421,0.6806949806949807,0.6805555555555556,0.6804939224387421
2026-07-06 01:57:52,c9160e6539125e06c66b22677b30e1ed0aad8c344173a6c30f97b14607f84244,c9160e65,ubuntu,quantum_circuit_qubit_sweep_codecarbon,3,1,-1,False,HARDWARE_EFFICIENT_CZ_4Q,PennyLane,0.42.3,default.qubit,HARDWARE_EFFICIENT_CZ,4,4,49,18,8,48,12,CZ_LINEAR,68,-0.02700222,0.50675,0.027002,0.693056,0.130626861,5.066885660016952e-07,0,9.489870907661196e-07,1.4556756567678147e-06,5.356997840778578e-07,0.36800765,3.2.8,4,1,5,38.277,1.04808647,2.91135e-07,40.11757095,Cortex-A53,4,4,24.8,1200.0,1,48.0,225.0625,0.88,Debian GNU/Linux 13 (trixie) aarch64,Linux,aarch64,3.10.20,0.6805555555555556,0.6806949806949807,0.6805555555555556,0.6804939224387421,0.6806949806949807,0.6805555555555556,0.6804939224387421
2026-07-06 01:57:58,c9160e6539125e06c66b22677b30e1ed0aad8c344173a6c30f97b14607f84244,c9160e65,ubuntu,quantum_circuit_qubit_sweep_codecarbon,4,-1,1,False,HARDWARE_EFFICIENT_CZ_4Q,PennyLane,0.42.3,default.qubit,HARDWARE_EFFICIENT_CZ,4,4,49,18,8,48,12,CZ_LINEAR,68,0.23880493,0.559419,0.238805,0.686069,0.1288706718,5.059143861548769e-07,0,9.47505539127936e-07,1.453419925282813e-06,5.348696576250075e-07,0.36800765,3.2.8,4,1,5,38.7986,1.04646235,2.90684e-07,40.6012606,Cortex-A53,4,4,25.3,1200.0,2,47.9,225.0625,0.88,Debian GNU/Linux 13 (trixie) aarch64,Linux,aarch64,3.10.20,0.6805555555555556,0.6806949806949807,0.6805555555555556,0.6804939224387421,0.6806949806949807,0.6805555555555556,0.6804939224387421
2026-07-06 01:58:03,c9160e6539125e06c66b22677b30e1ed0aad8c344173a6c30f97b14607f84244,c9160e65,ubuntu,quantum_circuit_qubit_sweep_codecarbon,5,1,1,True,HARDWARE_EFFICIENT_CZ_4Q,PennyLane,0.42.3,default.qubit,HARDWARE_EFFICIENT_CZ,4,4,49,18,8,48,12,CZ_LINEAR,68,0.14129654,0.535265,0.141297,0.690658,0.129215721,5.060999608702129e-07,0,9.478729367644217e-07,1.4539728976346346e-06,5.350731556831736e-07,0.36800765,3.2.8,4,1,5,38.695,1.04686049,2.90795e-07,40.50824768,Cortex-A53,4,4,25.2,1200.0,2,48.0,225.0742,0.88,Debian GNU/Linux 13 (trixie) aarch64,Linux,aarch64,3.10.20,0.6805555555555556,0.6806949806949807,0.6805555555555556,0.6804939224387421,0.6806949806949807,0.6805555555555556,0.6804939224387421
2026-07-06 01:58:08,c9160e6539125e06c66b22677b30e1ed0aad8c344173a6c30f97b14607f84244,c9160e65,ubuntu,quantum_circuit_qubit_sweep_codecarbon,6,1,-1,False,HARDWARE_EFFICIENT_CZ_4Q,PennyLane,0.42.3,default.qubit,HARDWARE_EFFICIENT_CZ,4,4,49,18,8,48,12,CZ_LINEAR,68,-0.13781405,0.534399,0.137814,0.690779,0.129200252,5.060328888188599e-07,0,9.478018374647946e-07,1.4538347262836543e-06,5.35022307568388e-07,0.36800765,3.2.8,4,1,5,38.6996,1.046761,2.90767e-07,40.50924772,Cortex-A53,4,4,25.5,1200.0,1,48.0,225.0742,0.88,Debian GNU/Linux 13 (trixie) aarch64,Linux,aarch64,3.10.20,0.6805555555555556,0.6806949806949807,0.6805555555555556,0.6804939224387421,0.6806949806949807,0.6805555555555556,0.6804939224387421
2026-07-06 01:58:14,c9160e6539125e06c66b22677b30e1ed0aad8c344173a6c30f97b14607f84244,c9160e65,ubuntu,quantum_circuit_qubit_sweep_codecarbon,7,1,-1,False,HARDWARE_EFFICIENT_CZ_4Q,PennyLane,0.42.3,default.qubit,HARDWARE_EFFICIENT_CZ,4,4,49,18,8,48,12,CZ_LINEAR,68,-0.08794268,0.521972,0.087943,0.692181,0.1311986251,5.071096869501917e-07,0,9.497411009700348e-07,1.4568507879202264e-06,5.361322413369204e-07,0.36800765,3.2.8,4,1,5,38.1102,1.04893257,2.9137e-07,39.97498322,Cortex-A53,4,4,25.8,1200.0,3,48.0,225.0781,0.88,Debian GNU/Linux 13 (trixie) aarch64,Linux,aarch64,3.10.20,0.6805555555555556,0.6806949806949807,0.6805555555555556,0.6804939224387421,0.6806949806949807,0.6805555555555556,0.6804939224387421
2026-07-06 01:58:19,c9160e6539125e06c66b22677b30e1ed0aad8c344173a6c30f97b14607f84244,c9160e65,ubuntu,quantum_circuit_qubit_sweep_codecarbon,8,1,1,True,HARDWARE_EFFICIENT_CZ_4Q,PennyLane,0.42.3,default.qubit,HARDWARE_EFFICIENT_CZ,4,4,49,18,8,48,12,CZ_LINEAR,68,0.33244054,0.582353,0.332441,0.679521,0.129434885,5.061786232706093e-07,0,9.48031079218102e-07,1.4542097024887114e-06,5.351603016820832e-07,0.36800765,3.2.8,4,1,5,38.6295,1.04703099,2.90842e-07,40.44624391,Cortex-A53,4,4,25.0,1200.0,1,48.0,225.0898,0.88,Debian GNU/Linux 13 (trixie) aarch64,Linux,aarch64,3.10.20,0.6805555555555556,0.6806949806949807,0.6805555555555556,0.6804939224387421,0.6806949806949807,0.6805555555555556,0.6804939224387421
2026-07-06 01:58:24,c9160e6539125e06c66b22677b30e1ed0aad8c344173a6c30f97b14607f84244,c9160e65,ubuntu,quantum_circuit_qubit_sweep_codecarbon,9,-1,-1,True,HARDWARE_EFFICIENT_CZ_4Q,PennyLane,0.42.3,default.qubit,HARDWARE_EFFICIENT_CZ,4,4,49,18,8,48,12,CZ_LINEAR,68,-0.24925797,0.561994,0.249258,0.685441,0.158546801,5.20416719528536e-07,0,9.747500184069698e-07,1.4951667379355058e-06,5.502328042298239e-07,0.36800765,3.2.8,4,1,5,31.5364,1.07652005,2.99033e-07,33.94959863,Cortex-A53,4,4,25.1,1200.0,2,48.1,225.0898,0.88,Debian GNU/Linux 13 (trixie) aarch64,Linux,aarch64,3.10.20,0.6805555555555556,0.6806949806949807,0.6805555555555556,0.6804939224387421,0.6806949806949807,0.6805555555555556,0.6804939224387421
2026-07-06 01:58:30,c9160e6539125e06c66b22677b30e1ed0aad8c344173a6c30f97b14607f84244,c9160e65,ubuntu,quantum_circuit_qubit_sweep_codecarbon,10,1,1,True,HARDWARE_EFFICIENT_CZ_4Q,PennyLane,0.42.3,default.qubit,HARDWARE_EFFICIENT_CZ,4,4,49,18,8,48,12,CZ_LINEAR,68,0.44059275,0.6084,0.440593,0.669458,0.1788631929,5.291235879477527e-07,0,9.909465782887613e-07,1.520070166236514e-06,5.593974564664838e-07,0.36800765,3.2.8,4,1,5,27.9543,1.09445052,3.04014e-07,30.59462659,Cortex-A53,4,4,25.5,1200.0,2,48.1,225.1094,0.88,Debian GNU/Linux 13 (trixie) aarch64,Linux,aarch64,3.10.20,0.6805555555555556,0.6806949806949807,0.6805555555555556,0.6804939224387421,0.6806949806949807,0.6805555555555556,0.6804939224387421
2026-07-06 01:58:36,c9160e6539125e06c66b22677b30e1ed0aad8c344173a6c30f97b14607f84244,c9160e65,ubuntu,quantum_circuit_qubit_sweep_codecarbon,11,1,-1,False,HARDWARE_EFFICIENT_CZ_4Q,PennyLane,0.42.3,default.qubit,HARDWARE_EFFICIENT_CZ,4,4,49,18,8,48,12,CZ_LINEAR,68,-0.2287972,0.556951,0.228797,0.686646,0.177759032,5.283137908235139e-07,0,9.895306517137215e-07,1.5178444425372357e-06,5.585783731084727e-07,0.36800765,3.2.8,4,1,5,28.128,1.092848,3.03569e-07,30.7395913,Cortex-A53,4,4,26.5,1200.0,2,48.1,225.1094,0.88,Debian GNU/Linux 13 (trixie) aarch64,Linux,aarch64,3.10.20,0.6805555555555556,0.6806949806949807,0.6805555555555556,0.6804939224387421,0.6806949806949807,0.6805555555555556,0.6804939224387421
2026-07-06 01:58:41,c9160e6539125e06c66b22677b30e1ed0aad8c344173a6c30f97b14607f84244,c9160e65,ubuntu,quantum_circuit_qubit_sweep_codecarbon,12,-1,-1,True,HARDWARE_EFFICIENT_CZ_4Q,PennyLane,0.42.3,default.qubit,HARDWARE_EFFICIENT_CZ,4,4,49,18,8,48,12,CZ_LINEAR,68,-0.15488095,0.538643,0.154881,0.690158,0.153210995,5.175073344266379e-07,0,9.692830200462292e-07,1.486790354472867e-06,5.471502309990176e-07,0.36800765,3.2.8,4,1,5,32.6347,1.07048906,2.97358e-07,34.93512509,Cortex-A53,4,4,24.8,1200.0,1,48.2,225.1094,0.88,Debian GNU/Linux 13 (trixie) aarch64,Linux,aarch64,3.10.20,0.6805555555555556,0.6806949806949807,0.6805555555555556,0.6804939224387421,0.6806949806949807,0.6805555555555556,0.6804939224387421
2026-07-06 01:58:47,c9160e6539125e06c66b22677b30e1ed0aad8c344173a6c30f97b14607f84244,c9160e65,ubuntu,quantum_circuit_qubit_sweep_codecarbon,13,1,1,True,HARDWARE_EFFICIENT_CZ_4Q,PennyLane,0.42.3,default.qubit,HARDWARE_EFFICIENT_CZ,4,4,49,18,8,48,12,CZ_LINEAR,68,0.12874658,0.532142,0.128747,0.69108,0.1652651441,5.227365791797638e-07,0,9.790734100776411e-07,1.5018099892574051e-06,5.526775715666758e-07,0.36800765,3.2.8,4,1,5,30.2544,1.08130319,3.00362e-07,32.71419386,Cortex-A53,4,4,24.8,1200.0,2,48.1,225.1094,0.88,Debian GNU/Linux 13 (trixie) aarch64,Linux,aarch64,3.10.20,0.6805555555555556,0.6806949806949807,0.6805555555555556,0.6804939224387421,0.6806949806949807,0.6805555555555556,0.6804939224387421
2026-07-06 01:58:52,c9160e6539125e06c66b22677b30e1ed0aad8c344173a6c30f97b14607f84244,c9160e65,ubuntu,quantum_circuit_qubit_sweep_codecarbon,14,1,1,True,HARDWARE_EFFICIENT_CZ_4Q,PennyLane,0.42.3,default.qubit,HARDWARE_EFFICIENT_CZ,4,4,49,18,8,48,12,CZ_LINEAR,68,0.44740317,0.610022,0.447403,0.668738,0.1699588138,5.247661483784517e-07,0,9.82868131638194e-07,1.507634280016646e-06,5.548209551477819e-07,0.36800765,3.2.8,4,1,5,29.4189,1.08549668,3.01527e-07,31.93410972,Cortex-A53,4,4,24.8,1200.0,1,48.1,225.1172,0.88,Debian GNU/Linux 13 (trixie) aarch64,Linux,aarch64,3.10.20,0.6805555555555556,0.6806949806949807,0.6805555555555556,0.6804939224387421,0.6806949806949807,0.6805555555555556,0.6804939224387421
2026-07-06 01:58:57,c9160e6539125e06c66b22677b30e1ed0aad8c344173a6c30f97b14607f84244,c9160e65,ubuntu,quantum_circuit_qubit_sweep_codecarbon,15,-1,1,False,HARDWARE_EFFICIENT_CZ_4Q,PennyLane,0.42.3,default.qubit,HARDWARE_EFFICIENT_CZ,4,4,49,18,8,48,12,CZ_LINEAR,68,0.15703647,0.539179,0.157036,0.690074,0.182764468,5.304806035839849e-07,0,9.93559818404416e-07,1.5240404219884012e-06,5.608585409732772e-07,0.36800765,3.2.8,4,1,5,27.3576,1.0973091,3.04808e-07,30.01976029,Cortex-A53,4,4,24.2,1200.0,2,47.9,225.125,0.88,Debian GNU/Linux 13 (trixie) aarch64,Linux,aarch64,3.10.20,0.6805555555555556,0.6806949806949807,0.6805555555555556,0.6804939224387421,0.6806949806949807,0.6805555555555556,0.6804939224387421
2026-07-06 01:59:03,c9160e6539125e06c66b22677b30e1ed0aad8c344173a6c30f97b14607f84244,c9160e65,ubuntu,quantum_circuit_qubit_sweep_codecarbon,16,1,-1,False,HARDWARE_EFFICIENT_CZ_4Q,PennyLane,0.42.3,default.qubit,HARDWARE_EFFICIENT_CZ,4,4,49,18,8,48,12,CZ_LINEAR,68,-0.07659115,0.519138,0.076591,0.692414,0.176254401,5.275602240322364e-07,0,9.880947841641804e-07,1.5156550081964168e-06,5.577726445121495e-07,0.36800765,3.2.8,4,1,5,28.3681,1.09127161,3.03131e-07,30.95728673,Cortex-A53,4,4,26.2,1200.0,2,47.9,225.125,0.88,Debian GNU/Linux 13 (trixie) aarch64,Linux,aarch64,3.10.20,0.6805555555555556,0.6806949806949807,0.6805555555555556,0.6804939224387421,0.6806949806949807,0.6805555555555556,0.6804939224387421
2026-07-06 01:59:08,c9160e6539125e06c66b22677b30e1ed0aad8c344173a6c30f97b14607f84244,c9160e65,ubuntu,quantum_circuit_qubit_sweep_codecarbon,17,1,-1,False,HARDWARE_EFFICIENT_CZ_4Q,PennyLane,0.42.3,default.qubit,HARDWARE_EFFICIENT_CZ,4,4,49,18,8,48,12,CZ_LINEAR,68,-0.01863906,0.50466,0.018639,0.693104,0.1732825951,5.263393719991048e-07,0,9.857939241919666e-07,1.5121332961910715e-06,5.564766275374364e-07,0.36800765,3.2.8,4,1,5,28.8546,1.08873597,3.02427e-07,31.41504121,Cortex-A53,4,4,25.2,1200.0,1,48.0,225.125,0.88,Debian GNU/Linux 13 (trixie) aarch64,Linux,aarch64,3.10.20,0.6805555555555556,0.6806949806949807,0.6805555555555556,0.6804939224387421,0.6806949806949807,0.6805555555555556,0.6804939224387421
2026-07-06 01:59:14,c9160e6539125e06c66b22677b30e1ed0aad8c344173a6c30f97b14607f84244,c9160e65,ubuntu,quantum_circuit_qubit_sweep_codecarbon,18,-1,-1,True,HARDWARE_EFFICIENT_CZ_4Q,PennyLane,0.42.3,default.qubit,HARDWARE_EFFICIENT_CZ,4,4,49,18,8,48,12,CZ_LINEAR,68,-0.37398369,0.592421,0.373984,0.675965,0.178201732,5.286796725879194e-07,0,9.902323916321622e-07,1.5189120642200815e-06,5.589712660598101e-07,0.36800765,3.2.8,4,1,5,28.0581,1.09361669,3.03782e-07,30.68479397,Cortex-A53,4,4,26.4,1200.0,2,48.2,225.1328,0.88,Debian GNU/Linux 13 (trixie) aarch64,Linux,aarch64,3.10.20,0.6805555555555556,0.6806949806949807,0.6805555555555556,0.6804939224387421,0.6806949806949807,0.6805555555555556,0.6804939224387421
2026-07-06 01:59:19,c9160e6539125e06c66b22677b30e1ed0aad8c344173a6c30f97b14607f84244,c9160e65,ubuntu,quantum_circuit_qubit_sweep_codecarbon,19,1,1,True,HARDWARE_EFFICIENT_CZ_4Q,PennyLane,0.42.3,default.qubit,HARDWARE_EFFICIENT_CZ,4,4,49,18,8,48,12,CZ_LINEAR,68,0.18333073,0.545705,0.183331,0.688963,0.173781964,5.266240546747393e-07,0,9.863480783921355e-07,1.5129721330668751e-06,5.567853259285617e-07,0.36800765,3.2.8,4,1,5,28.7717,1.08933994,3.02594e-07,31.34214595,Cortex-A53,4,4,25.6,1200.0,2,48.2,225.1328,0.88,Debian GNU/Linux 13 (trixie) aarch64,Linux,aarch64,3.10.20,0.6805555555555556,0.6806949806949807,0.6805555555555556,0.6804939224387421,0.6806949806949807,0.6805555555555556,0.6804939224387421
2026-07-06 01:59:25,c9160e6539125e06c66b22677b30e1ed0aad8c344173a6c30f97b14607f84244,c9160e65,ubuntu,quantum_circuit_qubit_sweep_codecarbon,20,-1,-1,True,HARDWARE_EFFICIENT_CZ_4Q,PennyLane,0.42.3,default.qubit,HARDWARE_EFFICIENT_CZ,4,4,49,18,8,48,12,CZ_LINEAR,68,-0.16273129,0.540593,0.162731,0.689848,0.1758492431,5.278445919831639e-07,0,9.88656219172602e-07,1.5165008111557658e-06,5.580839064753411e-07,0.36800765,3.2.8,4,1,5,28.4334,1.09188058,3.033e-07,31.04592789,Cortex-A53,4,4,25.3,1200.0,3,48.3,225.1758,0.88,Debian GNU/Linux 13 (trixie) aarch64,Linux,aarch64,3.10.20,0.6805555555555556,0.6806949806949807,0.6805555555555556,0.6804939224387421,0.6806949806949807,0.6805555555555556,0.6804939224387421
2026-07-06 01:59:30,c9160e6539125e06c66b22677b30e1ed0aad8c344173a6c30f97b14607f84244,c9160e65,ubuntu,quantum_circuit_qubit_sweep_codecarbon,21,1,1,True,HARDWARE_EFFICIENT_CZ_4Q,PennyLane,0.42.3,default.qubit,HARDWARE_EFFICIENT_CZ,4,4,49,18,8,48,12,CZ_LINEAR,68,0.5312847,0.629783,0.531285,0.659071,0.1799030208,5.292478809038089e-07,0,9.913123183650896e-07,1.5205601992688985e-06,5.595777923733315e-07,0.36800765,3.2.8,4,1,5,27.7928,1.09480334,3.04112e-07,30.42759756,Cortex-A53,4,4,24.8,1200.0,1,48.6,225.1875,0.88,Debian GNU/Linux 13 (trixie) aarch64,Linux,aarch64,3.10.20,0.6805555555555556,0.6806949806949807,0.6805555555555556,0.6804939224387421,0.6806949806949807,0.6805555555555556,0.6804939224387421
2026-07-06 01:59:36,c9160e6539125e06c66b22677b30e1ed0aad8c344173a6c30f97b14607f84244,c9160e65,ubuntu,quantum_circuit_qubit_sweep_codecarbon,22,1,1,True,HARDWARE_EFFICIENT_CZ_4Q,PennyLane,0.42.3,default.qubit,HARDWARE_EFFICIENT_CZ,4,4,49,18,8,48,12,CZ_LINEAR,68,0.01127417,0.502819,0.011274,0.693131,0.1797418229,5.291209862464004e-07,0,9.910835824363557e-07,1.520204568682756e-06,5.594469175954768e-07,0.36800765,3.2.8,4,1,5,27.8177,1.09454729,3.04041e-07,30.44776313,Cortex-A53,4,4,25.5,1200.0,1,48.3,225.1875,0.88,Debian GNU/Linux 13 (trixie) aarch64,Linux,aarch64,3.10.20,0.6805555555555556,0.6806949806949807,0.6805555555555556,0.6804939224387421,0.6806949806949807,0.6805555555555556,0.6804939224387421
2026-07-06 01:59:41,c9160e6539125e06c66b22677b30e1ed0aad8c344173a6c30f97b14607f84244,c9160e65,ubuntu,quantum_circuit_qubit_sweep_codecarbon,23,-1,1,False,HARDWARE_EFFICIENT_CZ_4Q,PennyLane,0.42.3,default.qubit,HARDWARE_EFFICIENT_CZ,4,4,49,18,8,48,12,CZ_LINEAR,68,0.00882436,0.502206,0.008824,0.693137,0.1801461428,5.294101192251282e-07,0,9.91554408489416e-07,1.5209645277145442e-06,5.597265883362384e-07,0.36800765,3.2.8,4,1,5,27.7552,1.09509446,3.04193e-07,30.39461303,Cortex-A53,4,4,25.6,1200.0,1,48.1,225.1875,0.88,Debian GNU/Linux 13 (trixie) aarch64,Linux,aarch64,3.10.20,0.6805555555555556,0.6806949806949807,0.6805555555555556,0.6804939224387421,0.6806949806949807,0.6805555555555556,0.6804939224387421
2026-07-06 01:59:47,c9160e6539125e06c66b22677b30e1ed0aad8c344173a6c30f97b14607f84244,c9160e65,ubuntu,quantum_circuit_qubit_sweep_codecarbon,24,1,-1,False,HARDWARE_EFFICIENT_CZ_4Q,PennyLane,0.42.3,default.qubit,HARDWARE_EFFICIENT_CZ,4,4,49,18,8,48,12,CZ_LINEAR,68,-0.02731336,0.506828,0.027313,0.693054,0.17778001,5.283057084307074e-07,0,9.895278532834102e-07,1.5178335617141176e-06,5.585743688822786e-07,0.36800765,3.2.8,4,1,5,28.1246,1.09284016,3.03567e-07,30.73574369,Cortex-A53,4,4,25.3,1200.0,1,48.3,225.2266,0.88,Debian GNU/Linux 13 (trixie) aarch64,Linux,aarch64,3.10.20,0.6805555555555556,0.6806949806949807,0.6805555555555556,0.6804939224387421,0.6806949806949807,0.6805555555555556,0.6804939224387421
2026-07-06 01:59:52,c9160e6539125e06c66b22677b30e1ed0aad8c344173a6c30f97b14607f84244,c9160e65,ubuntu,quantum_circuit_qubit_sweep_codecarbon,25,1,-1,False,HARDWARE_EFFICIENT_CZ_4Q,PennyLane,0.42.3,default.qubit,HARDWARE_EFFICIENT_CZ,4,4,49,18,8,48,12,CZ_LINEAR,68,-0.1244521,0.531073,0.124452,0.691215,0.1759689262,5.274453404256039e-07,0,9.879235607028629e-07,1.5153689011284668e-06,5.576673549211535e-07,0.36800765,3.2.8,4,1,5,28.4141,1.09106561,3.03074e-07,31.00165559,Cortex-A53,4,4,24.7,1200.0,2,48.4,225.2305,0.88,Debian GNU/Linux 13 (trixie) aarch64,Linux,aarch64,3.10.20,0.6805555555555556,0.6806949806949807,0.6805555555555556,0.6804939224387421,0.6806949806949807,0.6805555555555556,0.6804939224387421
2026-07-06 01:59:57,c9160e6539125e06c66b22677b30e1ed0aad8c344173a6c30f97b14607f84244,c9160e65,ubuntu,quantum_circuit_qubit_sweep_codecarbon,26,1,-1,False,HARDWARE_EFFICIENT_CZ_4Q,PennyLane,0.42.3,default.qubit,HARDWARE_EFFICIENT_CZ,4,4,49,18,8,48,12,CZ_LINEAR,68,-0.07225163,0.518055,0.072252,0.692495,0.17905823,5.288389178199901e-07,0,9.90547239198349e-07,1.5193861570183394e-06,5.591457358384855e-07,0.36800765,3.2.8,4,1,5,27.9239,1.09395803,3.03877e-07,30.54754961,Cortex-A53,4,4,25.5,1200.0,1,48.3,225.2422,0.88,Debian GNU/Linux 13 (trixie) aarch64,Linux,aarch64,3.10.20,0.6805555555555556,0.6806949806949807,0.6805555555555556,0.6804939224387421,0.6806949806949807,0.6805555555555556,0.6804939224387421
2026-07-06 02:00:03,c9160e6539125e06c66b22677b30e1ed0aad8c344173a6c30f97b14607f84244,c9160e65,ubuntu,quantum_circuit_qubit_sweep_codecarbon,27,-1,-1,True,HARDWARE_EFFICIENT_CZ_4Q,PennyLane,0.42.3,default.qubit,HARDWARE_EFFICIENT_CZ,4,4,49,18,8,48,12,CZ_LINEAR,68,-0.42456252,0.604575,0.424563,0.671113,0.1754174181,5.272765776714267e-07,0,9.875665659395355e-07,1.5148431436109623e-06,5.574738721303307e-07,0.36800765,3.2.8,4,1,5,28.5034,1.09068706,3.02969e-07,31.08833419,Cortex-A53,4,4,25.8,1200.0,1,48.2,225.2461,0.88,Debian GNU/Linux 13 (trixie) aarch64,Linux,aarch64,3.10.20,0.6805555555555556,0.6806949806949807,0.6805555555555556,0.6804939224387421,0.6806949806949807,0.6805555555555556,0.6804939224387421
2026-07-06 02:00:08,c9160e6539125e06c66b22677b30e1ed0aad8c344173a6c30f97b14607f84244,c9160e65,ubuntu,quantum_circuit_qubit_sweep_codecarbon,28,-1,-1,True,HARDWARE_EFFICIENT_CZ_4Q,PennyLane,0.42.3,default.qubit,HARDWARE_EFFICIENT_CZ,4,4,49,18,8,48,12,CZ_LINEAR,68,-0.11122293,0.527777,0.111223,0.691603,0.178226202,5.284358831122518e-07,0,9.898001425123464e-07,1.518236025624598e-06,5.587224786819728e-07,0.36800765,3.2.8,4,1,5,28.0542,1.09312994,3.03647e-07,30.66692568,Cortex-A53,4,4,25.1,1200.0,1,48.2,225.2461,0.88,Debian GNU/Linux 13 (trixie) aarch64,Linux,aarch64,3.10.20,0.6805555555555556,0.6806949806949807,0.6805555555555556,0.6804939224387421,0.6806949806949807,0.6805555555555556,0.6804939224387421
2026-07-06 02:00:14,c9160e6539125e06c66b22677b30e1ed0aad8c344173a6c30f97b14607f84244,c9160e65,ubuntu,quantum_circuit_qubit_sweep_codecarbon,29,1,1,True,HARDWARE_EFFICIENT_CZ_4Q,PennyLane,0.42.3,default.qubit,HARDWARE_EFFICIENT_CZ,4,4,49,18,8,48,12,CZ_LINEAR,68,0.21895584,0.554521,0.218956,0.68719,0.1710665552,5.253226812928915e-07,0,9.839348506648097e-07,1.509257531957701e-06,5.554183242871807e-07,0.36800765,3.2.8,4,1,5,29.2284,1.08666542,3.01852e-07,31.76148084,Cortex-A53,4,4,25.3,1200.0,2,48.3,225.2461,0.88,Debian GNU/Linux 13 (trixie) aarch64,Linux,aarch64,3.10.20,0.6805555555555556,0.6806949806949807,0.6805555555555556,0.6804939224387421,0.6806949806949807,0.6805555555555556,0.6804939224387421
2026-07-06 02:00:19,c9160e6539125e06c66b22677b30e1ed0aad8c344173a6c30f97b14607f84244,c9160e65,ubuntu,quantum_circuit_qubit_sweep_codecarbon,30,-1,-1,True,HARDWARE_EFFICIENT_CZ_4Q,PennyLane,0.42.3,default.qubit,HARDWARE_EFFICIENT_CZ,4,4,49,18,8,48,12,CZ_LINEAR,68,-0.26333262,0.565455,0.263333,0.684554,0.1719313411,5.260259612566895e-07,0,9.852145257173109e-07,1.5112404869740002e-06,5.561480669115963e-07,0.36800765,3.2.8,4,1,5,29.0814,1.08809315,3.02248e-07,31.64324619,Cortex-A53,4,4,25.3,1200.0,1,48.2,225.3047,0.88,Debian GNU/Linux 13 (trixie) aarch64,Linux,aarch64,3.10.20,0.6805555555555556,0.6806949806949807,0.6805555555555556,0.6804939224387421,0.6806949806949807,0.6805555555555556,0.6804939224387421
2026-07-06 02:00:25,c9160e6539125e06c66b22677b30e1ed0aad8c344173a6c30f97b14607f84244,c9160e65,ubuntu,quantum_circuit_qubit_sweep_codecarbon,31,-1,-1,True,HARDWARE_EFFICIENT_CZ_4Q,PennyLane,0.42.3,default.qubit,HARDWARE_EFFICIENT_CZ,4,4,49,18,8,48,12,CZ_LINEAR,68,-0.20309751,0.550601,0.203098,0.688018,0.172998053,5.261540967711732e-07,0,9.854949892420944e-07,1.5116490860132675e-06,5.56298434485645e-07,0.36800765,3.2.8,4,1,5,28.9021,1.08838734,3.0233e-07,31.45663558,Cortex-A53,4,4,25.2,1200.0,1,48.2,225.3086,0.88,Debian GNU/Linux 13 (trixie) aarch64,Linux,aarch64,3.10.20,0.6805555555555556,0.6806949806949807,0.6805555555555556,0.6804939224387421,0.6806949806949807,0.6805555555555556,0.6804939224387421
2026-07-06 02:00:30,c9160e6539125e06c66b22677b30e1ed0aad8c344173a6c30f97b14607f84244,c9160e65,ubuntu,quantum_circuit_qubit_sweep_codecarbon,32,-1,-1,True,HARDWARE_EFFICIENT_CZ_4Q,PennyLane,0.42.3,default.qubit,HARDWARE_EFFICIENT_CZ,4,4,49,18,8,48,12,CZ_LINEAR,68,-0.030117,0.507529,0.030117,0.693034,0.178907081,5.288529458724485e-07,0,9.90535971747401e-07,1.5193889176198495e-06,5.591467517609721e-07,0.36800765,3.2.8,4,1,5,27.9475,1.09396002,3.03878e-07,30.57341315,Cortex-A53,4,4,25.5,1200.0,1,48.1,225.3125,0.88,Debian GNU/Linux 13 (trixie) aarch64,Linux,aarch64,3.10.20,0.6805555555555556,0.6806949806949807,0.6805555555555556,0.6804939224387421,0.6806949806949807,0.6805555555555556,0.6804939224387421
2026-07-06 02:00:36,c9160e6539125e06c66b22677b30e1ed0aad8c344173a6c30f97b14607f84244,c9160e65,ubuntu,quantum_circuit_qubit_sweep_codecarbon,33,-1,-1,True,HARDWARE_EFFICIENT_CZ_4Q,PennyLane,0.42.3,default.qubit,HARDWARE_EFFICIENT_CZ,4,4,49,18,8,48,12,CZ_LINEAR,68,-0.9188986,0.714818,0.918899,0.597782,0.1801803529,5.294036666552226e-07,0,9.915974191001928e-07,1.5210010857554153e-06,5.597400419751105e-07,0.36800765,3.2.8,4,1,5,27.75,1.09512078,3.042e-07,30.38957257,Cortex-A53,4,4,26.3,1200.0,2,48.3,225.3125,0.88,Debian GNU/Linux 13 (trixie) aarch64,Linux,aarch64,3.10.20,0.6805555555555556,0.6806949806949807,0.6805555555555556,0.6804939224387421,0.6806949806949807,0.6805555555555556,0.6804939224387421
2026-07-06 02:00:41,c9160e6539125e06c66b22677b30e1ed0aad8c344173a6c30f97b14607f84244,c9160e65,ubuntu,quantum_circuit_qubit_sweep_codecarbon,34,1,1,True,HARDWARE_EFFICIENT_CZ_4Q,PennyLane,0.42.3,default.qubit,HARDWARE_EFFICIENT_CZ,4,4,49,18,8,48,12,CZ_LINEAR,68,0.42395104,0.604428,0.423951,0.671175,0.1714443099,5.256635471143657e-07,0,9.845780117514855e-07,1.5102415588658512e-06,5.557804537215585e-07,0.36800765,3.2.8,4,1,5,29.164,1.08737392,3.02048e-07,31.71216132,Cortex-A53,4,4,25.1,1200.0,2,48.3,225.3125,0.88,Debian GNU/Linux 13 (trixie) aarch64,Linux,aarch64,3.10.20,0.6805555555555556,0.6806949806949807,0.6805555555555556,0.6804939224387421,0.6806949806949807,0.6805555555555556,0.6804939224387421
2026-07-06 02:00:47,c9160e6539125e06c66b22677b30e1ed0aad8c344173a6c30f97b14607f84244,c9160e65,ubuntu,quantum_circuit_qubit_sweep_codecarbon,35,-1,-1,True,HARDWARE_EFFICIENT_CZ_4Q,PennyLane,0.42.3,default.qubit,HARDWARE_EFFICIENT_CZ,4,4,49,18,8,48,12,CZ_LINEAR,68,-0.09469215,0.523655,0.094692,0.692028,0.1716005059,5.255562388687393e-07,0,9.8433738341555e-07,1.5098936222842891e-06,5.556524103962828e-07,0.36800765,3.2.8,4,1,5,29.1374,1.08712341,3.01979e-07,31.67599659,Cortex-A53,4,4,24.7,1200.0,2,48.3,225.3125,0.88,Debian GNU/Linux 13 (trixie) aarch64,Linux,aarch64,3.10.20,0.6805555555555556,0.6806949806949807,0.6805555555555556,0.6804939224387421,0.6806949806949807,0.6805555555555556,0.6804939224387421
2026-07-06 02:00:52,c9160e6539125e06c66b22677b30e1ed0aad8c344173a6c30f97b14607f84244,c9160e65,ubuntu,quantum_circuit_qubit_sweep_codecarbon,36,1,1,True,HARDWARE_EFFICIENT_CZ_4Q,PennyLane,0.42.3,default.qubit,HARDWARE_EFFICIENT_CZ,4,4,49,18,8,48,12,CZ_LINEAR,68,0.0593662,0.514837,0.059366,0.692707,0.174178303,5.266651110723615e-07,0,9.8644761077594e-07,1.5131127218483016e-06,5.568370636762555e-07,0.36800765,3.2.8,4,1,5,28.7062,1.08944116,3.02623e-07,31.27373333,Cortex-A53,4,4,24.9,1200.0,2,48.2,225.3125,0.88,Debian GNU/Linux 13 (trixie) aarch64,Linux,aarch64,3.10.20,0.6805555555555556,0.6806949806949807,0.6805555555555556,0.6804939224387421,0.6806949806949807,0.6805555555555556,0.6804939224387421
2026-07-06 02:00:57,c9160e6539125e06c66b22677b30e1ed0aad8c344173a6c30f97b14607f84244,c9160e65,ubuntu,quantum_circuit_qubit_sweep_codecarbon,37,-1,1,False,HARDWARE_EFFICIENT_CZ_4Q,PennyLane,0.42.3,default.qubit,HARDWARE_EFFICIENT_CZ,4,4,49,18,8,48,12,CZ_LINEAR,68,0.16990059,0.542373,0.169901,0.689552,0.174880069,5.26997598231625e-07,0,9.8705645747638e-07,1.5140540557080051e-06,5.571834817420134e-07,0.36800765,3.2.8,4,1,5,28.591,1.09011892,3.02811e-07,31.16761465,Cortex-A53,4,4,25.3,1200.0,1,48.5,225.3242,0.88,Debian GNU/Linux 13 (trixie) aarch64,Linux,aarch64,3.10.20,0.6805555555555556,0.6806949806949807,0.6805555555555556,0.6804939224387421,0.6806949806949807,0.6805555555555556,0.6804939224387421
2026-07-06 02:01:03,c9160e6539125e06c66b22677b30e1ed0aad8c344173a6c30f97b14607f84244,c9160e65,ubuntu,quantum_circuit_qubit_sweep_codecarbon,38,-1,-1,True,HARDWARE_EFFICIENT_CZ_4Q,PennyLane,0.42.3,default.qubit,HARDWARE_EFFICIENT_CZ,4,4,49,18,8,48,12,CZ_LINEAR,68,-0.12265092,0.530624,0.122651,0.69127,0.1768527129,5.278247991162869e-07,0,9.886337007628754e-07,1.5164584998791623e-06,5.580683356016817e-07,0.36800765,3.2.8,4,1,5,28.2721,1.09185012,3.03292e-07,30.86891069,Cortex-A53,4,4,25.6,1200.0,2,48.4,225.3281,0.88,Debian GNU/Linux 13 (trixie) aarch64,Linux,aarch64,3.10.20,0.6805555555555556,0.6806949806949807,0.6805555555555556,0.6804939224387421,0.6806949806949807,0.6805555555555556,0.6804939224387421
2026-07-06 02:01:08,c9160e6539125e06c66b22677b30e1ed0aad8c344173a6c30f97b14607f84244,c9160e65,ubuntu,quantum_circuit_qubit_sweep_codecarbon,39,-1,1,False,HARDWARE_EFFICIENT_CZ_4Q,PennyLane,0.42.3,default.qubit,HARDWARE_EFFICIENT_CZ,4,4,49,18,8,48,12,CZ_LINEAR,68,0.33649395,0.583339,0.336494,0.679191,0.177438386,5.286899772990081e-07,0,9.90181517554447e-07,1.5188714948534553e-06,5.589563362223556e-07,0.36800765,3.2.8,4,1,5,28.1788,1.09358748,3.03774e-07,30.8159779,Cortex-A53,4,4,24.7,1200.0,2,48.0,225.3281,0.88,Debian GNU/Linux 13 (trixie) aarch64,Linux,aarch64,3.10.20,0.6805555555555556,0.6806949806949807,0.6805555555555556,0.6804939224387421,0.6806949806949807,0.6805555555555556,0.6804939224387421
2026-07-06 02:01:14,c9160e6539125e06c66b22677b30e1ed0aad8c344173a6c30f97b14607f84244,c9160e65,ubuntu,quantum_circuit_qubit_sweep_codecarbon,40,-1,-1,True,HARDWARE_EFFICIENT_CZ_4Q,PennyLane,0.42.3,default.qubit,HARDWARE_EFFICIENT_CZ,4,4,49,18,8,48,12,CZ_LINEAR,68,-0.32177751,0.579757,0.321778,0.68037,0.161825612,5.207610512968755e-07,0,9.753107242674256e-07,1.4960717755643011e-06,5.505658650047801e-07,0.36800765,3.2.8,4,1,5,30.8975,1.07717168,2.99214e-07,33.28186637,Cortex-A53,4,4,25.5,1200.0,1,48.0,225.332,0.88,Debian GNU/Linux 13 (trixie) aarch64,Linux,aarch64,3.10.20,0.6805555555555556,0.6806949806949807,0.6805555555555556,0.6804939224387421,0.6806949806949807,0.6805555555555556,0.6804939224387421
2026-07-06 02:01:20,c9160e6539125e06c66b22677b30e1ed0aad8c344173a6c30f97b14607f84244,c9160e65,ubuntu,quantum_circuit_qubit_sweep_codecarbon,41,-1,1,False,HARDWARE_EFFICIENT_CZ_4Q,PennyLane,0.42.3,default.qubit,HARDWARE_EFFICIENT_CZ,4,4,49,18,8,48,12,CZ_LINEAR,68,0.04795172,0.511986,0.047952,0.69286,0.1661887111,5.230898204156095e-07,0,9.796846526054044e-07,1.502774473021014e-06,5.530325089742704e-07,0.36800765,3.2.8,4,1,5,30.0863,1.08199762,3.00555e-07,32.55328276,Cortex-A53,4,4,26.3,1200.0,2,48.1,225.3359,0.88,Debian GNU/Linux 13 (trixie) aarch64,Linux,aarch64,3.10.20,0.6805555555555556,0.6806949806949807,0.6805555555555556,0.6804939224387421,0.6806949806949807,0.6805555555555556,0.6804939224387421
2026-07-06 02:01:25,c9160e6539125e06c66b22677b30e1ed0aad8c344173a6c30f97b14607f84244,c9160e65,ubuntu,quantum_circuit_qubit_sweep_codecarbon,42,-1,-1,True,HARDWARE_EFFICIENT_CZ_4Q,PennyLane,0.42.3,default.qubit,HARDWARE_EFFICIENT_CZ,4,4,49,18,8,48,12,CZ_LINEAR,68,-0.26196306,0.565119,0.261963,0.684642,0.1732715331,5.259580652539929e-07,0,9.850984190901122e-07,1.5110564843441052e-06,5.560803525353572e-07,0.36800765,3.2.8,4,1,5,28.8564,1.08796067,3.02211e-07,31.39467428,Cortex-A53,4,4,24.6,1200.0,1,48.2,225.3438,0.88,Debian GNU/Linux 13 (trixie) aarch64,Linux,aarch64,3.10.20,0.6805555555555556,0.6806949806949807,0.6805555555555556,0.6804939224387421,0.6806949806949807,0.6805555555555556,0.6804939224387421
2026-07-06 02:01:30,c9160e6539125e06c66b22677b30e1ed0aad8c344173a6c30f97b14607f84244,c9160e65,ubuntu,quantum_circuit_qubit_sweep_codecarbon,43,1,1,True,HARDWARE_EFFICIENT_CZ_4Q,PennyLane,0.42.3,default.qubit,HARDWARE_EFFICIENT_CZ,4,4,49,18,8,48,12,CZ_LINEAR,68,0.04596104,0.511488,0.045961,0.692883,0.1735407501,5.264410470715827e-07,0,9.86003922492576e-07,1.5124449695641588e-06,5.565913257244188e-07,0.36800765,3.2.8,4,1,5,28.8117,1.08896038,3.02489e-07,31.37477445,Cortex-A53,4,4,25.7,1200.0,4,49.2,225.3555,0.88,Debian GNU/Linux 13 (trixie) aarch64,Linux,aarch64,3.10.20,0.6805555555555556,0.6806949806949807,0.6805555555555556,0.6804939224387421,0.6806949806949807,0.6805555555555556,0.6804939224387421
2026-07-06 02:01:36,c9160e6539125e06c66b22677b30e1ed0aad8c344173a6c30f97b14607f84244,c9160e65,ubuntu,quantum_circuit_qubit_sweep_codecarbon,44,1,1,True,HARDWARE_EFFICIENT_CZ_4Q,PennyLane,0.42.3,default.qubit,HARDWARE_EFFICIENT_CZ,4,4,49,18,8,48,12,CZ_LINEAR,68,0.0672795,0.516814,0.06728,0.692582,0.1671796411,5.236506217883693e-07,0,9.807512592912342e-07,1.5044018810796036e-06,5.536314075967348e-07,0.36800765,3.2.8,4,1,5,29.9079,1.08316935,3.0088e-07,32.39537265,Cortex-A53,4,4,25.7,1200.0,2,49.2,225.3555,0.88,Debian GNU/Linux 13 (trixie) aarch64,Linux,aarch64,3.10.20,0.6805555555555556,0.6806949806949807,0.6805555555555556,0.6804939224387421,0.6806949806949807,0.6805555555555556,0.6804939224387421
2026-07-06 02:01:41,c9160e6539125e06c66b22677b30e1ed0aad8c344173a6c30f97b14607f84244,c9160e65,ubuntu,quantum_circuit_qubit_sweep_codecarbon,45,1,1,True,HARDWARE_EFFICIENT_CZ_4Q,PennyLane,0.42.3,default.qubit,HARDWARE_EFFICIENT_CZ,4,4,49,18,8,48,12,CZ_LINEAR,68,0.39868123,0.598371,0.398681,0.673667,0.1680367182,5.239252476021648e-07,0,9.81293395937731e-07,1.5052186435398958e-06,5.539319824339845e-07,0.36800765,3.2.8,4,1,5,29.7554,1.08375742,3.01044e-07,32.24763716,Cortex-A53,4,4,25.6,1200.0,1,49.6,225.3555,0.88,Debian GNU/Linux 13 (trixie) aarch64,Linux,aarch64,3.10.20,0.6805555555555556,0.6806949806949807,0.6805555555555556,0.6804939224387421,0.6806949806949807,0.6805555555555556,0.6804939224387421
2026-07-06 02:01:47,c9160e6539125e06c66b22677b30e1ed0aad8c344173a6c30f97b14607f84244,c9160e65,ubuntu,quantum_circuit_qubit_sweep_codecarbon,46,1,1,True,HARDWARE_EFFICIENT_CZ_4Q,PennyLane,0.42.3,default.qubit,HARDWARE_EFFICIENT_CZ,4,4,49,18,8,48,12,CZ_LINEAR,68,0.32623329,0.580843,0.326233,0.680019,0.1696571251,5.246756346896292e-07,0,9.82747724240956e-07,1.5074233589305851e-06,5.54743334573628e-07,0.36800765,3.2.8,4,1,5,29.4712,1.08534482,3.01485e-07,31.98642019,Cortex-A53,4,4,25.6,1200.0,1,49.6,225.3555,0.88,Debian GNU/Linux 13 (trixie) aarch64,Linux,aarch64,3.10.20,0.6805555555555556,0.6806949806949807,0.6805555555555556,0.6804939224387421,0.6806949806949807,0.6805555555555556,0.6804939224387421
2026-07-06 02:01:52,c9160e6539125e06c66b22677b30e1ed0aad8c344173a6c30f97b14607f84244,c9160e65,ubuntu,quantum_circuit_qubit_sweep_codecarbon,47,1,1,True,HARDWARE_EFFICIENT_CZ_4Q,PennyLane,0.42.3,default.qubit,HARDWARE_EFFICIENT_CZ,4,4,49,18,8,48,12,CZ_LINEAR,68,0.03181323,0.507953,0.031813,0.693021,0.1737680901,5.265636017184049e-07,0,9.862742617648717e-07,1.5128378634832763e-06,5.567359136940384e-07,0.36800765,3.2.8,4,1,5,28.774,1.08924326,3.02568e-07,31.34186666,Cortex-A53,4,4,24.6,1200.0,2,49.7,225.3633,0.88,Debian GNU/Linux 13 (trixie) aarch64,Linux,aarch64,3.10.20,0.6805555555555556,0.6806949806949807,0.6805555555555556,0.6804939224387421,0.6806949806949807,0.6805555555555556,0.6804939224387421
2026-07-06 02:01:57,c9160e6539125e06c66b22677b30e1ed0aad8c344173a6c30f97b14607f84244,c9160e65,ubuntu,quantum_circuit_qubit_sweep_codecarbon,48,1,1,True,HARDWARE_EFFICIENT_CZ_4Q,PennyLane,0.42.3,default.qubit,HARDWARE_EFFICIENT_CZ,4,4,49,18,8,48,12,CZ_LINEAR,68,0.03095551,0.507738,0.030956,0.693027,0.177954939,5.283287808092104e-07,0,9.895955932249004e-07,1.5179243740341109e-06,5.586077885111539e-07,0.36800765,3.2.8,4,1,5,28.097,1.09290555,3.03585e-07,30.70736771,Cortex-A53,4,4,25.3,1200.0,3,48.0,225.3633,0.88,Debian GNU/Linux 13 (trixie) aarch64,Linux,aarch64,3.10.20,0.6805555555555556,0.6806949806949807,0.6805555555555556,0.6804939224387421,0.6806949806949807,0.6805555555555556,0.6804939224387421
2026-07-06 02:02:03,c9160e6539125e06c66b22677b30e1ed0aad8c344173a6c30f97b14607f84244,c9160e65,ubuntu,quantum_circuit_qubit_sweep_codecarbon,49,-1,-1,True,HARDWARE_EFFICIENT_CZ_4Q,PennyLane,0.42.3,default.qubit,HARDWARE_EFFICIENT_CZ,4,4,49,18,8,48,12,CZ_LINEAR,68,-0.0170022,0.50425,0.017002,0.693111,0.1766883321,5.278344680470034e-07,0,9.886654299528649e-07,1.5164998979998683e-06,5.580835704269812e-07,0.36800765,3.2.8,4,1,5,28.2984,1.09187993,3.033e-07,30.89847285,Cortex-A53,4,4,25.3,1200.0,1,48.4,225.3672,0.88,Debian GNU/Linux 13 (trixie) aarch64,Linux,aarch64,3.10.20,0.6805555555555556,0.6806949806949807,0.6805555555555556,0.6804939224387421,0.6806949806949807,0.6805555555555556,0.6804939224387421
2026-07-06 02:02:09,c9160e6539125e06c66b22677b30e1ed0aad8c344173a6c30f97b14607f84244,c9160e65,ubuntu,quantum_circuit_qubit_sweep_codecarbon,50,-1,1,False,HARDWARE_EFFICIENT_CZ_4Q,PennyLane,0.42.3,default.qubit,HARDWARE_EFFICIENT_CZ,4,4,49,18,8,48,12,CZ_LINEAR,68,0.11529723,0.528792,0.115297,0.691488,0.1745555829,5.272210978178515e-07,0,9.874807975332563e-07,1.5147018953511075e-06,5.574218916895272e-07,0.36800765,3.2.8,4,1,5,28.6442,1.09058536,3.0294e-07,31.23891389,Cortex-A53,4,4,25.7,1200.0,1,48.3,225.3789,0.88,Debian GNU/Linux 13 (trixie) aarch64,Linux,aarch64,3.10.20,0.6805555555555556,0.6806949806949807,0.6805555555555556,0.6804939224387421,0.6806949806949807,0.6805555555555556,0.6804939224387421
2026-07-06 02:02:14,c9160e6539125e06c66b22677b30e1ed0aad8c344173a6c30f97b14607f84244,c9160e65,ubuntu,quantum_circuit_qubit_sweep_codecarbon,51,1,-1,False,HARDWARE_EFFICIENT_CZ_4Q,PennyLane,0.42.3,default.qubit,HARDWARE_EFFICIENT_CZ,4,4,49,18,8,48,12,CZ_LINEAR,68,-0.20327357,0.550644,0.203274,0.688009,0.1754615151,5.269873386671208e-07,0,9.870182534602162e-07,1.514005592127337e-06,5.571656467733658e-07,0.36800765,3.2.8,4,1,5,28.4963,1.09008403,3.02801e-07,31.06333676,Cortex-A53,4,4,25.0,1200.0,1,48.4,225.3828,0.88,Debian GNU/Linux 13 (trixie) aarch64,Linux,aarch64,3.10.20,0.6805555555555556,0.6806949806949807,0.6805555555555556,0.6804939224387421,0.6806949806949807,0.6805555555555556,0.6804939224387421
2026-07-06 02:02:20,c9160e6539125e06c66b22677b30e1ed0aad8c344173a6c30f97b14607f84244,c9160e65,ubuntu,quantum_circuit_qubit_sweep_codecarbon,52,1,1,True,HARDWARE_EFFICIENT_CZ_4Q,PennyLane,0.42.3,default.qubit,HARDWARE_EFFICIENT_CZ,4,4,49,18,8,48,12,CZ_LINEAR,68,0.353357,0.587431,0.353357,0.67778,0.1728579882,5.26147373745011e-07,0,9.85453850007616e-07,1.5116012237526268e-06,5.562808208073702e-07,0.36800765,3.2.8,4,1,5,28.9255,1.08835288,3.0232e-07,31.48112774,Cortex-A53,4,4,25.1,1200.0,2,48.3,225.3828,0.88,Debian GNU/Linux 13 (trixie) aarch64,Linux,aarch64,3.10.20,0.6805555555555556,0.6806949806949807,0.6805555555555556,0.6804939224387421,0.6806949806949807,0.6805555555555556,0.6804939224387421
2026-07-06 02:02:25,c9160e6539125e06c66b22677b30e1ed0aad8c344173a6c30f97b14607f84244,c9160e65,ubuntu,quantum_circuit_qubit_sweep_codecarbon,53,1,-1,False,HARDWARE_EFFICIENT_CZ_4Q,PennyLane,0.42.3,default.qubit,HARDWARE_EFFICIENT_CZ,4,4,49,18,8,48,12,CZ_LINEAR,68,-0.30133449,0.574769,0.301334,0.681924,0.1753617229,5.263528704136569e-07,0,9.858521508673827e-07,1.5122050212810396e-06,5.565030229195603e-07,0.36800765,3.2.8,4,1,5,28.5125,1.08878762,3.02441e-07,31.04404989,Cortex-A53,4,4,24.9,1200.0,1,48.3,225.3828,0.88,Debian GNU/Linux 13 (trixie) aarch64,Linux,aarch64,3.10.20,0.6805555555555556,0.6806949806949807,0.6805555555555556,0.6804939224387421,0.6806949806949807,0.6805555555555556,0.6804939224387421
2026-07-06 02:02:30,c9160e6539125e06c66b22677b30e1ed0aad8c344173a6c30f97b14607f84244,c9160e65,ubuntu,quantum_circuit_qubit_sweep_codecarbon,54,-1,-1,True,HARDWARE_EFFICIENT_CZ_4Q,PennyLane,0.42.3,default.qubit,HARDWARE_EFFICIENT_CZ,4,4,49,18,8,48,12,CZ_LINEAR,68,-0.302737,0.575111,0.302737,0.681821,0.177250409,5.278003928768967e-07,0,9.885536506772045e-07,1.5163540435541008e-06,5.58029894874504e-07,0.36800765,3.2.8,4,1,5,28.2087,1.09177491,3.03271e-07,30.79752869,Cortex-A53,4,4,25.0,1200.0,1,48.4,225.3828,0.88,Debian GNU/Linux 13 (trixie) aarch64,Linux,aarch64,3.10.20,0.6805555555555556,0.6806949806949807,0.6805555555555556,0.6804939224387421,0.6806949806949807,0.6805555555555556,0.6804939224387421
2026-07-06 02:02:36,c9160e6539125e06c66b22677b30e1ed0aad8c344173a6c30f97b14607f84244,c9160e65,ubuntu,quantum_circuit_qubit_sweep_codecarbon,55,-1,1,False,HARDWARE_EFFICIENT_CZ_4Q,PennyLane,0.42.3,default.qubit,HARDWARE_EFFICIENT_CZ,4,4,49,18,8,48,12,CZ_LINEAR,68,0.22933761,0.557084,0.229338,0.686616,0.1725268951,5.257055190288359e-07,0,9.84628670848906e-07,1.510334189877742e-06,5.558145426429731e-07,0.36800765,3.2.8,4,1,5,28.981,1.08744062,3.02067e-07,31.51510425,Cortex-A53,4,4,25.9,1200.0,3,48.1,225.3867,0.88,Debian GNU/Linux 13 (trixie) aarch64,Linux,aarch64,3.10.20,0.6805555555555556,0.6806949806949807,0.6805555555555556,0.6804939224387421,0.6806949806949807,0.6805555555555556,0.6804939224387421
2026-07-06 02:02:41,c9160e6539125e06c66b22677b30e1ed0aad8c344173a6c30f97b14607f84244,c9160e65,ubuntu,quantum_circuit_qubit_sweep_codecarbon,56,1,1,True,HARDWARE_EFFICIENT_CZ_4Q,PennyLane,0.42.3,default.qubit,HARDWARE_EFFICIENT_CZ,4,4,49,18,8,48,12,CZ_LINEAR,68,0.08092031,0.520219,0.08092,0.692329,0.1739615202,5.26654044019742e-07,0,9.864047850714996e-07,1.5130588290912416e-06,5.568172307291384e-07,0.36800765,3.2.8,4,1,5,28.742,1.08940236,3.02612e-07,31.31158993,Cortex-A53,4,4,24.9,1200.0,2,47.9,225.3906,0.88,Debian GNU/Linux 13 (trixie) aarch64,Linux,aarch64,3.10.20,0.6805555555555556,0.6806949806949807,0.6805555555555556,0.6804939224387421,0.6806949806949807,0.6805555555555556,0.6804939224387421
2026-07-06 02:02:47,c9160e6539125e06c66b22677b30e1ed0aad8c344173a6c30f97b14607f84244,c9160e65,ubuntu,quantum_circuit_qubit_sweep_codecarbon,57,1,1,True,HARDWARE_EFFICIENT_CZ_4Q,PennyLane,0.42.3,default.qubit,HARDWARE_EFFICIENT_CZ,4,4,49,18,8,48,12,CZ_LINEAR,68,0.15778191,0.539364,0.157782,0.690045,0.1747194331,5.269211568973131e-07,0,9.86882079935943e-07,1.513803236833256e-06,5.570911784762268e-07,0.36800765,3.2.8,4,1,5,28.6173,1.08993833,3.02761e-07,31.19110197,Cortex-A53,4,4,26.0,1200.0,2,48.0,225.3984,0.88,Debian GNU/Linux 13 (trixie) aarch64,Linux,aarch64,3.10.20,0.6805555555555556,0.6806949806949807,0.6805555555555556,0.6804939224387421,0.6806949806949807,0.6805555555555556,0.6804939224387421
2026-07-06 02:02:52,c9160e6539125e06c66b22677b30e1ed0aad8c344173a6c30f97b14607f84244,c9160e65,ubuntu,quantum_circuit_qubit_sweep_codecarbon,58,-1,-1,True,HARDWARE_EFFICIENT_CZ_4Q,PennyLane,0.42.3,default.qubit,HARDWARE_EFFICIENT_CZ,4,4,49,18,8,48,12,CZ_LINEAR,68,-0.18302795,0.54563,0.183028,0.688977,0.174603703,5.26790345294608e-07,0,9.86724048270844e-07,1.513514393565452e-06,5.569848819427405e-07,0.36800765,3.2.8,4,1,5,28.6363,1.08973036,3.02703e-07,31.20582052,Cortex-A53,4,4,25.0,1200.0,1,48.0,225.4023,0.88,Debian GNU/Linux 13 (trixie) aarch64,Linux,aarch64,3.10.20,0.6805555555555556,0.6806949806949807,0.6805555555555556,0.6804939224387421,0.6806949806949807,0.6805555555555556,0.6804939224387421
2026-07-06 02:02:57,c9160e6539125e06c66b22677b30e1ed0aad8c344173a6c30f97b14607f84244,c9160e65,ubuntu,quantum_circuit_qubit_sweep_codecarbon,59,1,1,True,HARDWARE_EFFICIENT_CZ_4Q,PennyLane,0.42.3,default.qubit,HARDWARE_EFFICIENT_CZ,4,4,49,18,8,48,12,CZ_LINEAR,68,0.46493161,0.614183,0.464932,0.66684,0.1749954191,5.269840692894327e-07,0,9.870752575807277e-07,1.51405932687016e-06,5.571854215700342e-07,0.36800765,3.2.8,4,1,5,28.5722,1.09012272,3.02812e-07,31.14717862,Cortex-A53,4,4,25.1,1200.0,1,48.0,225.4023,0.88,Debian GNU/Linux 13 (trixie) aarch64,Linux,aarch64,3.10.20,0.6805555555555556,0.6806949806949807,0.6805555555555556,0.6804939224387421,0.6806949806949807,0.6805555555555556,0.6804939224387421
2026-07-06 02:03:03,c9160e6539125e06c66b22677b30e1ed0aad8c344173a6c30f97b14607f84244,c9160e65,ubuntu,quantum_circuit_qubit_sweep_codecarbon,60,-1,-1,True,HARDWARE_EFFICIENT_CZ_4Q,PennyLane,0.42.3,default.qubit,HARDWARE_EFFICIENT_CZ,4,4,49,18,8,48,12,CZ_LINEAR,68,-0.14847239,0.53705,0.148472,0.690399,0.16089821,5.210250293215116e-07,0,9.75837691609437e-07,1.4968627209309488e-06,5.508569389539532e-07,0.36800765,3.2.8,4,1,5,31.0755,1.07774116,2.99373e-07,33.4913968,Cortex-A53,4,4,25.1,1200.0,2,48.4,225.4023,0.88,Debian GNU/Linux 13 (trixie) aarch64,Linux,aarch64,3.10.20,0.6805555555555556,0.6806949806949807,0.6805555555555556,0.6804939224387421,0.6806949806949807,0.6805555555555556,0.6804939224387421
2026-07-06 02:03:09,c9160e6539125e06c66b22677b30e1ed0aad8c344173a6c30f97b14607f84244,c9160e65,ubuntu,quantum_circuit_qubit_sweep_codecarbon,61,-1,-1,True,HARDWARE_EFFICIENT_CZ_4Q,PennyLane,0.42.3,default.qubit,HARDWARE_EFFICIENT_CZ,4,4,49,18,8,48,12,CZ_LINEAR,68,-0.02780522,0.506951,0.027805,0.693051,0.161958829,5.212615302039518e-07,0,9.763278757842878e-07,1.4975894059882396e-06,5.51124364617406e-07,0.36800765,3.2.8,4,1,5,30.872,1.07826437,2.99518e-07,33.28822451,Cortex-A53,4,4,26.0,1200.0,1,48.2,225.4141,0.88,Debian GNU/Linux 13 (trixie) aarch64,Linux,aarch64,3.10.20,0.6805555555555556,0.6806949806949807,0.6805555555555556,0.6804939224387421,0.6806949806949807,0.6805555555555556,0.6804939224387421
2026-07-06 02:03:14,c9160e6539125e06c66b22677b30e1ed0aad8c344173a6c30f97b14607f84244,c9160e65,ubuntu,quantum_circuit_qubit_sweep_codecarbon,62,-1,-1,True,HARDWARE_EFFICIENT_CZ_4Q,PennyLane,0.42.3,default.qubit,HARDWARE_EFFICIENT_CZ,4,4,49,18,8,48,12,CZ_LINEAR,68,-0.13959615,0.534842,0.139596,0.690717,0.163780432,5.220561624192289e-07,0,9.777806848675631e-07,1.4998368472867922e-06,5.519514402181863e-07,0.36800765,3.2.8,4,1,5,30.5287,1.07988253,2.99967e-07,32.96738558,Cortex-A53,4,4,25.1,1200.0,1,48.0,225.4141,0.88,Debian GNU/Linux 13 (trixie) aarch64,Linux,aarch64,3.10.20,0.6805555555555556,0.6806949806949807,0.6805555555555556,0.6804939224387421,0.6806949806949807,0.6805555555555556,0.6804939224387421
2026-07-06 02:03:20,c9160e6539125e06c66b22677b30e1ed0aad8c344173a6c30f97b14607f84244,c9160e65,ubuntu,quantum_circuit_qubit_sweep_codecarbon,63,-1,1,False,HARDWARE_EFFICIENT_CZ_4Q,PennyLane,0.42.3,default.qubit,HARDWARE_EFFICIENT_CZ,4,4,49,18,8,48,12,CZ_LINEAR,68,0.02264555,0.505661,0.022646,0.693083,0.1604880551,5.204482680807511e-07,0,9.748145542107522e-07,1.4952628222915031e-06,5.502681640083033e-07,0.36800765,3.2.8,4,1,5,31.155,1.07658923,2.99053e-07,33.54110159,Cortex-A53,4,4,26.0,1200.0,1,48.0,225.4141,0.88,Debian GNU/Linux 13 (trixie) aarch64,Linux,aarch64,3.10.20,0.6805555555555556,0.6806949806949807,0.6805555555555556,0.6804939224387421,0.6806949806949807,0.6805555555555556,0.6804939224387421
2026-07-06 02:03:25,c9160e6539125e06c66b22677b30e1ed0aad8c344173a6c30f97b14607f84244,c9160e65,ubuntu,quantum_circuit_qubit_sweep_codecarbon,64,1,1,True,HARDWARE_EFFICIENT_CZ_4Q,PennyLane,0.42.3,default.qubit,HARDWARE_EFFICIENT_CZ,4,4,49,18,8,48,12,CZ_LINEAR,68,0.09235643,0.523073,0.092356,0.692082,0.1654629209,5.227887618045013e-07,0,9.791869642989088e-07,1.50197572610341e-06,5.52738563994629e-07,0.36800765,3.2.8,4,1,5,30.2183,1.08142252,3.00395e-07,32.67869674,Cortex-A53,4,4,25.3,1200.0,1,48.0,225.4141,0.88,Debian GNU/Linux 13 (trixie) aarch64,Linux,aarch64,3.10.20,0.6805555555555556,0.6806949806949807,0.6805555555555556,0.6804939224387421,0.6806949806949807,0.6805555555555556,0.6804939224387421
2026-07-06 02:03:30,c9160e6539125e06c66b22677b30e1ed0aad8c344173a6c30f97b14607f84244,c9160e65,ubuntu,quantum_circuit_qubit_sweep_codecarbon,65,-1,1,False,HARDWARE_EFFICIENT_CZ_4Q,PennyLane,0.42.3,default.qubit,HARDWARE_EFFICIENT_CZ,4,4,49,18,8,48,12,CZ_LINEAR,68,0.05897623,0.51474,0.058976,0.692713,0.1677545211,5.238587648499532e-07,0,9.811287908814848e-07,1.504987555731438e-06,5.538469403516235e-07,0.36800765,3.2.8,4,1,5,29.8055,1.08359104,3.00998e-07,32.29692508,Cortex-A53,4,4,25.0,1200.0,1,48.0,225.4141,0.88,Debian GNU/Linux 13 (trixie) aarch64,Linux,aarch64,3.10.20,0.6805555555555556,0.6806949806949807,0.6805555555555556,0.6804939224387421,0.6806949806949807,0.6805555555555556,0.6804939224387421
2026-07-06 02:03:36,c9160e6539125e06c66b22677b30e1ed0aad8c344173a6c30f97b14607f84244,c9160e65,ubuntu,quantum_circuit_qubit_sweep_codecarbon,66,-1,1,False,HARDWARE_EFFICIENT_CZ_4Q,PennyLane,0.42.3,default.qubit,HARDWARE_EFFICIENT_CZ,4,4,49,18,8,48,12,CZ_LINEAR,68,0.06440423,0.516095,0.064404,0.692629,0.1623838749,5.215035120232238e-07,0,9.76757241684633e-07,1.4982607537078567e-06,5.513714257170185e-07,0.36800765,3.2.8,4,1,5,30.7912,1.07874774,2.99652e-07,33.21597491,Cortex-A53,4,4,26.0,1200.0,2,48.2,225.418,0.88,Debian GNU/Linux 13 (trixie) aarch64,Linux,aarch64,3.10.20,0.6805555555555556,0.6806949806949807,0.6805555555555556,0.6804939224387421,0.6806949806949807,0.6805555555555556,0.6804939224387421
2026-07-06 02:03:41,c9160e6539125e06c66b22677b30e1ed0aad8c344173a6c30f97b14607f84244,c9160e65,ubuntu,quantum_circuit_qubit_sweep_codecarbon,67,1,1,True,HARDWARE_EFFICIENT_CZ_4Q,PennyLane,0.42.3,default.qubit,HARDWARE_EFFICIENT_CZ,4,4,49,18,8,48,12,CZ_LINEAR,68,0.15206837,0.537944,0.152068,0.690265,0.1289841789,5.060224591325739e-07,0,9.477196084723496e-07,1.4537420676049238e-06,5.349882084653645e-07,0.36800765,3.2.8,4,1,5,38.7644,1.04669429,2.90748e-07,40.57452231,Cortex-A53,4,4,24.9,1200.0,3,48.2,225.4258,0.88,Debian GNU/Linux 13 (trixie) aarch64,Linux,aarch64,3.10.20,0.6805555555555556,0.6806949806949807,0.6805555555555556,0.6804939224387421,0.6806949806949807,0.6805555555555556,0.6804939224387421
2026-07-06 02:03:47,c9160e6539125e06c66b22677b30e1ed0aad8c344173a6c30f97b14607f84244,c9160e65,ubuntu,quantum_circuit_qubit_sweep_codecarbon,68,-1,-1,True,HARDWARE_EFFICIENT_CZ_4Q,PennyLane,0.42.3,default.qubit,HARDWARE_EFFICIENT_CZ,4,4,49,18,8,48,12,CZ_LINEAR,68,-0.28435256,0.570613,0.284353,0.683141,0.1777459178,5.285921702161432e-07,0,9.899944408486288e-07,1.518586611064772e-06,5.588514968074932e-07,0.36800765,3.2.8,4,1,5,28.13,1.09338236,3.03717e-07,30.75689089,Cortex-A53,4,4,25.4,1200.0,1,48.3,225.4336,0.88,Debian GNU/Linux 13 (trixie) aarch64,Linux,aarch64,3.10.20,0.6805555555555556,0.6806949806949807,0.6805555555555556,0.6804939224387421,0.6806949806949807,0.6805555555555556,0.6804939224387421
2026-07-06 02:03:52,c9160e6539125e06c66b22677b30e1ed0aad8c344173a6c30f97b14607f84244,c9160e65,ubuntu,quantum_circuit_qubit_sweep_codecarbon,69,-1,-1,True,HARDWARE_EFFICIENT_CZ_4Q,PennyLane,0.42.3,default.qubit,HARDWARE_EFFICIENT_CZ,4,4,49,18,8,48,12,CZ_LINEAR,68,-0.04454375,0.511134,0.044544,0.692899,0.1769061831,5.278400435215897e-07,0,9.886539508200562e-07,1.516493994341646e-06,5.580813978355661e-07,0.36800765,3.2.8,4,1,5,28.2636,1.09187568,3.03299e-07,30.86030281,Cortex-A53,4,4,25.3,1200.0,1,48.2,225.4336,0.88,Debian GNU/Linux 13 (trixie) aarch64,Linux,aarch64,3.10.20,0.6805555555555556,0.6806949806949807,0.6805555555555556,0.6804939224387421,0.6806949806949807,0.6805555555555556,0.6804939224387421
2026-07-06 02:03:58,c9160e6539125e06c66b22677b30e1ed0aad8c344173a6c30f97b14607f84244,c9160e65,ubuntu,quantum_circuit_qubit_sweep_codecarbon,70,-1,1,False,HARDWARE_EFFICIENT_CZ_4Q,PennyLane,0.42.3,default.qubit,HARDWARE_EFFICIENT_CZ,4,4,49,18,8,48,12,CZ_LINEAR,68,0.08321006,0.520791,0.08321,0.692282,0.17297954,5.264480826962326e-07,0,9.86037600863104e-07,1.5124856835593367e-06,5.566063087862872e-07,0.36800765,3.2.8,4,1,5,28.9052,1.08898969,3.02497e-07,31.47741324,Cortex-A53,4,4,25.4,1200.0,2,48.3,225.4336,0.88,Debian GNU/Linux 13 (trixie) aarch64,Linux,aarch64,3.10.20,0.6805555555555556,0.6806949806949807,0.6805555555555556,0.6804939224387421,0.6806949806949807,0.6805555555555556,0.6804939224387421
2026-07-06 02:04:03,c9160e6539125e06c66b22677b30e1ed0aad8c344173a6c30f97b14607f84244,c9160e65,ubuntu,quantum_circuit_qubit_sweep_codecarbon,71,-1,-1,True,HARDWARE_EFFICIENT_CZ_4Q,PennyLane,0.42.3,default.qubit,HARDWARE_EFFICIENT_CZ,4,4,49,18,8,48,12,CZ_LINEAR,68,-0.11077087,0.527664,0.110771,0.691616,0.176416134,5.27709138683147e-07,0,9.884384082397448e-07,1.5161475469228916e-06,5.579539025336022e-07,0.36800765,3.2.8,4,1,5,28.3421,1.09162623,3.0323e-07,30.93895692,Cortex-A53,4,4,25.1,1200.0,2,48.3,225.4336,0.88,Debian GNU/Linux 13 (trixie) aarch64,Linux,aarch64,3.10.20,0.6805555555555556,0.6806949806949807,0.6805555555555556,0.6804939224387421,0.6806949806949807,0.6805555555555556,0.6804939224387421
2026-07-06 02:04:21,c9160e6539125e06c66b22677b30e1ed0aad8c344173a6c30f97b14607f84244,c9160e65,ubuntu,quantum_circuit_qubit_sweep_codecarbon,0,-1,-1,True,HARDWARE_EFFICIENT_CZ_5Q,PennyLane,0.42.3,default.qubit,HARDWARE_EFFICIENT_CZ,5,4,61,18,10,60,16,CZ_LINEAR,86,-0.08170356,0.520415,0.081704,0.692313,0.162070957,5.207642213337952e-07,0,9.753850917331875e-07,1.4961493130669827e-06,5.505943993992734e-07,0.36800765,3.2.8,5,1,6,37.0208,0.89768959,2.49358e-07,33.23320616,Cortex-A53,4,4,25.4,1200.0,2,48.3,225.4453,0.88,Debian GNU/Linux 13 (trixie) aarch64,Linux,aarch64,3.10.20,0.6666666666666666,0.6666666666666666,0.6666666666666666,0.6666666666666666,0.6666666666666666,0.6666666666666666,0.6666666666666666
2026-07-06 02:04:27,c9160e6539125e06c66b22677b30e1ed0aad8c344173a6c30f97b14607f84244,c9160e65,ubuntu,quantum_circuit_qubit_sweep_codecarbon,1,1,1,True,HARDWARE_EFFICIENT_CZ_5Q,PennyLane,0.42.3,default.qubit,HARDWARE_EFFICIENT_CZ,5,4,61,18,10,60,16,CZ_LINEAR,86,0.461062,0.613266,0.461062,0.667265,0.161638147,5.205533417562643e-07,0,9.7496825173342e-07,1.4955215934896844e-06,5.503633937899834e-07,0.36800765,3.2.8,5,1,6,37.12,0.89731296,2.49254e-07,33.30821243,Cortex-A53,4,4,25.7,1200.0,2,48.3,225.4453,0.88,Debian GNU/Linux 13 (trixie) aarch64,Linux,aarch64,3.10.20,0.6666666666666666,0.6666666666666666,0.6666666666666666,0.6666666666666666,0.6666666666666666,0.6666666666666666,0.6666666666666666
2026-07-06 02:04:32,c9160e6539125e06c66b22677b30e1ed0aad8c344173a6c30f97b14607f84244,c9160e65,ubuntu,quantum_circuit_qubit_sweep_codecarbon,2,1,1,True,HARDWARE_EFFICIENT_CZ_5Q,PennyLane,0.42.3,default.qubit,HARDWARE_EFFICIENT_CZ,5,4,61,18,10,60,16,CZ_LINEAR,86,0.28424622,0.570587,0.284246,0.683149,0.1618005941,5.205616575718002e-07,0,9.750095248455185e-07,1.4955711824173183e-06,5.503816428949284e-07,0.36800765,3.2.8,5,1,6,37.0827,0.89734271,2.49262e-07,33.27587447,Cortex-A53,4,4,25.0,1200.0,1,48.3,225.4492,0.88,Debian GNU/Linux 13 (trixie) aarch64,Linux,aarch64,3.10.20,0.6666666666666666,0.6666666666666666,0.6666666666666666,0.6666666666666666,0.6666666666666666,0.6666666666666666,0.6666666666666666
2026-07-06 02:04:37,c9160e6539125e06c66b22677b30e1ed0aad8c344173a6c30f97b14607f84244,c9160e65,ubuntu,quantum_circuit_qubit_sweep_codecarbon,3,1,-1,False,HARDWARE_EFFICIENT_CZ_5Q,PennyLane,0.42.3,default.qubit,HARDWARE_EFFICIENT_CZ,5,4,61,18,10,60,16,CZ_LINEAR,86,-0.0855935,0.521385,0.085593,0.692232,0.1661470251,5.225022622487611e-07,0,9.786729116846497e-07,1.5011751739334108e-06,5.524439546682878e-07,0.36800765,3.2.8,5,1,6,36.1126,0.9007051,2.50196e-07,32.52679742,Cortex-A53,4,4,25.0,1200.0,1,48.3,225.4609,0.88,Debian GNU/Linux 13 (trixie) aarch64,Linux,aarch64,3.10.20,0.6666666666666666,0.6666666666666666,0.6666666666666666,0.6666666666666666,0.6666666666666666,0.6666666666666666,0.6666666666666666
2026-07-06 02:04:43,c9160e6539125e06c66b22677b30e1ed0aad8c344173a6c30f97b14607f84244,c9160e65,ubuntu,quantum_circuit_qubit_sweep_codecarbon,4,-1,1,False,HARDWARE_EFFICIENT_CZ_5Q,PennyLane,0.42.3,default.qubit,HARDWARE_EFFICIENT_CZ,5,4,61,18,10,60,16,CZ_LINEAR,86,0.26469565,0.56579,0.264696,0.684465,0.1629595959,5.210863972760785e-07,0,9.760081242226683e-07,1.497094521498747e-06,5.509422433372073e-07,0.36800765,3.2.8,5,1,6,36.8189,0.89825671,2.49516e-07,33.07286231,Cortex-A53,4,4,25.3,1200.0,2,48.7,225.4609,0.88,Debian GNU/Linux 13 (trixie) aarch64,Linux,aarch64,3.10.20,0.6666666666666666,0.6666666666666666,0.6666666666666666,0.6666666666666666,0.6666666666666666,0.6666666666666666,0.6666666666666666
2026-07-06 02:04:48,c9160e6539125e06c66b22677b30e1ed0aad8c344173a6c30f97b14607f84244,c9160e65,ubuntu,quantum_circuit_qubit_sweep_codecarbon,5,1,1,True,HARDWARE_EFFICIENT_CZ_5Q,PennyLane,0.42.3,default.qubit,HARDWARE_EFFICIENT_CZ,5,4,61,18,10,60,16,CZ_LINEAR,86,0.26717489,0.566399,0.267175,0.684303,0.1624685039,5.2086304062222e-07,0,9.755758766550571e-07,1.496438917277277e-06,5.507009759654209e-07,0.36800765,3.2.8,5,1,6,36.9302,0.89786335,2.49406e-07,33.15830436,Cortex-A53,4,4,23.5,1200.0,1,48.5,225.4648,0.88,Debian GNU/Linux 13 (trixie) aarch64,Linux,aarch64,3.10.20,0.6666666666666666,0.6666666666666666,0.6666666666666666,0.6666666666666666,0.6666666666666666,0.6666666666666666,0.6666666666666666
2026-07-06 02:04:54,c9160e6539125e06c66b22677b30e1ed0aad8c344173a6c30f97b14607f84244,c9160e65,ubuntu,quantum_circuit_qubit_sweep_codecarbon,6,1,-1,False,HARDWARE_EFFICIENT_CZ_5Q,PennyLane,0.42.3,default.qubit,HARDWARE_EFFICIENT_CZ,5,4,61,18,10,60,16,CZ_LINEAR,86,-0.03275094,0.508187,0.032751,0.693013,0.16075117,5.200940616084207e-07,0,9.74124320006619e-07,1.4942183816150396e-06,5.498838018447523e-07,0.36800765,3.2.8,5,1,6,37.3248,0.89653103,2.49036e-07,33.46281196,Cortex-A53,4,4,25.4,1200.0,2,48.4,225.4688,0.88,Debian GNU/Linux 13 (trixie) aarch64,Linux,aarch64,3.10.20,0.6666666666666666,0.6666666666666666,0.6666666666666666,0.6666666666666666,0.6666666666666666,0.6666666666666666,0.6666666666666666
2026-07-06 02:04:59,c9160e6539125e06c66b22677b30e1ed0aad8c344173a6c30f97b14607f84244,c9160e65,ubuntu,quantum_circuit_qubit_sweep_codecarbon,7,1,-1,False,HARDWARE_EFFICIENT_CZ_5Q,PennyLane,0.42.3,default.qubit,HARDWARE_EFFICIENT_CZ,5,4,61,18,10,60,16,CZ_LINEAR,86,-0.18772917,0.546795,0.187729,0.688761,0.1611601789,5.202684110819474e-07,0,9.74483733298257e-07,1.4947521443802044e-06,5.5008023062799e-07,0.36800765,3.2.8,5,1,6,37.23,0.89685129,2.49125e-07,33.38980978,Cortex-A53,4,4,25.0,1200.0,1,48.2,225.4727,0.88,Debian GNU/Linux 13 (trixie) aarch64,Linux,aarch64,3.10.20,0.6666666666666666,0.6666666666666666,0.6666666666666666,0.6666666666666666,0.6666666666666666,0.6666666666666666,0.6666666666666666
2026-07-06 02:05:05,c9160e6539125e06c66b22677b30e1ed0aad8c344173a6c30f97b14607f84244,c9160e65,ubuntu,quantum_circuit_qubit_sweep_codecarbon,8,1,1,True,HARDWARE_EFFICIENT_CZ_5Q,PennyLane,0.42.3,default.qubit,HARDWARE_EFFICIENT_CZ,5,4,61,18,10,60,16,CZ_LINEAR,86,0.46225588,0.613549,0.462256,0.667134,0.1615756962,5.205431706789467e-07,0,9.749993967125194e-07,1.495542567391466e-06,5.503711123463827e-07,0.36800765,3.2.8,5,1,6,37.1343,0.89732554,2.49257e-07,33.32155373,Cortex-A53,4,4,25.6,1200.0,1,48.2,225.4883,0.88,Debian GNU/Linux 13 (trixie) aarch64,Linux,aarch64,3.10.20,0.6666666666666666,0.6666666666666666,0.6666666666666666,0.6666666666666666,0.6666666666666666,0.6666666666666666,0.6666666666666666
2026-07-06 02:05:10,c9160e6539125e06c66b22677b30e1ed0aad8c344173a6c30f97b14607f84244,c9160e65,ubuntu,quantum_circuit_qubit_sweep_codecarbon,9,-1,-1,True,HARDWARE_EFFICIENT_CZ_5Q,PennyLane,0.42.3,default.qubit,HARDWARE_EFFICIENT_CZ,5,4,61,18,10,60,16,CZ_LINEAR,86,-0.36611192,0.590519,0.366112,0.676669,0.1634069348,5.213411503160993e-07,0,9.764663993458574e-07,1.4978075496619567e-06,5.512046431591025e-07,0.36800765,3.2.8,5,1,6,36.7181,0.89868453,2.49635e-07,32.99803148,Cortex-A53,4,4,25.0,1200.0,1,48.2,225.4922,0.88,Debian GNU/Linux 13 (trixie) aarch64,Linux,aarch64,3.10.20,0.6666666666666666,0.6666666666666666,0.6666666666666666,0.6666666666666666,0.6666666666666666,0.6666666666666666,0.6666666666666666
2026-07-06 02:05:16,c9160e6539125e06c66b22677b30e1ed0aad8c344173a6c30f97b14607f84244,c9160e65,ubuntu,quantum_circuit_qubit_sweep_codecarbon,10,1,1,True,HARDWARE_EFFICIENT_CZ_5Q,PennyLane,0.42.3,default.qubit,HARDWARE_EFFICIENT_CZ,5,4,61,18,10,60,16,CZ_LINEAR,86,0.58819989,0.642952,0.5882,0.651701,0.1617302781,5.205055589829666e-07,0,9.74893576737183e-07,1.4953991357201492e-06,5.503183283934484e-07,0.36800765,3.2.8,5,1,6,37.0988,0.89723948,2.49233e-07,33.28651229,Cortex-A53,4,4,25.3,1200.0,1,48.3,225.6016,0.88,Debian GNU/Linux 13 (trixie) aarch64,Linux,aarch64,3.10.20,0.6666666666666666,0.6666666666666666,0.6666666666666666,0.6666666666666666,0.6666666666666666,0.6666666666666666,0.6666666666666666
2026-07-06 02:05:22,c9160e6539125e06c66b22677b30e1ed0aad8c344173a6c30f97b14607f84244,c9160e65,ubuntu,quantum_circuit_qubit_sweep_codecarbon,11,1,-1,False,HARDWARE_EFFICIENT_CZ_5Q,PennyLane,0.42.3,default.qubit,HARDWARE_EFFICIENT_CZ,5,4,61,18,10,60,16,CZ_LINEAR,86,-0.48453047,0.618817,0.48453,0.66464,0.1611405942,5.190835973125322e-07,0,9.722117757579933e-07,1.4912953730705255e-06,5.488081123263669e-07,0.36800765,3.2.8,5,1,6,37.2346,0.89477722,2.48549e-07,33.3166411,Cortex-A53,4,4,25.0,1200.0,1,48.3,225.6016,0.88,Debian GNU/Linux 13 (trixie) aarch64,Linux,aarch64,3.10.20,0.6666666666666666,0.6666666666666666,0.6666666666666666,0.6666666666666666,0.6666666666666666,0.6666666666666666,0.6666666666666666
2026-07-06 02:05:27,c9160e6539125e06c66b22677b30e1ed0aad8c344173a6c30f97b14607f84244,c9160e65,ubuntu,quantum_circuit_qubit_sweep_codecarbon,12,-1,-1,True,HARDWARE_EFFICIENT_CZ_5Q,PennyLane,0.42.3,default.qubit,HARDWARE_EFFICIENT_CZ,5,4,61,18,10,60,16,CZ_LINEAR,86,-0.17878168,0.544577,0.178782,0.689168,0.1606782521,5.200683361734025e-07,0,9.740763015967485e-07,1.4941446377701508e-06,5.498566635453652e-07,0.36800765,3.2.8,5,1,6,37.3417,0.89648678,2.49024e-07,33.47634559,Cortex-A53,4,4,24.9,1200.0,1,48.3,225.6016,0.88,Debian GNU/Linux 13 (trixie) aarch64,Linux,aarch64,3.10.20,0.6666666666666666,0.6666666666666666,0.6666666666666666,0.6666666666666666,0.6666666666666666,0.6666666666666666,0.6666666666666666
2026-07-06 02:05:32,c9160e6539125e06c66b22677b30e1ed0aad8c344173a6c30f97b14607f84244,c9160e65,ubuntu,quantum_circuit_qubit_sweep_codecarbon,13,1,1,True,HARDWARE_EFFICIENT_CZ_5Q,PennyLane,0.42.3,default.qubit,HARDWARE_EFFICIENT_CZ,5,4,61,18,10,60,16,CZ_LINEAR,86,0.31119372,0.577177,0.311194,0.681187,0.164175106,5.216327404810323e-07,0,9.770397366567826e-07,1.498672477137815e-06,5.515229430907569e-07,0.36800765,3.2.8,5,1,6,36.5463,0.89920349,2.49779e-07,32.86260049,Cortex-A53,4,4,25.6,1200.0,1,48.3,225.6055,0.88,Debian GNU/Linux 13 (trixie) aarch64,Linux,aarch64,3.10.20,0.6666666666666666,0.6666666666666666,0.6666666666666666,0.6666666666666666,0.6666666666666666,0.6666666666666666,0.6666666666666666
2026-07-06 02:05:38,c9160e6539125e06c66b22677b30e1ed0aad8c344173a6c30f97b14607f84244,c9160e65,ubuntu,quantum_circuit_qubit_sweep_codecarbon,14,1,1,True,HARDWARE_EFFICIENT_CZ_5Q,PennyLane,0.42.3,default.qubit,HARDWARE_EFFICIENT_CZ,5,4,61,18,10,60,16,CZ_LINEAR,86,0.57731287,0.640449,0.577313,0.653159,0.1623069909,5.207609458223255e-07,0,9.753763324503476e-07,1.4961372782726731e-06,5.505899705028478e-07,0.36800765,3.2.8,5,1,6,36.967,0.89768237,2.49356e-07,33.18461004,Cortex-A53,4,4,25.1,1200.0,1,48.5,225.6133,0.88,Debian GNU/Linux 13 (trixie) aarch64,Linux,aarch64,3.10.20,0.6666666666666666,0.6666666666666666,0.6666666666666666,0.6666666666666666,0.6666666666666666,0.6666666666666666,0.6666666666666666
2026-07-06 02:05:43,c9160e6539125e06c66b22677b30e1ed0aad8c344173a6c30f97b14607f84244,c9160e65,ubuntu,quantum_circuit_qubit_sweep_codecarbon,15,-1,1,False,HARDWARE_EFFICIENT_CZ_5Q,PennyLane,0.42.3,default.qubit,HARDWARE_EFFICIENT_CZ,5,4,61,18,10,60,16,CZ_LINEAR,86,0.21622357,0.553846,0.216224,0.687337,0.1636355252,5.204742959597045e-07,0,9.748434783735622e-07,1.4953177743332666e-06,5.502883867802995e-07,0.36800765,3.2.8,5,1,6,36.6669,0.89719066,2.4922e-07,32.8971596,Cortex-A53,4,4,25.7,1200.0,1,48.3,225.6328,0.88,Debian GNU/Linux 13 (trixie) aarch64,Linux,aarch64,3.10.20,0.6666666666666666,0.6666666666666666,0.6666666666666666,0.6666666666666666,0.6666666666666666,0.6666666666666666,0.6666666666666666
2026-07-06 02:05:49,c9160e6539125e06c66b22677b30e1ed0aad8c344173a6c30f97b14607f84244,c9160e65,ubuntu,quantum_circuit_qubit_sweep_codecarbon,16,1,-1,False,HARDWARE_EFFICIENT_CZ_5Q,PennyLane,0.42.3,default.qubit,HARDWARE_EFFICIENT_CZ,5,4,61,18,10,60,16,CZ_LINEAR,86,-0.14309396,0.535713,0.143094,0.690594,0.1617249111,5.205702430879076e-07,0,9.75042823314046e-07,1.4956130664019534e-06,5.503970565218727e-07,0.36800765,3.2.8,5,1,6,37.1,0.89736784,2.49269e-07,33.29237904,Cortex-A53,4,4,25.7,1200.0,1,48.4,225.6445,0.88,Debian GNU/Linux 13 (trixie) aarch64,Linux,aarch64,3.10.20,0.6666666666666666,0.6666666666666666,0.6666666666666666,0.6666666666666666,0.6666666666666666,0.6666666666666666,0.6666666666666666
2026-07-06 02:05:54,c9160e6539125e06c66b22677b30e1ed0aad8c344173a6c30f97b14607f84244,c9160e65,ubuntu,quantum_circuit_qubit_sweep_codecarbon,17,1,1,True,HARDWARE_EFFICIENT_CZ_5Q,PennyLane,0.42.3,default.qubit,HARDWARE_EFFICIENT_CZ,5,4,61,18,10,60,16,CZ_LINEAR,86,0.09362957,0.52339,0.09363,0.692053,0.1613239748,5.203026342241371e-07,0,9.745459491387009e-07,1.494848583362838e-06,5.50115720911786e-07,0.36800765,3.2.8,5,1,6,37.1922,0.89690915,2.49141e-07,33.35806042,Cortex-A53,4,4,25.3,1200.0,1,48.3,225.6523,0.88,Debian GNU/Linux 13 (trixie) aarch64,Linux,aarch64,3.10.20,0.6666666666666666,0.6666666666666666,0.6666666666666666,0.6666666666666666,0.6666666666666666,0.6666666666666666,0.6666666666666666
2026-07-06 02:06:00,c9160e6539125e06c66b22677b30e1ed0aad8c344173a6c30f97b14607f84244,c9160e65,ubuntu,quantum_circuit_qubit_sweep_codecarbon,18,-1,-1,True,HARDWARE_EFFICIENT_CZ_5Q,PennyLane,0.42.3,default.qubit,HARDWARE_EFFICIENT_CZ,5,4,61,18,10,60,16,CZ_LINEAR,86,-0.35018573,0.586663,0.350186,0.67805,0.1607116871,5.199884387354056e-07,0,9.739295441734915e-07,1.4939179829088973e-06,5.497732528215069e-07,0.36800765,3.2.8,5,1,6,37.3339,0.89635079,2.48986e-07,33.46430392,Cortex-A53,4,4,25.9,1200.0,1,48.4,225.6641,0.88,Debian GNU/Linux 13 (trixie) aarch64,Linux,aarch64,3.10.20,0.6666666666666666,0.6666666666666666,0.6666666666666666,0.6666666666666666,0.6666666666666666,0.6666666666666666,0.6666666666666666
2026-07-06 02:06:05,c9160e6539125e06c66b22677b30e1ed0aad8c344173a6c30f97b14607f84244,c9160e65,ubuntu,quantum_circuit_qubit_sweep_codecarbon,19,1,1,True,HARDWARE_EFFICIENT_CZ_5Q,PennyLane,0.42.3,default.qubit,HARDWARE_EFFICIENT_CZ,5,4,61,18,10,60,16,CZ_LINEAR,86,0.25383678,0.563121,0.253837,0.685157,0.1616266819,5.204590664798954e-07,0,9.74837740068324e-07,1.4952968065482192e-06,5.502806704749052e-07,0.36800765,3.2.8,5,1,6,37.1226,0.89717808,2.49216e-07,33.30556836,Cortex-A53,4,4,24.7,1200.0,1,48.3,225.6719,0.88,Debian GNU/Linux 13 (trixie) aarch64,Linux,aarch64,3.10.20,0.6666666666666666,0.6666666666666666,0.6666666666666666,0.6666666666666666,0.6666666666666666,0.6666666666666666,0.6666666666666666
2026-07-06 02:06:11,c9160e6539125e06c66b22677b30e1ed0aad8c344173a6c30f97b14607f84244,c9160e65,ubuntu,quantum_circuit_qubit_sweep_codecarbon,20,-1,-1,True,HARDWARE_EFFICIENT_CZ_5Q,PennyLane,0.42.3,default.qubit,HARDWARE_EFFICIENT_CZ,5,4,61,18,10,60,16,CZ_LINEAR,86,-0.28751329,0.571387,0.287513,0.68292,0.1615262651,5.204648989458206e-07,0,9.748426859732717e-07,1.4953075849190922e-06,5.50284636997889e-07,0.36800765,3.2.8,5,1,6,37.1457,0.89718455,2.49218e-07,33.32651382,Cortex-A53,4,4,25.9,1200.0,1,48.4,225.7148,0.88,Debian GNU/Linux 13 (trixie) aarch64,Linux,aarch64,3.10.20,0.6666666666666666,0.6666666666666666,0.6666666666666666,0.6666666666666666,0.6666666666666666,0.6666666666666666,0.6666666666666666
2026-07-06 02:06:17,c9160e6539125e06c66b22677b30e1ed0aad8c344173a6c30f97b14607f84244,c9160e65,ubuntu,quantum_circuit_qubit_sweep_codecarbon,21,1,1,True,HARDWARE_EFFICIENT_CZ_5Q,PennyLane,0.42.3,default.qubit,HARDWARE_EFFICIENT_CZ,5,4,61,18,10,60,16,CZ_LINEAR,86,0.67250836,0.662065,0.672508,0.639657,0.1645195279,5.21488032821152e-07,0,9.76732645649463e-07,1.498220678470615e-06,5.513566777229599e-07,0.36800765,3.2.8,5,1,6,36.4698,0.89893241,2.49703e-07,32.78391636,Cortex-A53,4,4,26.0,1200.0,2,48.3,225.7148,0.88,Debian GNU/Linux 13 (trixie) aarch64,Linux,aarch64,3.10.20,0.6666666666666666,0.6666666666666666,0.6666666666666666,0.6666666666666666,0.6666666666666666,0.6666666666666666,0.6666666666666666
2026-07-06 02:06:22,c9160e6539125e06c66b22677b30e1ed0aad8c344173a6c30f97b14607f84244,c9160e65,ubuntu,quantum_circuit_qubit_sweep_codecarbon,22,1,1,True,HARDWARE_EFFICIENT_CZ_5Q,PennyLane,0.42.3,default.qubit,HARDWARE_EFFICIENT_CZ,5,4,61,18,10,60,16,CZ_LINEAR,86,0.10045992,0.525094,0.10046,0.691887,0.1636709908,5.213761883483315e-07,0,9.765547806940353e-07,1.4979309690423668e-06,5.512500624358001e-07,0.36800765,3.2.8,5,1,6,36.6589,0.89875858,2.49655e-07,32.94750927,Cortex-A53,4,4,25.9,1200.0,2,48.3,225.7188,0.88,Debian GNU/Linux 13 (trixie) aarch64,Linux,aarch64,3.10.20,0.6666666666666666,0.6666666666666666,0.6666666666666666,0.6666666666666666,0.6666666666666666,0.6666666666666666,0.6666666666666666
2026-07-06 02:06:27,c9160e6539125e06c66b22677b30e1ed0aad8c344173a6c30f97b14607f84244,c9160e65,ubuntu,quantum_circuit_qubit_sweep_codecarbon,23,-1,1,False,HARDWARE_EFFICIENT_CZ_5Q,PennyLane,0.42.3,default.qubit,HARDWARE_EFFICIENT_CZ,5,4,61,18,10,60,16,CZ_LINEAR,86,0.06562405,0.5164,0.065624,0.692609,0.165920143,5.223637888621953e-07,0,9.783616240990037e-07,1.500725412961199e-06,5.522784391878438e-07,0.36800765,3.2.8,5,1,6,36.162,0.90043525,2.50121e-07,32.56151657,Cortex-A53,4,4,26.0,1200.0,1,48.7,225.7188,0.88,Debian GNU/Linux 13 (trixie) aarch64,Linux,aarch64,3.10.20,0.6666666666666666,0.6666666666666666,0.6666666666666666,0.6666666666666666,0.6666666666666666,0.6666666666666666,0.6666666666666666
2026-07-06 02:06:33,c9160e6539125e06c66b22677b30e1ed0aad8c344173a6c30f97b14607f84244,c9160e65,ubuntu,quantum_circuit_qubit_sweep_codecarbon,24,1,-1,False,HARDWARE_EFFICIENT_CZ_5Q,PennyLane,0.42.3,default.qubit,HARDWARE_EFFICIENT_CZ,5,4,61,18,10,60,16,CZ_LINEAR,86,-0.06934848,0.51733,0.069348,0.692546,0.1610871512,5.202884599960071e-07,0,9.745287901023402e-07,1.4948172500983473e-06,5.501041900306146e-07,0.36800765,3.2.8,5,1,6,37.2469,0.89689035,2.49136e-07,33.40640183,Cortex-A53,4,4,25.4,1200.0,2,48.6,225.7188,0.88,Debian GNU/Linux 13 (trixie) aarch64,Linux,aarch64,3.10.20,0.6666666666666666,0.6666666666666666,0.6666666666666666,0.6666666666666666,0.6666666666666666,0.6666666666666666,0.6666666666666666
2026-07-06 02:06:38,c9160e6539125e06c66b22677b30e1ed0aad8c344173a6c30f97b14607f84244,c9160e65,ubuntu,quantum_circuit_qubit_sweep_codecarbon,25,1,-1,False,HARDWARE_EFFICIENT_CZ_5Q,PennyLane,0.42.3,default.qubit,HARDWARE_EFFICIENT_CZ,5,4,61,18,10,60,16,CZ_LINEAR,86,-0.13947616,0.534813,0.139476,0.690721,0.161976781,5.205939665335048e-07,0,9.75105650917006e-07,1.495699617450511e-06,5.50428907970242e-07,0.36800765,3.2.8,5,1,6,37.0423,0.89741977,2.49283e-07,33.24253384,Cortex-A53,4,4,25.1,1200.0,2,48.5,225.7266,0.88,Debian GNU/Linux 13 (trixie) aarch64,Linux,aarch64,3.10.20,0.6666666666666666,0.6666666666666666,0.6666666666666666,0.6666666666666666,0.6666666666666666,0.6666666666666666,0.6666666666666666
2026-07-06 02:06:44,c9160e6539125e06c66b22677b30e1ed0aad8c344173a6c30f97b14607f84244,c9160e65,ubuntu,quantum_circuit_qubit_sweep_codecarbon,26,1,-1,False,HARDWARE_EFFICIENT_CZ_5Q,PennyLane,0.42.3,default.qubit,HARDWARE_EFFICIENT_CZ,5,4,61,18,10,60,16,CZ_LINEAR,86,-0.12827417,0.532025,0.128274,0.691095,0.161021109,5.20242595113814e-07,0,9.74418760742992e-07,1.494661355856806e-06,5.500468197564438e-07,0.36800765,3.2.8,5,1,6,37.2622,0.89679681,2.4911e-07,33.41661795,Cortex-A53,4,4,26.0,1200.0,2,48.5,225.7266,0.88,Debian GNU/Linux 13 (trixie) aarch64,Linux,aarch64,3.10.20,0.6666666666666666,0.6666666666666666,0.6666666666666666,0.6666666666666666,0.6666666666666666,0.6666666666666666,0.6666666666666666
2026-07-06 02:06:49,c9160e6539125e06c66b22677b30e1ed0aad8c344173a6c30f97b14607f84244,c9160e65,ubuntu,quantum_circuit_qubit_sweep_codecarbon,27,-1,-1,True,HARDWARE_EFFICIENT_CZ_5Q,PennyLane,0.42.3,default.qubit,HARDWARE_EFFICIENT_CZ,5,4,61,18,10,60,16,CZ_LINEAR,86,-0.5356718,0.630805,0.535672,0.658526,0.1641843722,5.216124235755867e-07,0,9.769968684607495e-07,1.4986092920363362e-06,5.514996904897659e-07,0.36800765,3.2.8,5,1,6,36.5443,0.89916558,2.49768e-07,32.85936036,Cortex-A53,4,4,25.6,1200.0,1,48.3,225.7266,0.88,Debian GNU/Linux 13 (trixie) aarch64,Linux,aarch64,3.10.20,0.6666666666666666,0.6666666666666666,0.6666666666666666,0.6666666666666666,0.6666666666666666,0.6666666666666666,0.6666666666666666
2026-07-06 02:06:55,c9160e6539125e06c66b22677b30e1ed0aad8c344173a6c30f97b14607f84244,c9160e65,ubuntu,quantum_circuit_qubit_sweep_codecarbon,28,-1,-1,True,HARDWARE_EFFICIENT_CZ_5Q,PennyLane,0.42.3,default.qubit,HARDWARE_EFFICIENT_CZ,5,4,61,18,10,60,16,CZ_LINEAR,86,-0.11941466,0.529818,0.119415,0.691368,0.1609526719,5.20200169274843e-07,0,9.742996166460217e-07,1.4944997859208648e-06,5.499873607832894e-07,0.36800765,3.2.8,5,1,6,37.278,0.89669987,2.49083e-07,33.42721289,Cortex-A53,4,4,25.9,1200.0,1,48.2,225.7305,0.88,Debian GNU/Linux 13 (trixie) aarch64,Linux,aarch64,3.10.20,0.6666666666666666,0.6666666666666666,0.6666666666666666,0.6666666666666666,0.6666666666666666,0.6666666666666666,0.6666666666666666
2026-07-06 02:07:00,c9160e6539125e06c66b22677b30e1ed0aad8c344173a6c30f97b14607f84244,c9160e65,ubuntu,quantum_circuit_qubit_sweep_codecarbon,29,1,1,True,HARDWARE_EFFICIENT_CZ_5Q,PennyLane,0.42.3,default.qubit,HARDWARE_EFFICIENT_CZ,5,4,61,18,10,60,16,CZ_LINEAR,86,0.33590049,0.583194,0.3359,0.67924,0.161820583,5.206240776749412e-07,0,9.75161284247103e-07,1.4957853619220442e-06,5.504604625920924e-07,0.36800765,3.2.8,5,1,6,37.0781,0.89747122,2.49298e-07,33.27652887,Cortex-A53,4,4,25.9,1200.0,2,48.6,225.7305,0.88,Debian GNU/Linux 13 (trixie) aarch64,Linux,aarch64,3.10.20,0.6666666666666666,0.6666666666666666,0.6666666666666666,0.6666666666666666,0.6666666666666666,0.6666666666666666,0.6666666666666666
2026-07-06 02:07:06,c9160e6539125e06c66b22677b30e1ed0aad8c344173a6c30f97b14607f84244,c9160e65,ubuntu,quantum_circuit_qubit_sweep_codecarbon,30,-1,-1,True,HARDWARE_EFFICIENT_CZ_5Q,PennyLane,0.42.3,default.qubit,HARDWARE_EFFICIENT_CZ,5,4,61,18,10,60,16,CZ_LINEAR,86,-0.25060572,0.562326,0.250606,0.685358,0.1610509001,5.201642170632189e-07,0,9.742767825567475e-07,1.4944409996199665e-06,5.499657269745823e-07,0.36800765,3.2.8,5,1,6,37.2553,0.8966646,2.49073e-07,33.4055109,Cortex-A53,4,4,25.9,1200.0,1,48.6,225.7344,0.88,Debian GNU/Linux 13 (trixie) aarch64,Linux,aarch64,3.10.20,0.6666666666666666,0.6666666666666666,0.6666666666666666,0.6666666666666666,0.6666666666666666,0.6666666666666666,0.6666666666666666
2026-07-06 02:07:12,c9160e6539125e06c66b22677b30e1ed0aad8c344173a6c30f97b14607f84244,c9160e65,ubuntu,quantum_circuit_qubit_sweep_codecarbon,31,-1,-1,True,HARDWARE_EFFICIENT_CZ_5Q,PennyLane,0.42.3,default.qubit,HARDWARE_EFFICIENT_CZ,5,4,61,18,10,60,16,CZ_LINEAR,86,-0.1101617,0.527513,0.110162,0.691633,0.1614470431,5.204415467257302e-07,0,9.74710068355004e-07,1.495151615080734e-06,5.502272389035108e-07,0.36800765,3.2.8,5,1,6,37.1639,0.89709097,2.49192e-07,33.33938926,Cortex-A53,4,4,25.7,1200.0,1,48.6,225.7422,0.88,Debian GNU/Linux 13 (trixie) aarch64,Linux,aarch64,3.10.20,0.6666666666666666,0.6666666666666666,0.6666666666666666,0.6666666666666666,0.6666666666666666,0.6666666666666666,0.6666666666666666
2026-07-06 02:07:17,c9160e6539125e06c66b22677b30e1ed0aad8c344173a6c30f97b14607f84244,c9160e65,ubuntu,quantum_circuit_qubit_sweep_codecarbon,32,-1,1,False,HARDWARE_EFFICIENT_CZ_5Q,PennyLane,0.42.3,default.qubit,HARDWARE_EFFICIENT_CZ,5,4,61,18,10,60,16,CZ_LINEAR,86,0.05318835,0.513294,0.053188,0.692794,0.160885849,5.200648873785485e-07,0,9.74105121761871e-07,1.4941700091404194e-06,5.498660004038278e-07,0.36800765,3.2.8,5,1,6,37.2935,0.89650201,2.49028e-07,33.43371754,Cortex-A53,4,4,25.6,1200.0,1,48.4,225.7773,0.88,Debian GNU/Linux 13 (trixie) aarch64,Linux,aarch64,3.10.20,0.6666666666666666,0.6666666666666666,0.6666666666666666,0.6666666666666666,0.6666666666666666,0.6666666666666666,0.6666666666666666
2026-07-06 02:07:23,c9160e6539125e06c66b22677b30e1ed0aad8c344173a6c30f97b14607f84244,c9160e65,ubuntu,quantum_circuit_qubit_sweep_codecarbon,33,-1,-1,True,HARDWARE_EFFICIENT_CZ_5Q,PennyLane,0.42.3,default.qubit,HARDWARE_EFFICIENT_CZ,5,4,61,18,10,60,16,CZ_LINEAR,86,-0.78098838,0.685893,0.780988,0.622347,0.1659764419,5.224649905167926e-07,0,9.78563383493262e-07,1.5010283740100546e-06,5.52389931172821e-07,0.36800765,3.2.8,5,1,6,36.1497,0.90061702,2.50171e-07,32.55704294,Cortex-A53,4,4,25.7,1200.0,1,48.3,225.7852,0.88,Debian GNU/Linux 13 (trixie) aarch64,Linux,aarch64,3.10.20,0.6666666666666666,0.6666666666666666,0.6666666666666666,0.6666666666666666,0.6666666666666666,0.6666666666666666,0.6666666666666666
2026-07-06 02:07:28,c9160e6539125e06c66b22677b30e1ed0aad8c344173a6c30f97b14607f84244,c9160e65,ubuntu,quantum_circuit_qubit_sweep_codecarbon,34,1,1,True,HARDWARE_EFFICIENT_CZ_5Q,PennyLane,0.42.3,default.qubit,HARDWARE_EFFICIENT_CZ,5,4,61,18,10,60,16,CZ_LINEAR,86,0.54003155,0.63182,0.540032,0.65798,0.161354959,5.203543284800803e-07,0,9.746297241266196e-07,1.4949840526067e-06,5.501655746304687e-07,0.36800765,3.2.8,5,1,6,37.1851,0.89699043,2.49164e-07,33.35467731,Cortex-A53,4,4,25.4,1200.0,2,48.5,225.7852,0.88,Debian GNU/Linux 13 (trixie) aarch64,Linux,aarch64,3.10.20,0.6666666666666666,0.6666666666666666,0.6666666666666666,0.6666666666666666,0.6666666666666666,0.6666666666666666,0.6666666666666666
2026-07-06 02:07:33,c9160e6539125e06c66b22677b30e1ed0aad8c344173a6c30f97b14607f84244,c9160e65,ubuntu,quantum_circuit_qubit_sweep_codecarbon,35,-1,-1,True,HARDWARE_EFFICIENT_CZ_5Q,PennyLane,0.42.3,default.qubit,HARDWARE_EFFICIENT_CZ,5,4,61,18,10,60,16,CZ_LINEAR,86,-0.05643414,0.514105,0.056434,0.692749,0.1634530709,5.212932270434168e-07,0,9.763656933015834e-07,1.497658920345e-06,5.511499464327876e-07,0.36800765,3.2.8,5,1,6,36.7078,0.89859535,2.4961e-07,32.98544398,Cortex-A53,4,4,26.4,1200.0,2,48.2,225.7852,0.88,Debian GNU/Linux 13 (trixie) aarch64,Linux,aarch64,3.10.20,0.6666666666666666,0.6666666666666666,0.6666666666666666,0.6666666666666666,0.6666666666666666,0.6666666666666666,0.6666666666666666
2026-07-06 02:07:39,c9160e6539125e06c66b22677b30e1ed0aad8c344173a6c30f97b14607f84244,c9160e65,ubuntu,quantum_circuit_qubit_sweep_codecarbon,36,1,1,True,HARDWARE_EFFICIENT_CZ_5Q,PennyLane,0.42.3,default.qubit,HARDWARE_EFFICIENT_CZ,5,4,61,18,10,60,16,CZ_LINEAR,86,0.17213069,0.542927,0.172131,0.689457,0.161410844,5.203598134315263e-07,0,9.746515083437165e-07,1.4950113217752426e-06,5.501756098932228e-07,0.36800765,3.2.8,5,1,6,37.1722,0.89700679,2.49169e-07,33.34373718,Cortex-A53,4,4,25.1,1200.0,1,48.3,225.7891,0.88,Debian GNU/Linux 13 (trixie) aarch64,Linux,aarch64,3.10.20,0.6666666666666666,0.6666666666666666,0.6666666666666666,0.6666666666666666,0.6666666666666666,0.6666666666666666,0.6666666666666666
2026-07-06 02:07:44,c9160e6539125e06c66b22677b30e1ed0aad8c344173a6c30f97b14607f84244,c9160e65,ubuntu,quantum_circuit_qubit_sweep_codecarbon,37,-1,1,False,HARDWARE_EFFICIENT_CZ_5Q,PennyLane,0.42.3,default.qubit,HARDWARE_EFFICIENT_CZ,5,4,61,18,10,60,16,CZ_LINEAR,86,0.24503343,0.560954,0.245033,0.685698,0.1614199579,5.204528206097624e-07,0,9.74839744158089e-07,1.4952925647678517e-06,5.502791094672616e-07,0.36800765,3.2.8,5,1,6,37.1701,0.89717554,2.49215e-07,33.34812686,Cortex-A53,4,4,25.1,1200.0,2,48.2,225.7891,0.88,Debian GNU/Linux 13 (trixie) aarch64,Linux,aarch64,3.10.20,0.6666666666666666,0.6666666666666666,0.6666666666666666,0.6666666666666666,0.6666666666666666,0.6666666666666666,0.6666666666666666
2026-07-06 02:07:50,c9160e6539125e06c66b22677b30e1ed0aad8c344173a6c30f97b14607f84244,c9160e65,ubuntu,quantum_circuit_qubit_sweep_codecarbon,38,-1,-1,True,HARDWARE_EFFICIENT_CZ_5Q,PennyLane,0.42.3,default.qubit,HARDWARE_EFFICIENT_CZ,5,4,61,18,10,60,16,CZ_LINEAR,86,-0.10011439,0.525008,0.100114,0.691896,0.160943137,5.201682145265561e-07,0,9.7429833918189e-07,1.4944665537084462e-06,5.499751310747453e-07,0.36800765,3.2.8,5,1,6,37.2802,0.89667993,2.49078e-07,33.42844991,Cortex-A53,4,4,26.1,1200.0,1,48.4,225.8008,0.88,Debian GNU/Linux 13 (trixie) aarch64,Linux,aarch64,3.10.20,0.6666666666666666,0.6666666666666666,0.6666666666666666,0.6666666666666666,0.6666666666666666,0.6666666666666666,0.6666666666666666
2026-07-06 02:07:55,c9160e6539125e06c66b22677b30e1ed0aad8c344173a6c30f97b14607f84244,c9160e65,ubuntu,quantum_circuit_qubit_sweep_codecarbon,39,-1,1,False,HARDWARE_EFFICIENT_CZ_5Q,PennyLane,0.42.3,default.qubit,HARDWARE_EFFICIENT_CZ,5,4,61,18,10,60,16,CZ_LINEAR,86,0.38798263,0.595797,0.387983,0.674679,0.1638411921,5.214755776165449e-07,0,9.766718475536133e-07,1.4981474251701582e-06,5.513297199476785e-07,0.36800765,3.2.8,5,1,6,36.6208,0.89888846,2.49691e-07,32.91803886,Cortex-A53,4,4,24.7,1200.0,1,48.1,225.8125,0.88,Debian GNU/Linux 13 (trixie) aarch64,Linux,aarch64,3.10.20,0.6666666666666666,0.6666666666666666,0.6666666666666666,0.6666666666666666,0.6666666666666666,0.6666666666666666,0.6666666666666666
2026-07-06 02:08:01,c9160e6539125e06c66b22677b30e1ed0aad8c344173a6c30f97b14607f84244,c9160e65,ubuntu,quantum_circuit_qubit_sweep_codecarbon,40,-1,-1,True,HARDWARE_EFFICIENT_CZ_5Q,PennyLane,0.42.3,default.qubit,HARDWARE_EFFICIENT_CZ,5,4,61,18,10,60,16,CZ_LINEAR,86,-0.41751454,0.602888,0.417515,0.671823,0.1608832942,5.201405509035993e-07,0,9.742494208815818e-07,1.494389971785181e-06,5.499469483407917e-07,0.36800765,3.2.8,5,1,6,37.2941,0.89663398,2.49065e-07,33.43917046,Cortex-A53,4,4,25.6,1200.0,1,48.3,225.8125,0.88,Debian GNU/Linux 13 (trixie) aarch64,Linux,aarch64,3.10.20,0.6666666666666666,0.6666666666666666,0.6666666666666666,0.6666666666666666,0.6666666666666666,0.6666666666666666,0.6666666666666666
2026-07-06 02:08:07,c9160e6539125e06c66b22677b30e1ed0aad8c344173a6c30f97b14607f84244,c9160e65,ubuntu,quantum_circuit_qubit_sweep_codecarbon,41,-1,1,False,HARDWARE_EFFICIENT_CZ_5Q,PennyLane,0.42.3,default.qubit,HARDWARE_EFFICIENT_CZ,5,4,61,18,10,60,16,CZ_LINEAR,86,0.16447211,0.541026,0.164472,0.689777,0.161064334,5.201467932719323e-07,0,9.7426634572912e-07,1.4944131390010524e-06,5.499554740535644e-07,0.36800765,3.2.8,5,1,6,37.2522,0.89664788,2.49069e-07,33.40210193,Cortex-A53,4,4,26.1,1200.0,1,48.7,225.9102,0.88,Debian GNU/Linux 13 (trixie) aarch64,Linux,aarch64,3.10.20,0.6666666666666666,0.6666666666666666,0.6666666666666666,0.6666666666666666,0.6666666666666666,0.6666666666666666,0.6666666666666666
2026-07-06 02:08:12,c9160e6539125e06c66b22677b30e1ed0aad8c344173a6c30f97b14607f84244,c9160e65,ubuntu,quantum_circuit_qubit_sweep_codecarbon,42,-1,-1,True,HARDWARE_EFFICIENT_CZ_5Q,PennyLane,0.42.3,default.qubit,HARDWARE_EFFICIENT_CZ,5,4,61,18,10,60,16,CZ_LINEAR,86,-0.30754214,0.576285,0.307542,0.681463,0.1627765631,5.200857091749833e-07,0,9.741042358412718e-07,1.494189945016255e-06,5.498733369587333e-07,0.36800765,3.2.8,5,1,6,36.8603,0.89651397,2.49032e-07,33.04581262,Cortex-A53,4,4,25.4,1200.0,2,48.5,225.9102,0.88,Debian GNU/Linux 13 (trixie) aarch64,Linux,aarch64,3.10.20,0.6666666666666666,0.6666666666666666,0.6666666666666666,0.6666666666666666,0.6666666666666666,0.6666666666666666,0.6666666666666666
2026-07-06 02:08:18,c9160e6539125e06c66b22677b30e1ed0aad8c344173a6c30f97b14607f84244,c9160e65,ubuntu,quantum_circuit_qubit_sweep_codecarbon,43,1,-1,False,HARDWARE_EFFICIENT_CZ_5Q,PennyLane,0.42.3,default.qubit,HARDWARE_EFFICIENT_CZ,5,4,61,18,10,60,16,CZ_LINEAR,86,-0.04484416,0.511209,0.044844,0.692896,0.161145739,5.20237462181184e-07,0,9.743979825483014e-07,1.4946354447294854e-06,5.500372842632545e-07,0.36800765,3.2.8,5,1,6,37.2334,0.89678127,2.49106e-07,33.3901947,Cortex-A53,4,4,25.8,1200.0,3,48.5,225.9219,0.88,Debian GNU/Linux 13 (trixie) aarch64,Linux,aarch64,3.10.20,0.6666666666666666,0.6666666666666666,0.6666666666666666,0.6666666666666666,0.6666666666666666,0.6666666666666666,0.6666666666666666
2026-07-06 02:08:23,c9160e6539125e06c66b22677b30e1ed0aad8c344173a6c30f97b14607f84244,c9160e65,ubuntu,quantum_circuit_qubit_sweep_codecarbon,44,1,1,True,HARDWARE_EFFICIENT_CZ_5Q,PennyLane,0.42.3,default.qubit,HARDWARE_EFFICIENT_CZ,5,4,61,18,10,60,16,CZ_LINEAR,86,0.1317234,0.532883,0.131723,0.690983,0.1606667829,5.200973924042451e-07,0,9.741072265508896e-07,1.4942046189551347e-06,5.498787370805618e-07,0.36800765,3.2.8,5,1,6,37.3444,0.89652277,2.49034e-07,33.48007928,Cortex-A53,4,4,25.6,1200.0,1,48.6,225.9258,0.88,Debian GNU/Linux 13 (trixie) aarch64,Linux,aarch64,3.10.20,0.6666666666666666,0.6666666666666666,0.6666666666666666,0.6666666666666666,0.6666666666666666,0.6666666666666666,0.6666666666666666
2026-07-06 02:08:29,c9160e6539125e06c66b22677b30e1ed0aad8c344173a6c30f97b14607f84244,c9160e65,ubuntu,quantum_circuit_qubit_sweep_codecarbon,45,1,1,True,HARDWARE_EFFICIENT_CZ_5Q,PennyLane,0.42.3,default.qubit,HARDWARE_EFFICIENT_CZ,5,4,61,18,10,60,16,CZ_LINEAR,86,0.54498405,0.632971,0.544984,0.657355,0.1642524381,5.21665947097871e-07,0,9.770812092271324e-07,1.4987471563250033e-06,5.515504256032698e-07,0.36800765,3.2.8,5,1,6,36.5291,0.89924829,2.49791e-07,32.84876514,Cortex-A53,4,4,25.7,1200.0,1,48.5,225.9258,0.88,Debian GNU/Linux 13 (trixie) aarch64,Linux,aarch64,3.10.20,0.6666666666666666,0.6666666666666666,0.6666666666666666,0.6666666666666666,0.6666666666666666,0.6666666666666666,0.6666666666666666
2026-07-06 02:08:34,c9160e6539125e06c66b22677b30e1ed0aad8c344173a6c30f97b14607f84244,c9160e65,ubuntu,quantum_circuit_qubit_sweep_codecarbon,46,1,1,True,HARDWARE_EFFICIENT_CZ_5Q,PennyLane,0.42.3,default.qubit,HARDWARE_EFFICIENT_CZ,5,4,61,18,10,60,16,CZ_LINEAR,86,0.46549353,0.614317,0.465494,0.666778,0.163078747,5.211222221453984e-07,0,9.760912391357124e-07,1.4972134612811108e-06,5.509860140875351e-07,0.36800765,3.2.8,5,1,6,36.792,0.89832808,2.49536e-07,33.05132373,Cortex-A53,4,4,25.3,1200.0,2,48.5,225.9258,0.88,Debian GNU/Linux 13 (trixie) aarch64,Linux,aarch64,3.10.20,0.6666666666666666,0.6666666666666666,0.6666666666666666,0.6666666666666666,0.6666666666666666,0.6666666666666666,0.6666666666666666
2026-07-06 02:08:40,c9160e6539125e06c66b22677b30e1ed0aad8c344173a6c30f97b14607f84244,c9160e65,ubuntu,quantum_circuit_qubit_sweep_codecarbon,47,1,-1,False,HARDWARE_EFFICIENT_CZ_5Q,PennyLane,0.42.3,default.qubit,HARDWARE_EFFICIENT_CZ,5,4,61,18,10,60,16,CZ_LINEAR,86,-0.29781524,0.573908,0.297815,0.682182,0.162448803,5.208390524817838e-07,0,9.755667624995114e-07,1.4964058149812952e-06,5.506887940671198e-07,0.36800765,3.2.8,5,1,6,36.9347,0.89784349,2.49401e-07,33.16159206,Cortex-A53,4,4,25.1,1200.0,1,48.4,225.9258,0.88,Debian GNU/Linux 13 (trixie) aarch64,Linux,aarch64,3.10.20,0.6666666666666666,0.6666666666666666,0.6666666666666666,0.6666666666666666,0.6666666666666666,0.6666666666666666,0.6666666666666666
2026-07-06 02:08:45,c9160e6539125e06c66b22677b30e1ed0aad8c344173a6c30f97b14607f84244,c9160e65,ubuntu,quantum_circuit_qubit_sweep_codecarbon,48,1,1,True,HARDWARE_EFFICIENT_CZ_5Q,PennyLane,0.42.3,default.qubit,HARDWARE_EFFICIENT_CZ,5,4,61,18,10,60,16,CZ_LINEAR,86,0.04956642,0.512389,0.049566,0.69284,0.1624007821,5.207735195548998e-07,0,9.754422825062649e-07,1.4962158020611644e-06,5.506188678580685e-07,0.36800765,3.2.8,5,1,6,36.9456,0.89772948,2.49369e-07,33.16718563,Cortex-A53,4,4,25.0,1200.0,1,48.2,225.9258,0.88,Debian GNU/Linux 13 (trixie) aarch64,Linux,aarch64,3.10.20,0.6666666666666666,0.6666666666666666,0.6666666666666666,0.6666666666666666,0.6666666666666666,0.6666666666666666,0.6666666666666666
2026-07-06 02:08:51,c9160e6539125e06c66b22677b30e1ed0aad8c344173a6c30f97b14607f84244,c9160e65,ubuntu,quantum_circuit_qubit_sweep_codecarbon,49,-1,-1,True,HARDWARE_EFFICIENT_CZ_5Q,PennyLane,0.42.3,default.qubit,HARDWARE_EFFICIENT_CZ,5,4,61,18,10,60,16,CZ_LINEAR,86,-0.0197296,0.504932,0.01973,0.693099,0.1624194791,5.208604857325554e-07,0,9.755956649314611e-07,1.4964561506640166e-06,5.50707317983653e-07,0.36800765,3.2.8,5,1,6,36.9414,0.89787369,2.49409e-07,33.16869486,Cortex-A53,4,4,25.8,1200.0,1,48.3,225.9258,0.88,Debian GNU/Linux 13 (trixie) aarch64,Linux,aarch64,3.10.20,0.6666666666666666,0.6666666666666666,0.6666666666666666,0.6666666666666666,0.6666666666666666,0.6666666666666666,0.6666666666666666
2026-07-06 02:08:57,c9160e6539125e06c66b22677b30e1ed0aad8c344173a6c30f97b14607f84244,c9160e65,ubuntu,quantum_circuit_qubit_sweep_codecarbon,50,-1,1,False,HARDWARE_EFFICIENT_CZ_5Q,PennyLane,0.42.3,default.qubit,HARDWARE_EFFICIENT_CZ,5,4,61,18,10,60,16,CZ_LINEAR,86,0.116331,0.52905,0.116331,0.691458,0.1610271961,5.202372706391746e-07,0,9.74434168310836e-07,1.4946714389500103e-06,5.500505304119234e-07,0.36800765,3.2.8,5,1,6,37.2608,0.89680286,2.49112e-07,33.41558017,Cortex-A53,4,4,25.8,1200.0,2,48.2,225.9258,0.88,Debian GNU/Linux 13 (trixie) aarch64,Linux,aarch64,3.10.20,0.6666666666666666,0.6666666666666666,0.6666666666666666,0.6666666666666666,0.6666666666666666,0.6666666666666666,0.6666666666666666
2026-07-06 02:09:02,c9160e6539125e06c66b22677b30e1ed0aad8c344173a6c30f97b14607f84244,c9160e65,ubuntu,quantum_circuit_qubit_sweep_codecarbon,51,1,-1,False,HARDWARE_EFFICIENT_CZ_5Q,PennyLane,0.42.3,default.qubit,HARDWARE_EFFICIENT_CZ,5,4,61,18,10,60,16,CZ_LINEAR,86,-0.23016641,0.557289,0.230166,0.686569,0.1643055091,5.216663818185528e-07,0,9.770974317022289e-07,1.4987638135207816e-06,5.515565555788178e-07,0.36800765,3.2.8,5,1,6,36.5173,0.89925829,2.49794e-07,32.8385199,Cortex-A53,4,4,24.6,1200.0,1,48.3,225.9258,0.88,Debian GNU/Linux 13 (trixie) aarch64,Linux,aarch64,3.10.20,0.6666666666666666,0.6666666666666666,0.6666666666666666,0.6666666666666666,0.6666666666666666,0.6666666666666666,0.6666666666666666
2026-07-06 02:09:08,c9160e6539125e06c66b22677b30e1ed0aad8c344173a6c30f97b14607f84244,c9160e65,ubuntu,quantum_circuit_qubit_sweep_codecarbon,52,1,1,True,HARDWARE_EFFICIENT_CZ_5Q,PennyLane,0.42.3,default.qubit,HARDWARE_EFFICIENT_CZ,5,4,61,18,10,60,16,CZ_LINEAR,86,0.48552491,0.619052,0.485525,0.664526,0.160892352,5.202076169144776e-07,0,9.742842967777202e-07,1.494491913692198e-06,5.499844637428824e-07,0.36800765,3.2.8,5,1,6,37.292,0.89669515,2.49082e-07,33.4395689,Cortex-A53,4,4,25.7,1200.0,2,47.8,225.9258,0.88,Debian GNU/Linux 13 (trixie) aarch64,Linux,aarch64,3.10.20,0.6666666666666666,0.6666666666666666,0.6666666666666666,0.6666666666666666,0.6666666666666666,0.6666666666666666,0.6666666666666666
2026-07-06 02:09:13,c9160e6539125e06c66b22677b30e1ed0aad8c344173a6c30f97b14607f84244,c9160e65,ubuntu,quantum_circuit_qubit_sweep_codecarbon,53,1,-1,False,HARDWARE_EFFICIENT_CZ_5Q,PennyLane,0.42.3,default.qubit,HARDWARE_EFFICIENT_CZ,5,4,61,18,10,60,16,CZ_LINEAR,86,-0.27581644,0.56852,0.275816,0.683728,0.161595264,5.204527759924531e-07,0,9.748403675621376e-07,1.4952931435545907e-06,5.502793224652119e-07,0.36800765,3.2.8,5,1,6,37.1298,0.89717589,2.49216e-07,33.31196215,Cortex-A53,4,4,25.0,1200.0,1,48.1,225.9258,0.88,Debian GNU/Linux 13 (trixie) aarch64,Linux,aarch64,3.10.20,0.6666666666666666,0.6666666666666666,0.6666666666666666,0.6666666666666666,0.6666666666666666,0.6666666666666666,0.6666666666666666
2026-07-06 02:09:19,c9160e6539125e06c66b22677b30e1ed0aad8c344173a6c30f97b14607f84244,c9160e65,ubuntu,quantum_circuit_qubit_sweep_codecarbon,54,-1,-1,True,HARDWARE_EFFICIENT_CZ_5Q,PennyLane,0.42.3,default.qubit,HARDWARE_EFFICIENT_CZ,5,4,61,18,10,60,16,CZ_LINEAR,86,-0.27444231,0.568183,0.274442,0.68382,0.1626051031,5.209739598169165e-07,0,9.757252565274637e-07,1.49669921634438e-06,5.507967680145592e-07,0.36800765,3.2.8,5,1,6,36.8992,0.89801953,2.4945e-07,33.13621206,Cortex-A53,4,4,24.9,1200.0,2,48.2,225.9258,0.88,Debian GNU/Linux 13 (trixie) aarch64,Linux,aarch64,3.10.20,0.6666666666666666,0.6666666666666666,0.6666666666666666,0.6666666666666666,0.6666666666666666,0.6666666666666666,0.6666666666666666
2026-07-06 02:09:24,c9160e6539125e06c66b22677b30e1ed0aad8c344173a6c30f97b14607f84244,c9160e65,ubuntu,quantum_circuit_qubit_sweep_codecarbon,55,-1,1,False,HARDWARE_EFFICIENT_CZ_5Q,PennyLane,0.42.3,default.qubit,HARDWARE_EFFICIENT_CZ,5,4,61,18,10,60,16,CZ_LINEAR,86,0.33658966,0.583362,0.33659,0.679184,0.162195313,5.207129191188072e-07,0,9.753030790792156e-07,1.4960159981980227e-06,5.505453385070449e-07,0.36800765,3.2.8,5,1,6,36.9924,0.8976096,2.49336e-07,33.2047671,Cortex-A53,4,4,25.7,1200.0,1,48.1,225.9258,0.88,Debian GNU/Linux 13 (trixie) aarch64,Linux,aarch64,3.10.20,0.6666666666666666,0.6666666666666666,0.6666666666666666,0.6666666666666666,0.6666666666666666,0.6666666666666666,0.6666666666666666
2026-07-06 02:09:30,c9160e6539125e06c66b22677b30e1ed0aad8c344173a6c30f97b14607f84244,c9160e65,ubuntu,quantum_circuit_qubit_sweep_codecarbon,56,1,1,True,HARDWARE_EFFICIENT_CZ_5Q,PennyLane,0.42.3,default.qubit,HARDWARE_EFFICIENT_CZ,5,4,61,18,10,60,16,CZ_LINEAR,86,0.11010869,0.527499,0.110109,0.691634,0.163087599,5.210505479739772e-07,0,9.7593193660335e-07,1.496982484577327e-06,5.509010128925445e-07,0.36800765,3.2.8,5,1,6,36.79,0.89818949,2.49497e-07,33.0444312,Cortex-A53,4,4,26.0,1200.0,1,48.2,225.9258,0.88,Debian GNU/Linux 13 (trixie) aarch64,Linux,aarch64,3.10.20,0.6666666666666666,0.6666666666666666,0.6666666666666666,0.6666666666666666,0.6666666666666666,0.6666666666666666,0.6666666666666666
2026-07-06 02:09:35,c9160e6539125e06c66b22677b30e1ed0aad8c344173a6c30f97b14607f84244,c9160e65,ubuntu,quantum_circuit_qubit_sweep_codecarbon,57,1,1,True,HARDWARE_EFFICIENT_CZ_5Q,PennyLane,0.42.3,default.qubit,HARDWARE_EFFICIENT_CZ,5,4,61,18,10,60,16,CZ_LINEAR,86,0.20860474,0.551963,0.208605,0.687737,0.164064728,5.216304510831833e-07,0,9.769806265830995e-07,1.4986110776662829e-06,5.515003476152543e-07,0.36800765,3.2.8,5,1,6,36.5709,0.89916665,2.49769e-07,32.88336224,Cortex-A53,4,4,25.6,1200.0,1,48.3,225.9258,0.88,Debian GNU/Linux 13 (trixie) aarch64,Linux,aarch64,3.10.20,0.6666666666666666,0.6666666666666666,0.6666666666666666,0.6666666666666666,0.6666666666666666,0.6666666666666666,0.6666666666666666
2026-07-06 02:09:41,c9160e6539125e06c66b22677b30e1ed0aad8c344173a6c30f97b14607f84244,c9160e65,ubuntu,quantum_circuit_qubit_sweep_codecarbon,58,-1,-1,True,HARDWARE_EFFICIENT_CZ_5Q,PennyLane,0.42.3,default.qubit,HARDWARE_EFFICIENT_CZ,5,4,61,18,10,60,16,CZ_LINEAR,86,-0.23405922,0.558249,0.234059,0.686346,0.1611890681,5.202155279823475e-07,0,9.743999982795987e-07,1.4946155262619465e-06,5.500299541147353e-07,0.36800765,3.2.8,5,1,6,37.2234,0.89676932,2.49103e-07,33.38077425,Cortex-A53,4,4,25.6,1200.0,2,48.3,225.9258,0.88,Debian GNU/Linux 13 (trixie) aarch64,Linux,aarch64,3.10.20,0.6666666666666666,0.6666666666666666,0.6666666666666666,0.6666666666666666,0.6666666666666666,0.6666666666666666,0.6666666666666666
2026-07-06 02:09:46,c9160e6539125e06c66b22677b30e1ed0aad8c344173a6c30f97b14607f84244,c9160e65,ubuntu,quantum_circuit_qubit_sweep_codecarbon,59,1,1,True,HARDWARE_EFFICIENT_CZ_5Q,PennyLane,0.42.3,default.qubit,HARDWARE_EFFICIENT_CZ,5,4,61,18,10,60,16,CZ_LINEAR,86,0.61199025,0.648395,0.61199,0.648435,0.1610631309,5.201825011595197e-07,0,9.743263865433013e-07,1.494508887702821e-06,5.499907103087183e-07,0.36800765,3.2.8,5,1,6,37.2525,0.89670533,2.49085e-07,33.40449154,Cortex-A53,4,4,25.6,1200.0,1,48.4,225.9258,0.88,Debian GNU/Linux 13 (trixie) aarch64,Linux,aarch64,3.10.20,0.6666666666666666,0.6666666666666666,0.6666666666666666,0.6666666666666666,0.6666666666666666,0.6666666666666666,0.6666666666666666
2026-07-06 02:09:52,c9160e6539125e06c66b22677b30e1ed0aad8c344173a6c30f97b14607f84244,c9160e65,ubuntu,quantum_circuit_qubit_sweep_codecarbon,60,-1,-1,True,HARDWARE_EFFICIENT_CZ_5Q,PennyLane,0.42.3,default.qubit,HARDWARE_EFFICIENT_CZ,5,4,61,18,10,60,16,CZ_LINEAR,86,-0.08593138,0.52147,0.085931,0.692225,0.161363025,5.200293240033918e-07,0,9.74052775806437e-07,1.494082099809829e-06,5.498336490972734e-07,0.36800765,3.2.8,5,1,6,37.1832,0.89644926,2.49014e-07,33.33288751,Cortex-A53,4,4,25.7,1200.0,2,48.7,225.9336,0.88,Debian GNU/Linux 13 (trixie) aarch64,Linux,aarch64,3.10.20,0.6666666666666666,0.6666666666666666,0.6666666666666666,0.6666666666666666,0.6666666666666666,0.6666666666666666,0.6666666666666666
2026-07-06 02:09:58,c9160e6539125e06c66b22677b30e1ed0aad8c344173a6c30f97b14607f84244,c9160e65,ubuntu,quantum_circuit_qubit_sweep_codecarbon,61,-1,-1,True,HARDWARE_EFFICIENT_CZ_5Q,PennyLane,0.42.3,default.qubit,HARDWARE_EFFICIENT_CZ,5,4,61,18,10,60,16,CZ_LINEAR,86,-1.46e-06,0.5,1e-06,0.693147,0.1624468202,5.208684459210436e-07,0,9.75629891618155e-07,1.4964983375391985e-06,5.507228430766369e-07,0.36800765,3.2.8,5,1,6,36.9352,0.897899,2.49416e-07,33.16404722,Cortex-A53,4,4,25.1,1200.0,2,48.4,225.9336,0.88,Debian GNU/Linux 13 (trixie) aarch64,Linux,aarch64,3.10.20,0.6666666666666666,0.6666666666666666,0.6666666666666666,0.6666666666666666,0.6666666666666666,0.6666666666666666,0.6666666666666666
2026-07-06 02:10:03,c9160e6539125e06c66b22677b30e1ed0aad8c344173a6c30f97b14607f84244,c9160e65,ubuntu,quantum_circuit_qubit_sweep_codecarbon,62,-1,-1,True,HARDWARE_EFFICIENT_CZ_5Q,PennyLane,0.42.3,default.qubit,HARDWARE_EFFICIENT_CZ,5,4,61,18,10,60,16,CZ_LINEAR,86,-0.13319069,0.533249,0.133191,0.690935,0.161472867,5.205156921978994e-07,0,9.748916999281694e-07,1.4954073921260688e-06,5.503213668140251e-07,0.36800765,3.2.8,5,1,6,37.1579,0.89724444,2.49235e-07,33.33975987,Cortex-A53,4,4,24.7,1200.0,1,48.4,225.9336,0.88,Debian GNU/Linux 13 (trixie) aarch64,Linux,aarch64,3.10.20,0.6666666666666666,0.6666666666666666,0.6666666666666666,0.6666666666666666,0.6666666666666666,0.6666666666666666,0.6666666666666666
2026-07-06 02:10:08,c9160e6539125e06c66b22677b30e1ed0aad8c344173a6c30f97b14607f84244,c9160e65,ubuntu,quantum_circuit_qubit_sweep_codecarbon,63,-1,1,False,HARDWARE_EFFICIENT_CZ_5Q,PennyLane,0.42.3,default.qubit,HARDWARE_EFFICIENT_CZ,5,4,61,18,10,60,16,CZ_LINEAR,86,0.082919,0.520718,0.082919,0.692288,0.1672235089,5.22924304008484e-07,0,9.794688841793686e-07,1.5023931881878525e-06,5.528921932371438e-07,0.36800765,3.2.8,5,1,6,35.8801,0.90143591,2.50399e-07,32.34363106,Cortex-A53,4,4,25.4,1200.0,1,48.3,225.9336,0.88,Debian GNU/Linux 13 (trixie) aarch64,Linux,aarch64,3.10.20,0.6666666666666666,0.6666666666666666,0.6666666666666666,0.6666666666666666,0.6666666666666666,0.6666666666666666,0.6666666666666666
2026-07-06 02:10:14,c9160e6539125e06c66b22677b30e1ed0aad8c344173a6c30f97b14607f84244,c9160e65,ubuntu,quantum_circuit_qubit_sweep_codecarbon,64,1,1,True,HARDWARE_EFFICIENT_CZ_5Q,PennyLane,0.42.3,default.qubit,HARDWARE_EFFICIENT_CZ,5,4,61,18,10,60,16,CZ_LINEAR,86,0.20527727,0.55114,0.205277,0.687907,0.1619389059,5.206778817292717e-07,0,9.752096633504457e-07,1.4958875450797174e-06,5.504980667762714e-07,0.36800765,3.2.8,5,1,6,37.051,0.89753253,2.49315e-07,33.2544865,Cortex-A53,4,4,26.1,1200.0,1,48.3,225.9336,0.88,Debian GNU/Linux 13 (trixie) aarch64,Linux,aarch64,3.10.20,0.6666666666666666,0.6666666666666666,0.6666666666666666,0.6666666666666666,0.6666666666666666,0.6666666666666666,0.6666666666666666
2026-07-06 02:10:19,c9160e6539125e06c66b22677b30e1ed0aad8c344173a6c30f97b14607f84244,c9160e65,ubuntu,quantum_circuit_qubit_sweep_codecarbon,65,-1,-1,True,HARDWARE_EFFICIENT_CZ_5Q,PennyLane,0.42.3,default.qubit,HARDWARE_EFFICIENT_CZ,5,4,61,18,10,60,16,CZ_LINEAR,86,-0.06627062,0.516562,0.066271,0.692599,0.164763836,5.219408831455642e-07,0,9.775290500450258e-07,1.49946993319059e-06,5.518164130222605e-07,0.36800765,3.2.8,5,1,6,36.4158,0.89968196,2.49912e-07,32.76260065,Cortex-A53,4,4,25.0,1200.0,1,48.4,225.9336,0.88,Debian GNU/Linux 13 (trixie) aarch64,Linux,aarch64,3.10.20,0.6666666666666666,0.6666666666666666,0.6666666666666666,0.6666666666666666,0.6666666666666666,0.6666666666666666,0.6666666666666666
2026-07-06 02:10:25,c9160e6539125e06c66b22677b30e1ed0aad8c344173a6c30f97b14607f84244,c9160e65,ubuntu,quantum_circuit_qubit_sweep_codecarbon,66,-1,1,False,HARDWARE_EFFICIENT_CZ_5Q,PennyLane,0.42.3,default.qubit,HARDWARE_EFFICIENT_CZ,5,4,61,18,10,60,16,CZ_LINEAR,86,0.0795119,0.519868,0.079512,0.692358,0.1620567699,5.207005194905731e-07,0,9.752386973317092e-07,1.4959392168222823e-06,5.505170823730538e-07,0.36800765,3.2.8,5,1,6,37.0241,0.89756353,2.49323e-07,33.23144835,Cortex-A53,4,4,26.1,1200.0,2,48.3,225.9375,0.88,Debian GNU/Linux 13 (trixie) aarch64,Linux,aarch64,3.10.20,0.6666666666666666,0.6666666666666666,0.6666666666666666,0.6666666666666666,0.6666666666666666,0.6666666666666666,0.6666666666666666
2026-07-06 02:10:30,c9160e6539125e06c66b22677b30e1ed0aad8c344173a6c30f97b14607f84244,c9160e65,ubuntu,quantum_circuit_qubit_sweep_codecarbon,67,1,1,True,HARDWARE_EFFICIENT_CZ_5Q,PennyLane,0.42.3,default.qubit,HARDWARE_EFFICIENT_CZ,5,4,61,18,10,60,16,CZ_LINEAR,86,0.27817692,0.569099,0.278177,0.683567,0.1627004109,5.209746962382329e-07,0,9.757491098328805e-07,1.4967238060711132e-06,5.508058172222177e-07,0.36800765,3.2.8,5,1,6,36.8776,0.89803428,2.49454e-07,33.11734538,Cortex-A53,4,4,24.6,1200.0,1,48.3,225.9375,0.88,Debian GNU/Linux 13 (trixie) aarch64,Linux,aarch64,3.10.20,0.6666666666666666,0.6666666666666666,0.6666666666666666,0.6666666666666666,0.6666666666666666,0.6666666666666666,0.6666666666666666
2026-07-06 02:10:36,c9160e6539125e06c66b22677b30e1ed0aad8c344173a6c30f97b14607f84244,c9160e65,ubuntu,quantum_circuit_qubit_sweep_codecarbon,68,-1,-1,True,HARDWARE_EFFICIENT_CZ_5Q,PennyLane,0.42.3,default.qubit,HARDWARE_EFFICIENT_CZ,5,4,61,18,10,60,16,CZ_LINEAR,86,-0.30787004,0.576365,0.30787,0.681438,0.1610421399,5.202889466244314e-07,0,9.74503804075842e-07,1.4947927507002733e-06,5.500951740645941e-07,0.36800765,3.2.8,5,1,6,37.2573,0.89687565,2.49132e-07,33.41519125,Cortex-A53,4,4,26.5,1200.0,2,48.3,225.9375,0.88,Debian GNU/Linux 13 (trixie) aarch64,Linux,aarch64,3.10.20,0.6666666666666666,0.6666666666666666,0.6666666666666666,0.6666666666666666,0.6666666666666666,0.6666666666666666,0.6666666666666666
2026-07-06 02:10:41,c9160e6539125e06c66b22677b30e1ed0aad8c344173a6c30f97b14607f84244,c9160e65,ubuntu,quantum_circuit_qubit_sweep_codecarbon,69,-1,-1,True,HARDWARE_EFFICIENT_CZ_5Q,PennyLane,0.42.3,default.qubit,HARDWARE_EFFICIENT_CZ,5,4,61,18,10,60,16,CZ_LINEAR,86,-0.12296819,0.530703,0.122968,0.691261,0.165250343,5.224161410405941e-07,0,9.784102024665724e-07,1.5008263435071663e-06,5.52315582401327e-07,0.36800765,3.2.8,5,1,6,36.3085,0.90049581,2.50138e-07,32.69569513,Cortex-A53,4,4,25.9,1200.0,2,48.4,225.9375,0.88,Debian GNU/Linux 13 (trixie) aarch64,Linux,aarch64,3.10.20,0.6666666666666666,0.6666666666666666,0.6666666666666666,0.6666666666666666,0.6666666666666666,0.6666666666666666,0.6666666666666666
2026-07-06 02:10:47,c9160e6539125e06c66b22677b30e1ed0aad8c344173a6c30f97b14607f84244,c9160e65,ubuntu,quantum_circuit_qubit_sweep_codecarbon,70,-1,1,False,HARDWARE_EFFICIENT_CZ_5Q,PennyLane,0.42.3,default.qubit,HARDWARE_EFFICIENT_CZ,5,4,61,18,10,60,16,CZ_LINEAR,86,0.0955456,0.523868,0.095546,0.692007,0.1610437019,5.203119142431515e-07,0,9.742660416911049e-07,1.4945779559342562e-06,5.500161279465654e-07,0.36800765,3.2.8,5,1,6,37.257,0.89674677,2.49096e-07,33.41006557,Cortex-A53,4,4,25.7,1200.0,1,48.7,225.9375,0.88,Debian GNU/Linux 13 (trixie) aarch64,Linux,aarch64,3.10.20,0.6666666666666666,0.6666666666666666,0.6666666666666666,0.6666666666666666,0.6666666666666666,0.6666666666666666,0.6666666666666666
2026-07-06 02:10:53,c9160e6539125e06c66b22677b30e1ed0aad8c344173a6c30f97b14607f84244,c9160e65,ubuntu,quantum_circuit_qubit_sweep_codecarbon,71,-1,-1,True,HARDWARE_EFFICIENT_CZ_5Q,PennyLane,0.42.3,default.qubit,HARDWARE_EFFICIENT_CZ,5,4,61,18,10,60,16,CZ_LINEAR,86,-0.16142348,0.540268,0.161423,0.689901,0.161751301,5.205047071600953e-07,0,9.7488435334526e-07,1.4953890605053551e-06,5.503146206372841e-07,0.36800765,3.2.8,5,1,6,37.094,0.89723344,2.49232e-07,33.28196177,Cortex-A53,4,4,25.4,1200.0,2,47.1,225.9375,0.88,Debian GNU/Linux 13 (trixie) aarch64,Linux,aarch64,3.10.20,0.6666666666666666,0.6666666666666666,0.6666666666666666,0.6666666666666666,0.6666666666666666,0.6666666666666666,0.6666666666666666
2026-07-06 02:11:01,c9160e6539125e06c66b22677b30e1ed0aad8c344173a6c30f97b14607f84244,c9160e65,ubuntu,quantum_circuit_qubit_sweep_codecarbon,0,-1,1,False,DATA_REUPLOAD_1Q,PennyLane,0.42.3,default.qubit,DATA_REUPLOAD,1,4,13,12,8,4,0,CNOT_LINEAR,12,0.00752914,0.501882,0.007529,0.69314,0.034126509,4.638315577887827e-07,0,8.68666772536623e-07,1.3324983303254055e-06,4.903695850931458e-07,0.36800765,3.2.8,1,1,2,58.6055,2.39849699,6.66249e-07,140.56503675,Cortex-A53,4,4,26.0,1200.0,3,47.7,225.9375,0.88,Debian GNU/Linux 13 (trixie) aarch64,Linux,aarch64,3.10.20,0.7222222222222222,0.7250000000000001,0.7222222222222222,0.7213622291021671,0.725,0.7222222222222222,0.7213622291021672
2026-07-06 02:11:06,c9160e6539125e06c66b22677b30e1ed0aad8c344173a6c30f97b14607f84244,c9160e65,ubuntu,quantum_circuit_qubit_sweep_codecarbon,1,1,-1,False,DATA_REUPLOAD_1Q,PennyLane,0.42.3,default.qubit,DATA_REUPLOAD,1,4,13,12,8,4,0,CNOT_LINEAR,12,-0.09172929,0.522916,0.091729,0.692097,0.033928073,4.63831395117773e-07,0,8.686761026425908e-07,1.3325074977603638e-06,4.90372958779382e-07,0.36800765,3.2.8,1,1,2,58.9482,2.3985135,6.66254e-07,141.38813573,Cortex-A53,4,4,25.1,1200.0,2,48.1,225.9375,0.88,Debian GNU/Linux 13 (trixie) aarch64,Linux,aarch64,3.10.20,0.7222222222222222,0.7250000000000001,0.7222222222222222,0.7213622291021671,0.725,0.7222222222222222,0.7213622291021672
2026-07-06 02:11:12,c9160e6539125e06c66b22677b30e1ed0aad8c344173a6c30f97b14607f84244,c9160e65,ubuntu,quantum_circuit_qubit_sweep_codecarbon,2,1,1,True,DATA_REUPLOAD_1Q,PennyLane,0.42.3,default.qubit,DATA_REUPLOAD,1,4,13,12,8,4,0,CNOT_LINEAR,12,0.5737655,0.639632,0.573765,0.65363,0.0311491319,4.624896666242017e-07,0,8.661570200153317e-07,1.3286466866395334e-06,4.889521507345552e-07,0.36800765,3.2.8,1,1,2,64.2072,2.39156404,6.64323e-07,153.55574211,Cortex-A53,4,4,25.6,1200.0,1,48.1,225.9375,0.88,Debian GNU/Linux 13 (trixie) aarch64,Linux,aarch64,3.10.20,0.7222222222222222,0.7250000000000001,0.7222222222222222,0.7213622291021671,0.725,0.7222222222222222,0.7213622291021672
2026-07-06 02:11:17,c9160e6539125e06c66b22677b30e1ed0aad8c344173a6c30f97b14607f84244,c9160e65,ubuntu,quantum_circuit_qubit_sweep_codecarbon,3,1,1,True,DATA_REUPLOAD_1Q,PennyLane,0.42.3,default.qubit,DATA_REUPLOAD,1,4,13,12,8,4,0,CNOT_LINEAR,12,0.04125779,0.510313,0.041258,0.692934,0.0311352261,4.624470737245348e-07,0,8.660884424656008e-07,1.3285355161901355e-06,4.889112391582288e-07,0.36800765,3.2.8,1,1,2,64.2359,2.39136393,6.64268e-07,153.6114701,Cortex-A53,4,4,24.9,1200.0,1,48.1,225.9375,0.88,Debian GNU/Linux 13 (trixie) aarch64,Linux,aarch64,3.10.20,0.7222222222222222,0.7250000000000001,0.7222222222222222,0.7213622291021671,0.725,0.7222222222222222,0.7213622291021672
2026-07-06 02:11:23,c9160e6539125e06c66b22677b30e1ed0aad8c344173a6c30f97b14607f84244,c9160e65,ubuntu,quantum_circuit_qubit_sweep_codecarbon,4,-1,-1,True,DATA_REUPLOAD_1Q,PennyLane,0.42.3,default.qubit,DATA_REUPLOAD,1,4,13,12,8,4,0,CNOT_LINEAR,12,-0.2622593,0.565192,0.262259,0.684623,0.0309668409,4.623385320107143e-07,0,8.658309348781283e-07,1.3281694668888423e-06,4.887765302134492e-07,0.36800765,3.2.8,1,1,2,64.5852,2.39070504,6.64085e-07,154.40419297,Cortex-A53,4,4,26.0,1200.0,1,48.1,225.9375,0.88,Debian GNU/Linux 13 (trixie) aarch64,Linux,aarch64,3.10.20,0.7222222222222222,0.7250000000000001,0.7222222222222222,0.7213622291021671,0.725,0.7222222222222222,0.7213622291021672
2026-07-06 02:11:28,c9160e6539125e06c66b22677b30e1ed0aad8c344173a6c30f97b14607f84244,c9160e65,ubuntu,quantum_circuit_qubit_sweep_codecarbon,5,1,1,True,DATA_REUPLOAD_1Q,PennyLane,0.42.3,default.qubit,DATA_REUPLOAD,1,4,13,12,8,4,0,CNOT_LINEAR,12,0.58094451,0.641285,0.580945,0.652675,0.030990904,4.623734264686206e-07,0,8.659671309093634e-07,1.328340557377984e-06,4.888394928230558e-07,0.36800765,3.2.8,1,1,2,64.5351,2.391013,6.6417e-07,154.30417945,Cortex-A53,4,4,25.9,1200.0,1,48.1,225.9375,0.88,Debian GNU/Linux 13 (trixie) aarch64,Linux,aarch64,3.10.20,0.7222222222222222,0.7250000000000001,0.7222222222222222,0.7213622291021671,0.725,0.7222222222222222,0.7213622291021672
2026-07-06 02:11:33,c9160e6539125e06c66b22677b30e1ed0aad8c344173a6c30f97b14607f84244,c9160e65,ubuntu,quantum_circuit_qubit_sweep_codecarbon,6,1,-1,False,DATA_REUPLOAD_1Q,PennyLane,0.42.3,default.qubit,DATA_REUPLOAD,1,4,13,12,8,4,0,CNOT_LINEAR,12,-0.08360349,0.520889,0.083603,0.692274,0.031026216,4.623987499857556e-07,0,8.659949506788204e-07,1.328393700664576e-06,4.88859049959304e-07,0.36800765,3.2.8,1,1,2,64.4616,2.39110866,6.64197e-07,154.1347267,Cortex-A53,4,4,25.2,1200.0,1,48.0,225.9375,0.88,Debian GNU/Linux 13 (trixie) aarch64,Linux,aarch64,3.10.20,0.7222222222222222,0.7250000000000001,0.7222222222222222,0.7213622291021671,0.725,0.7222222222222222,0.7213622291021672
2026-07-06 02:11:39,c9160e6539125e06c66b22677b30e1ed0aad8c344173a6c30f97b14607f84244,c9160e65,ubuntu,quantum_circuit_qubit_sweep_codecarbon,7,1,1,True,DATA_REUPLOAD_1Q,PennyLane,0.42.3,default.qubit,DATA_REUPLOAD,1,4,13,12,8,4,0,CNOT_LINEAR,12,0.09852181,0.524611,0.098522,0.691935,0.031099966,4.6246633068141017e-07,0,8.661355299409479e-07,1.328601860622358e-06,4.889356544171164e-07,0.36800765,3.2.8,1,1,2,64.3088,2.39148335,6.64301e-07,153.79330941,Cortex-A53,4,4,27.6,1200.0,2,48.1,225.9375,0.88,Debian GNU/Linux 13 (trixie) aarch64,Linux,aarch64,3.10.20,0.7222222222222222,0.7250000000000001,0.7222222222222222,0.7213622291021671,0.725,0.7222222222222222,0.7213622291021672
2026-07-06 02:11:44,c9160e6539125e06c66b22677b30e1ed0aad8c344173a6c30f97b14607f84244,c9160e65,ubuntu,quantum_circuit_qubit_sweep_codecarbon,8,1,-1,False,DATA_REUPLOAD_1Q,PennyLane,0.42.3,default.qubit,DATA_REUPLOAD,1,4,13,12,8,4,0,CNOT_LINEAR,12,-0.43128021,0.606179,0.43128,0.670426,0.0311862151,4.6246926983197533e-07,0,8.661026309709996e-07,1.328571900802975e-06,4.889246289742577e-07,0.36800765,3.2.8,1,1,2,64.1309,2.39142942,6.64286e-07,153.3645178,Cortex-A53,4,4,25.6,1200.0,1,48.1,225.9375,0.88,Debian GNU/Linux 13 (trixie) aarch64,Linux,aarch64,3.10.20,0.7222222222222222,0.7250000000000001,0.7222222222222222,0.7213622291021671,0.725,0.7222222222222222,0.7213622291021672
2026-07-06 02:11:49,c9160e6539125e06c66b22677b30e1ed0aad8c344173a6c30f97b14607f84244,c9160e65,ubuntu,quantum_circuit_qubit_sweep_codecarbon,9,-1,-1,True,DATA_REUPLOAD_1Q,PennyLane,0.42.3,default.qubit,DATA_REUPLOAD,1,4,13,12,8,4,0,CNOT_LINEAR,12,-0.36152037,0.589408,0.36152,0.677073,0.031136892,4.624568730651835e-07,0,8.661133931794515e-07,1.328570266244635e-06,4.889240274442769e-07,0.36800765,3.2.8,1,1,2,64.2325,2.39142648,6.64285e-07,153.60726924,Cortex-A53,4,4,25.9,1200.0,1,48.2,225.9375,0.88,Debian GNU/Linux 13 (trixie) aarch64,Linux,aarch64,3.10.20,0.7222222222222222,0.7250000000000001,0.7222222222222222,0.7213622291021671,0.725,0.7222222222222222,0.7213622291021672
2026-07-06 02:11:55,c9160e6539125e06c66b22677b30e1ed0aad8c344173a6c30f97b14607f84244,c9160e65,ubuntu,quantum_circuit_qubit_sweep_codecarbon,10,1,1,True,DATA_REUPLOAD_1Q,PennyLane,0.42.3,default.qubit,DATA_REUPLOAD,1,4,13,12,8,4,0,CNOT_LINEAR,12,0.9140853,0.713835,0.914085,0.598682,0.0578607391,4.754031942122513e-07,0,8.89658386586234e-07,1.3650615807984853e-06,5.023531105208052e-07,0.36800765,3.2.8,1,1,2,34.5658,2.45711085,6.82531e-07,84.93188595,Cortex-A53,4,4,25.7,1200.0,1,48.1,225.9375,0.88,Debian GNU/Linux 13 (trixie) aarch64,Linux,aarch64,3.10.20,0.7222222222222222,0.7250000000000001,0.7222222222222222,0.7213622291021671,0.725,0.7222222222222222,0.7213622291021672
2026-07-06 02:12:01,c9160e6539125e06c66b22677b30e1ed0aad8c344173a6c30f97b14607f84244,c9160e65,ubuntu,quantum_circuit_qubit_sweep_codecarbon,11,1,-1,False,DATA_REUPLOAD_1Q,PennyLane,0.42.3,default.qubit,DATA_REUPLOAD,1,4,13,12,8,4,0,CNOT_LINEAR,12,-0.00339306,0.500848,0.003393,0.693146,0.0588305239,4.757945800407066e-07,0,8.908322067388023e-07,1.366626786779509e-06,5.029291183026029e-07,0.36800765,3.2.8,1,1,2,33.996,2.45992822,6.83313e-07,83.62761555,Cortex-A53,4,4,25.6,1200.0,4,48.5,225.9375,0.88,Debian GNU/Linux 13 (trixie) aarch64,Linux,aarch64,3.10.20,0.7222222222222222,0.7250000000000001,0.7222222222222222,0.7213622291021671,0.725,0.7222222222222222,0.7213622291021672
2026-07-06 02:12:06,c9160e6539125e06c66b22677b30e1ed0aad8c344173a6c30f97b14607f84244,c9160e65,ubuntu,quantum_circuit_qubit_sweep_codecarbon,12,-1,-1,True,DATA_REUPLOAD_1Q,PennyLane,0.42.3,default.qubit,DATA_REUPLOAD,1,4,13,12,8,4,0,CNOT_LINEAR,12,-0.40441823,0.599749,0.404418,0.673113,0.031842357,4.628212564728329e-07,0,8.66729489256007e-07,1.3295507457288396e-06,4.892848513994892e-07,0.36800765,3.2.8,1,1,2,62.8094,2.39319134,6.64775e-07,150.31496201,Cortex-A53,4,4,25.7,1200.0,2,48.4,225.9375,0.88,Debian GNU/Linux 13 (trixie) aarch64,Linux,aarch64,3.10.20,0.7222222222222222,0.7250000000000001,0.7222222222222222,0.7213622291021671,0.725,0.7222222222222222,0.7213622291021672
2026-07-06 02:12:11,c9160e6539125e06c66b22677b30e1ed0aad8c344173a6c30f97b14607f84244,c9160e65,ubuntu,quantum_circuit_qubit_sweep_codecarbon,13,1,1,True,DATA_REUPLOAD_1Q,PennyLane,0.42.3,default.qubit,DATA_REUPLOAD,1,4,13,12,8,4,0,CNOT_LINEAR,12,0.13731711,0.534275,0.137317,0.690796,0.031062413,4.623906106377642e-07,0,8.659885206725448e-07,1.3283791313103089e-06,4.888536883254134e-07,0.36800765,3.2.8,1,1,2,64.3865,2.39108244,6.6419e-07,153.95342505,Cortex-A53,4,4,25.4,1200.0,1,48.3,225.9375,0.88,Debian GNU/Linux 13 (trixie) aarch64,Linux,aarch64,3.10.20,0.7222222222222222,0.7250000000000001,0.7222222222222222,0.7213622291021671,0.725,0.7222222222222222,0.7213622291021672
2026-07-06 02:12:17,c9160e6539125e06c66b22677b30e1ed0aad8c344173a6c30f97b14607f84244,c9160e65,ubuntu,quantum_circuit_qubit_sweep_codecarbon,14,1,1,True,DATA_REUPLOAD_1Q,PennyLane,0.42.3,default.qubit,DATA_REUPLOAD,1,4,13,12,8,4,0,CNOT_LINEAR,12,0.39141697,0.596624,0.391417,0.674357,0.0309951741,4.6239838800910443e-07,0,8.66003580740653e-07,1.3284019687497574e-06,4.888620926779383e-07,0.36800765,3.2.8,1,1,2,64.5262,2.39112354,6.64201e-07,154.29005417,Cortex-A53,4,4,25.9,1200.0,2,48.3,225.9375,0.88,Debian GNU/Linux 13 (trixie) aarch64,Linux,aarch64,3.10.20,0.7222222222222222,0.7250000000000001,0.7222222222222222,0.7213622291021671,0.725,0.7222222222222222,0.7213622291021672
2026-07-06 02:12:22,c9160e6539125e06c66b22677b30e1ed0aad8c344173a6c30f97b14607f84244,c9160e65,ubuntu,quantum_circuit_qubit_sweep_codecarbon,15,-1,1,False,DATA_REUPLOAD_1Q,PennyLane,0.42.3,default.qubit,DATA_REUPLOAD,1,4,13,12,8,4,0,CNOT_LINEAR,12,0.18807049,0.54688,0.18807,0.688745,0.030994653,4.622696951261608e-07,0,8.657161241474873e-07,1.327985819273648e-06,4.887089464853374e-07,0.36800765,3.2.8,1,1,2,64.5273,2.39037447,6.63993e-07,154.24431268,Cortex-A53,4,4,25.4,1200.0,1,48.4,225.9375,0.88,Debian GNU/Linux 13 (trixie) aarch64,Linux,aarch64,3.10.20,0.7222222222222222,0.7250000000000001,0.7222222222222222,0.7213622291021671,0.725,0.7222222222222222,0.7213622291021672
2026-07-06 02:12:27,c9160e6539125e06c66b22677b30e1ed0aad8c344173a6c30f97b14607f84244,c9160e65,ubuntu,quantum_circuit_qubit_sweep_codecarbon,16,1,-1,False,DATA_REUPLOAD_1Q,PennyLane,0.42.3,default.qubit,DATA_REUPLOAD,1,4,13,12,8,4,0,CNOT_LINEAR,12,-0.30422158,0.575474,0.304222,0.681711,0.0312010578,4.624910589544284e-07,0,8.661520151266207e-07,1.328643074081049e-06,4.889508212853808e-07,0.36800765,3.2.8,1,1,2,64.1004,2.39155753,6.64322e-07,153.29977246,Cortex-A53,4,4,25.2,1200.0,1,48.4,225.9375,0.88,Debian GNU/Linux 13 (trixie) aarch64,Linux,aarch64,3.10.20,0.7222222222222222,0.7250000000000001,0.7222222222222222,0.7213622291021671,0.725,0.7222222222222222,0.7213622291021672
2026-07-06 02:12:33,c9160e6539125e06c66b22677b30e1ed0aad8c344173a6c30f97b14607f84244,c9160e65,ubuntu,quantum_circuit_qubit_sweep_codecarbon,17,1,-1,False,DATA_REUPLOAD_1Q,PennyLane,0.42.3,default.qubit,DATA_REUPLOAD,1,4,13,12,8,4,0,CNOT_LINEAR,12,-0.11352143,0.52835,0.113521,0.691539,0.031028768,4.624368922412287e-07,0,8.660542716582617e-07,1.3284911638994904e-06,4.888949171757793e-07,0.36800765,3.2.8,1,1,2,64.4563,2.3912841,6.64246e-07,154.13335723,Cortex-A53,4,4,25.2,1200.0,1,48.2,225.9375,0.88,Debian GNU/Linux 13 (trixie) aarch64,Linux,aarch64,3.10.20,0.7222222222222222,0.7250000000000001,0.7222222222222222,0.7213622291021671,0.725,0.7222222222222222,0.7213622291021672
2026-07-06 02:12:38,c9160e6539125e06c66b22677b30e1ed0aad8c344173a6c30f97b14607f84244,c9160e65,ubuntu,quantum_circuit_qubit_sweep_codecarbon,18,-1,-1,True,DATA_REUPLOAD_1Q,PennyLane,0.42.3,default.qubit,DATA_REUPLOAD,1,4,13,12,8,4,0,CNOT_LINEAR,12,-0.42368043,0.604364,0.42368,0.671203,0.0311464749,4.624689519186438e-07,0,8.660784458819157e-07,1.3285473978005596e-06,4.889156116818119e-07,0.36800765,3.2.8,1,1,2,64.2127,2.39138532,6.64274e-07,153.55736565,Cortex-A53,4,4,25.2,1200.0,1,48.2,225.9375,0.88,Debian GNU/Linux 13 (trixie) aarch64,Linux,aarch64,3.10.20,0.7222222222222222,0.7250000000000001,0.7222222222222222,0.7213622291021671,0.725,0.7222222222222222,0.7213622291021672
2026-07-06 02:12:43,c9160e6539125e06c66b22677b30e1ed0aad8c344173a6c30f97b14607f84244,c9160e65,ubuntu,quantum_circuit_qubit_sweep_codecarbon,19,1,1,True,DATA_REUPLOAD_1Q,PennyLane,0.42.3,default.qubit,DATA_REUPLOAD,1,4,13,12,8,4,0,CNOT_LINEAR,12,0.53235314,0.630032,0.532353,0.658939,0.031314495,4.6260860348189414e-07,0,8.664093024951097e-07,1.3290179059770035e-06,4.890887622922217e-07,0.36800765,3.2.8,1,1,2,63.8682,2.39223223,6.64509e-07,152.78753365,Cortex-A53,4,4,25.5,1200.0,1,48.1,225.9375,0.88,Debian GNU/Linux 13 (trixie) aarch64,Linux,aarch64,3.10.20,0.7222222222222222,0.7250000000000001,0.7222222222222222,0.7213622291021671,0.725,0.7222222222222222,0.7213622291021672
2026-07-06 02:12:49,c9160e6539125e06c66b22677b30e1ed0aad8c344173a6c30f97b14607f84244,c9160e65,ubuntu,quantum_circuit_qubit_sweep_codecarbon,20,-1,-1,True,DATA_REUPLOAD_1Q,PennyLane,0.42.3,default.qubit,DATA_REUPLOAD,1,4,13,12,8,4,0,CNOT_LINEAR,12,-0.40944551,0.600955,0.409446,0.672623,0.057892144,4.755087233616168e-07,0,8.898495649918914e-07,1.365358288353508e-06,5.024623011721849e-07,0.36800765,3.2.8,1,1,2,34.547,2.45764492,6.82679e-07,84.90426338,Cortex-A53,4,4,25.1,1200.0,1,48.1,225.9375,0.88,Debian GNU/Linux 13 (trixie) aarch64,Linux,aarch64,3.10.20,0.7222222222222222,0.7250000000000001,0.7222222222222222,0.7213622291021671,0.725,0.7222222222222222,0.7213622291021672
2026-07-06 02:12:55,c9160e6539125e06c66b22677b30e1ed0aad8c344173a6c30f97b14607f84244,c9160e65,ubuntu,quantum_circuit_qubit_sweep_codecarbon,21,1,1,True,DATA_REUPLOAD_1Q,PennyLane,0.42.3,default.qubit,DATA_REUPLOAD,1,4,13,12,8,4,0,CNOT_LINEAR,12,0.3315165,0.582128,0.331516,0.679596,0.0581999549,4.7560654618005546e-07,0,8.900874965668967e-07,1.3656940427469525e-06,5.025858613589854e-07,0.36800765,3.2.8,1,1,2,34.3643,2.45824928,6.82847e-07,84.47598561,Cortex-A53,4,4,25.5,1200.0,2,48.1,225.9375,0.88,Debian GNU/Linux 13 (trixie) aarch64,Linux,aarch64,3.10.20,0.7222222222222222,0.7250000000000001,0.7222222222222222,0.7213622291021671,0.725,0.7222222222222222,0.7213622291021672
2026-07-06 02:13:00,c9160e6539125e06c66b22677b30e1ed0aad8c344173a6c30f97b14607f84244,c9160e65,ubuntu,quantum_circuit_qubit_sweep_codecarbon,22,1,-1,False,DATA_REUPLOAD_1Q,PennyLane,0.42.3,default.qubit,DATA_REUPLOAD,1,4,13,12,8,4,0,CNOT_LINEAR,12,-0.1012882,0.5253,0.101288,0.691866,0.0515303079,4.723303126582503e-07,0,8.842898325140898e-07,1.35662014517234e-06,4.992465975958903e-07,0.36800765,3.2.8,1,1,2,38.8121,2.44191626,6.7831e-07,94.77592364,Cortex-A53,4,4,24.9,1200.0,1,48.6,225.9375,0.88,Debian GNU/Linux 13 (trixie) aarch64,Linux,aarch64,3.10.20,0.7222222222222222,0.7250000000000001,0.7222222222222222,0.7213622291021671,0.725,0.7222222222222222,0.7213622291021672
2026-07-06 02:13:05,c9160e6539125e06c66b22677b30e1ed0aad8c344173a6c30f97b14607f84244,c9160e65,ubuntu,quantum_circuit_qubit_sweep_codecarbon,23,-1,1,False,DATA_REUPLOAD_1Q,PennyLane,0.42.3,default.qubit,DATA_REUPLOAD,1,4,13,12,8,4,0,CNOT_LINEAR,12,0.13848557,0.534566,0.138486,0.690756,0.03098809,4.624573644250633e-07,0,8.66065810744961e-07,1.3285231751700245e-06,4.889066975683642e-07,0.36800765,3.2.8,1,1,2,64.5409,2.39134172,6.64262e-07,154.339407,Cortex-A53,4,4,25.1,1200.0,1,48.4,225.9375,0.88,Debian GNU/Linux 13 (trixie) aarch64,Linux,aarch64,3.10.20,0.7222222222222222,0.7250000000000001,0.7222222222222222,0.7213622291021671,0.725,0.7222222222222222,0.7213622291021672
2026-07-06 02:13:11,c9160e6539125e06c66b22677b30e1ed0aad8c344173a6c30f97b14607f84244,c9160e65,ubuntu,quantum_circuit_qubit_sweep_codecarbon,24,1,-1,False,DATA_REUPLOAD_1Q,PennyLane,0.42.3,default.qubit,DATA_REUPLOAD,1,4,13,12,8,4,0,CNOT_LINEAR,12,-0.29360741,0.572879,0.293607,0.682487,0.031067777,4.624000211345308e-07,0,8.660059150618811e-07,1.328405936196412e-06,4.888635527286758e-07,0.36800765,3.2.8,1,1,2,64.3754,2.39113069,6.64203e-07,153.92995053,Cortex-A53,4,4,25.4,1200.0,1,48.3,225.9492,0.88,Debian GNU/Linux 13 (trixie) aarch64,Linux,aarch64,3.10.20,0.7222222222222222,0.7250000000000001,0.7222222222222222,0.7213622291021671,0.725,0.7222222222222222,0.7213622291021672
2026-07-06 02:13:16,c9160e6539125e06c66b22677b30e1ed0aad8c344173a6c30f97b14607f84244,c9160e65,ubuntu,quantum_circuit_qubit_sweep_codecarbon,25,1,-1,False,DATA_REUPLOAD_1Q,PennyLane,0.42.3,default.qubit,DATA_REUPLOAD,1,4,13,12,8,4,0,CNOT_LINEAR,12,-0.40927768,0.600915,0.409278,0.672639,0.030965382,4.614590231338381e-07,0,8.642379567027093e-07,1.3256969798365471e-06,4.878666360526917e-07,0.36800765,3.2.8,1,1,2,64.5883,2.38625456,6.62848e-07,154.12401912,Cortex-A53,4,4,25.4,1200.0,1,48.2,225.9492,0.88,Debian GNU/Linux 13 (trixie) aarch64,Linux,aarch64,3.10.20,0.7222222222222222,0.7250000000000001,0.7222222222222222,0.7213622291021671,0.725,0.7222222222222222,0.7213622291021672
2026-07-06 02:13:21,c9160e6539125e06c66b22677b30e1ed0aad8c344173a6c30f97b14607f84244,c9160e65,ubuntu,quantum_circuit_qubit_sweep_codecarbon,26,1,1,True,DATA_REUPLOAD_1Q,PennyLane,0.42.3,default.qubit,DATA_REUPLOAD,1,4,13,12,8,4,0,CNOT_LINEAR,12,0.15122143,0.537733,0.151221,0.690297,0.0310363199,4.623980119617449e-07,0,8.65945279947482e-07,1.3283432919092268e-06,4.888404991514845e-07,0.36800765,3.2.8,1,1,2,64.4406,2.39101793,6.64172e-07,154.07870085,Cortex-A53,4,4,25.8,1200.0,1,48.1,225.9492,0.88,Debian GNU/Linux 13 (trixie) aarch64,Linux,aarch64,3.10.20,0.7222222222222222,0.7250000000000001,0.7222222222222222,0.7213622291021671,0.725,0.7222222222222222,0.7213622291021672
2026-07-06 02:13:27,c9160e6539125e06c66b22677b30e1ed0aad8c344173a6c30f97b14607f84244,c9160e65,ubuntu,quantum_circuit_qubit_sweep_codecarbon,27,-1,-1,True,DATA_REUPLOAD_1Q,PennyLane,0.42.3,default.qubit,DATA_REUPLOAD,1,4,13,12,8,4,0,CNOT_LINEAR,12,-0.39032847,0.596362,0.390328,0.674459,0.03089632,4.623646781676346e-07,0,8.658881182782351e-07,1.3282527964458696e-06,4.888071961282766e-07,0.36800765,3.2.8,1,1,2,64.7326,2.39085503,6.64126e-07,154.76633029,Cortex-A53,4,4,26.1,1200.0,2,48.1,225.9492,0.88,Debian GNU/Linux 13 (trixie) aarch64,Linux,aarch64,3.10.20,0.7222222222222222,0.7250000000000001,0.7222222222222222,0.7213622291021671,0.725,0.7222222222222222,0.7213622291021672
2026-07-06 02:13:32,c9160e6539125e06c66b22677b30e1ed0aad8c344173a6c30f97b14607f84244,c9160e65,ubuntu,quantum_circuit_qubit_sweep_codecarbon,28,-1,-1,True,DATA_REUPLOAD_1Q,PennyLane,0.42.3,default.qubit,DATA_REUPLOAD,1,4,13,12,8,4,0,CNOT_LINEAR,12,-0.36132409,0.589361,0.361324,0.67709,0.031791576,4.6271279859859954e-07,0,8.665869416048129e-07,1.3292997402034125e-06,4.891924794448244e-07,0.36800765,3.2.8,1,1,2,62.9097,2.39273953,6.6465e-07,150.52663863,Cortex-A53,4,4,25.2,1200.0,1,48.1,225.9492,0.88,Debian GNU/Linux 13 (trixie) aarch64,Linux,aarch64,3.10.20,0.7222222222222222,0.7250000000000001,0.7222222222222222,0.7213622291021671,0.725,0.7222222222222222,0.7213622291021672
2026-07-06 02:13:37,c9160e6539125e06c66b22677b30e1ed0aad8c344173a6c30f97b14607f84244,c9160e65,ubuntu,quantum_circuit_qubit_sweep_codecarbon,29,1,1,True,DATA_REUPLOAD_1Q,PennyLane,0.42.3,default.qubit,DATA_REUPLOAD,1,4,13,12,8,4,0,CNOT_LINEAR,12,0.62923382,0.652316,0.629234,0.646001,0.03209048,4.6318072551722434e-07,0,8.674141050626835e-07,1.330594830579908e-06,4.89669082616571e-07,0.36800765,3.2.8,1,1,2,62.3238,2.3950707,6.65297e-07,149.26985804,Cortex-A53,4,4,25.6,1200.0,1,48.1,225.9492,0.88,Debian GNU/Linux 13 (trixie) aarch64,Linux,aarch64,3.10.20,0.7222222222222222,0.7250000000000001,0.7222222222222222,0.7213622291021671,0.725,0.7222222222222222,0.7213622291021672
2026-07-06 02:13:43,c9160e6539125e06c66b22677b30e1ed0aad8c344173a6c30f97b14607f84244,c9160e65,ubuntu,quantum_circuit_qubit_sweep_codecarbon,30,-1,-1,True,DATA_REUPLOAD_1Q,PennyLane,0.42.3,default.qubit,DATA_REUPLOAD,1,4,13,12,8,4,0,CNOT_LINEAR,12,-0.29559065,0.573364,0.295591,0.682344,0.05703017,4.745507609862128e-07,0,8.887463949698335e-07,1.3632971559560462e-06,5.01703788673097e-07,0.36800765,3.2.8,1,1,2,35.0692,2.45393488,6.81649e-07,86.05742824,Cortex-A53,4,4,25.4,1200.0,1,48.1,225.9492,0.88,Debian GNU/Linux 13 (trixie) aarch64,Linux,aarch64,3.10.20,0.7222222222222222,0.7250000000000001,0.7222222222222222,0.7213622291021671,0.725,0.7222222222222222,0.7213622291021672
2026-07-06 02:13:49,c9160e6539125e06c66b22677b30e1ed0aad8c344173a6c30f97b14607f84244,c9160e65,ubuntu,quantum_circuit_qubit_sweep_codecarbon,31,-1,-1,True,DATA_REUPLOAD_1Q,PennyLane,0.42.3,default.qubit,DATA_REUPLOAD,1,4,13,12,8,4,0,CNOT_LINEAR,12,-0.2457425,0.561128,0.245743,0.685655,0.053318891,4.7320599864340493e-07,0,8.857882958060751e-07,1.35899429444948e-06,5.001203027026697e-07,0.36800765,3.2.8,1,1,2,37.5102,2.44618973,6.79497e-07,91.75696213,Cortex-A53,4,4,25.9,1200.0,2,48.1,225.9492,0.88,Debian GNU/Linux 13 (trixie) aarch64,Linux,aarch64,3.10.20,0.7222222222222222,0.7250000000000001,0.7222222222222222,0.7213622291021671,0.725,0.7222222222222222,0.7213622291021672
2026-07-06 02:13:54,c9160e6539125e06c66b22677b30e1ed0aad8c344173a6c30f97b14607f84244,c9160e65,ubuntu,quantum_circuit_qubit_sweep_codecarbon,32,-1,-1,True,DATA_REUPLOAD_1Q,PennyLane,0.42.3,default.qubit,DATA_REUPLOAD,1,4,13,12,8,4,0,CNOT_LINEAR,12,-0.26451467,0.565746,0.264515,0.684477,0.0311034031,4.624338652938605e-07,0,8.660513507978369e-07,1.3284852160916977e-06,4.888927283369843e-07,0.36800765,3.2.8,1,1,2,64.3016,2.39127339,6.64243e-07,153.76281388,Cortex-A53,4,4,25.2,1200.0,1,48.1,225.9492,0.88,Debian GNU/Linux 13 (trixie) aarch64,Linux,aarch64,3.10.20,0.7222222222222222,0.7250000000000001,0.7222222222222222,0.7213622291021671,0.725,0.7222222222222222,0.7213622291021672
2026-07-06 02:13:59,c9160e6539125e06c66b22677b30e1ed0aad8c344173a6c30f97b14607f84244,c9160e65,ubuntu,quantum_circuit_qubit_sweep_codecarbon,33,-1,-1,True,DATA_REUPLOAD_1Q,PennyLane,0.42.3,default.qubit,DATA_REUPLOAD,1,4,13,12,8,4,0,CNOT_LINEAR,12,-0.49189717,0.620553,0.491897,0.663793,0.0314881918,4.626721737699376e-07,0,8.664616775543739e-07,1.3291338513243115e-06,4.891314310675281e-07,0.36800765,3.2.8,1,1,2,63.5159,2.39244093,6.64567e-07,151.95797507,Cortex-A53,4,4,25.2,1200.0,1,48.2,225.9492,0.88,Debian GNU/Linux 13 (trixie) aarch64,Linux,aarch64,3.10.20,0.7222222222222222,0.7250000000000001,0.7222222222222222,0.7213622291021671,0.725,0.7222222222222222,0.7213622291021672
2026-07-06 02:14:05,c9160e6539125e06c66b22677b30e1ed0aad8c344173a6c30f97b14607f84244,c9160e65,ubuntu,quantum_circuit_qubit_sweep_codecarbon,34,1,1,True,DATA_REUPLOAD_1Q,PennyLane,0.42.3,default.qubit,DATA_REUPLOAD,1,4,13,12,8,4,0,CNOT_LINEAR,12,0.00601709,0.501504,0.006017,0.693143,0.030867205,4.623011681731745e-07,0,8.657644159393385e-07,1.3280655841125128e-06,4.88738300556595e-07,0.36800765,3.2.8,1,1,2,64.7937,2.39051805,6.64033e-07,154.89047689,Cortex-A53,4,4,25.6,1200.0,1,48.1,225.9492,0.88,Debian GNU/Linux 13 (trixie) aarch64,Linux,aarch64,3.10.20,0.7222222222222222,0.7250000000000001,0.7222222222222222,0.7213622291021671,0.725,0.7222222222222222,0.7213622291021672
2026-07-06 02:14:10,c9160e6539125e06c66b22677b30e1ed0aad8c344173a6c30f97b14607f84244,c9160e65,ubuntu,quantum_circuit_qubit_sweep_codecarbon,35,-1,1,False,DATA_REUPLOAD_1Q,PennyLane,0.42.3,default.qubit,DATA_REUPLOAD,1,4,13,12,8,4,0,CNOT_LINEAR,12,0.12833981,0.532041,0.12834,0.691093,0.0308640811,4.622997320721486e-07,0,8.658182331904148e-07,1.3281179652625634e-06,4.887575772207622e-07,0.36800765,3.2.8,1,1,2,64.8002,2.39061234,6.64059e-07,154.91226379,Cortex-A53,4,4,24.8,1200.0,1,48.1,225.9492,0.88,Debian GNU/Linux 13 (trixie) aarch64,Linux,aarch64,3.10.20,0.7222222222222222,0.7250000000000001,0.7222222222222222,0.7213622291021671,0.725,0.7222222222222222,0.7213622291021672
2026-07-06 02:14:16,c9160e6539125e06c66b22677b30e1ed0aad8c344173a6c30f97b14607f84244,c9160e65,ubuntu,quantum_circuit_qubit_sweep_codecarbon,36,1,1,True,DATA_REUPLOAD_1Q,PennyLane,0.42.3,default.qubit,DATA_REUPLOAD,1,4,13,12,8,4,0,CNOT_LINEAR,12,0.30011798,0.574471,0.300118,0.682014,0.0311322559,4.624607616828548e-07,0,8.661181873564297e-07,1.3285789490392846e-06,4.8892722277917e-07,0.36800765,3.2.8,1,1,2,64.2421,2.39144211,6.64289e-07,153.63114802,Cortex-A53,4,4,24.8,1200.0,1,47.9,225.9492,0.88,Debian GNU/Linux 13 (trixie) aarch64,Linux,aarch64,3.10.20,0.7222222222222222,0.7250000000000001,0.7222222222222222,0.7213622291021671,0.725,0.7222222222222222,0.7213622291021672
2026-07-06 02:14:21,c9160e6539125e06c66b22677b30e1ed0aad8c344173a6c30f97b14607f84244,c9160e65,ubuntu,quantum_circuit_qubit_sweep_codecarbon,37,-1,1,False,DATA_REUPLOAD_1Q,PennyLane,0.42.3,default.qubit,DATA_REUPLOAD,1,4,13,12,8,4,0,CNOT_LINEAR,12,0.2196883,0.554702,0.219688,0.687151,0.031092569,4.624708542186353e-07,0,8.661459215606254e-07,1.3286167757792606e-06,4.889411433090238e-07,0.36800765,3.2.8,1,1,2,64.3241,2.3915102,6.64308e-07,153.8316243,Cortex-A53,4,4,25.4,1200.0,2,48.0,225.9492,0.88,Debian GNU/Linux 13 (trixie) aarch64,Linux,aarch64,3.10.20,0.7222222222222222,0.7250000000000001,0.7222222222222222,0.7213622291021671,0.725,0.7222222222222222,0.7213622291021672
2026-07-06 02:14:26,c9160e6539125e06c66b22677b30e1ed0aad8c344173a6c30f97b14607f84244,c9160e65,ubuntu,quantum_circuit_qubit_sweep_codecarbon,38,-1,-1,True,DATA_REUPLOAD_1Q,PennyLane,0.42.3,default.qubit,DATA_REUPLOAD,1,4,13,12,8,4,0,CNOT_LINEAR,12,-0.25579363,0.563602,0.255794,0.685035,0.030947987,4.623354947957666e-07,0,8.658908008753012e-07,1.3282262956710678e-06,4.887974436403008e-07,0.36800765,3.2.8,1,1,2,64.6246,2.39080733,6.64113e-07,154.50486863,Cortex-A53,4,4,25.1,1200.0,2,48.2,225.9492,0.88,Debian GNU/Linux 13 (trixie) aarch64,Linux,aarch64,3.10.20,0.7222222222222222,0.7250000000000001,0.7222222222222222,0.7213622291021671,0.725,0.7222222222222222,0.7213622291021672
2026-07-06 02:14:32,c9160e6539125e06c66b22677b30e1ed0aad8c344173a6c30f97b14607f84244,c9160e65,ubuntu,quantum_circuit_qubit_sweep_codecarbon,39,-1,1,False,DATA_REUPLOAD_1Q,PennyLane,0.42.3,default.qubit,DATA_REUPLOAD,1,4,13,12,8,4,0,CNOT_LINEAR,12,0.27277882,0.567775,0.272779,0.683932,0.0313454319,4.625242092750139e-07,0,8.662461367202923e-07,1.3287703459953065e-06,4.889976583240231e-07,0.36800765,3.2.8,1,1,2,63.8052,2.39178662,6.64385e-07,152.60830532,Cortex-A53,4,4,25.9,1200.0,1,48.0,225.9492,0.88,Debian GNU/Linux 13 (trixie) aarch64,Linux,aarch64,3.10.20,0.7222222222222222,0.7250000000000001,0.7222222222222222,0.7213622291021671,0.725,0.7222222222222222,0.7213622291021672
2026-07-06 02:14:38,c9160e6539125e06c66b22677b30e1ed0aad8c344173a6c30f97b14607f84244,c9160e65,ubuntu,quantum_circuit_qubit_sweep_codecarbon,40,-1,-1,True,DATA_REUPLOAD_1Q,PennyLane,0.42.3,default.qubit,DATA_REUPLOAD,1,4,13,12,8,4,0,CNOT_LINEAR,12,-0.41713922,0.602798,0.417139,0.671861,0.0524474368,4.7291358932852746e-07,0,8.852573899397006e-07,1.358170979268228e-06,4.998173164139493e-07,0.36800765,3.2.8,1,1,2,38.1334,2.44470776,6.79085e-07,93.2250615,Cortex-A53,4,4,25.4,1200.0,3,48.1,225.9492,0.88,Debian GNU/Linux 13 (trixie) aarch64,Linux,aarch64,3.10.20,0.7222222222222222,0.7250000000000001,0.7222222222222222,0.7213622291021671,0.725,0.7222222222222222,0.7213622291021672
2026-07-06 02:14:43,c9160e6539125e06c66b22677b30e1ed0aad8c344173a6c30f97b14607f84244,c9160e65,ubuntu,quantum_circuit_qubit_sweep_codecarbon,41,-1,-1,True,DATA_REUPLOAD_1Q,PennyLane,0.42.3,default.qubit,DATA_REUPLOAD,1,4,13,12,8,4,0,CNOT_LINEAR,12,-0.10923749,0.527282,0.109237,0.691658,0.0310050179,4.624133176463761e-07,0,8.660310759053876e-07,1.3284443935517637e-06,4.888777053298148e-07,0.36800765,3.2.8,1,1,2,64.5057,2.39119991,6.64222e-07,154.24599426,Cortex-A53,4,4,25.0,1200.0,2,48.5,225.9492,0.88,Debian GNU/Linux 13 (trixie) aarch64,Linux,aarch64,3.10.20,0.7222222222222222,0.7250000000000001,0.7222222222222222,0.7213622291021671,0.725,0.7222222222222222,0.7213622291021672
2026-07-06 02:14:48,c9160e6539125e06c66b22677b30e1ed0aad8c344173a6c30f97b14607f84244,c9160e65,ubuntu,quantum_circuit_qubit_sweep_codecarbon,42,-1,-1,True,DATA_REUPLOAD_1Q,PennyLane,0.42.3,default.qubit,DATA_REUPLOAD,1,4,13,12,8,4,0,CNOT_LINEAR,12,-0.48151859,0.618106,0.481519,0.664984,0.0313255889,4.625679114833474e-07,0,8.662627140680949e-07,1.3288306255514425e-06,4.890198416620877e-07,0.36800765,3.2.8,1,1,2,63.8456,2.39189513,6.64415e-07,152.71190151,Cortex-A53,4,4,25.1,1200.0,1,48.5,225.9531,0.88,Debian GNU/Linux 13 (trixie) aarch64,Linux,aarch64,3.10.20,0.7222222222222222,0.7250000000000001,0.7222222222222222,0.7213622291021671,0.725,0.7222222222222222,0.7213622291021672
2026-07-06 02:14:54,c9160e6539125e06c66b22677b30e1ed0aad8c344173a6c30f97b14607f84244,c9160e65,ubuntu,quantum_circuit_qubit_sweep_codecarbon,43,1,1,True,DATA_REUPLOAD_1Q,PennyLane,0.42.3,default.qubit,DATA_REUPLOAD,1,4,13,12,8,4,0,CNOT_LINEAR,12,0.46892073,0.615128,0.468921,0.666399,0.031008923,4.62444381531878e-07,0,8.660793374292552e-07,1.3285237189611333e-06,4.889068976876547e-07,0.36800765,3.2.8,1,1,2,64.4976,2.39134269,6.64262e-07,154.23577898,Cortex-A53,4,4,26.0,1200.0,1,48.3,225.9531,0.88,Debian GNU/Linux 13 (trixie) aarch64,Linux,aarch64,3.10.20,0.7222222222222222,0.7250000000000001,0.7222222222222222,0.7213622291021671,0.725,0.7222222222222222,0.7213622291021672
2026-07-06 02:14:59,c9160e6539125e06c66b22677b30e1ed0aad8c344173a6c30f97b14607f84244,c9160e65,ubuntu,quantum_circuit_qubit_sweep_codecarbon,44,1,1,True,DATA_REUPLOAD_1Q,PennyLane,0.42.3,default.qubit,DATA_REUPLOAD,1,4,13,12,8,4,0,CNOT_LINEAR,12,0.60248969,0.646226,0.60249,0.649752,0.0312076199,4.624977371656833e-07,0,8.661995183986922e-07,1.3286972555643753e-06,4.88970760485974e-07,0.36800765,3.2.8,1,1,2,64.0869,2.39165506,6.64349e-07,153.27378795,Cortex-A53,4,4,25.1,1200.0,1,48.3,225.9531,0.88,Debian GNU/Linux 13 (trixie) aarch64,Linux,aarch64,3.10.20,0.7222222222222222,0.7250000000000001,0.7222222222222222,0.7213622291021671,0.725,0.7222222222222222,0.7213622291021672
2026-07-06 02:15:04,c9160e6539125e06c66b22677b30e1ed0aad8c344173a6c30f97b14607f84244,c9160e65,ubuntu,quantum_circuit_qubit_sweep_codecarbon,45,1,-1,False,DATA_REUPLOAD_1Q,PennyLane,0.42.3,default.qubit,DATA_REUPLOAD,1,4,13,12,8,4,0,CNOT_LINEAR,12,-0.22345056,0.555631,0.223451,0.686945,0.0349436381,4.641213167409437e-07,0,8.692120425015067e-07,1.3333333592424505e-06,4.906768821263e-07,0.36800765,3.2.8,1,1,2,57.235,2.40000005,6.66667e-07,137.36406251,Cortex-A53,4,4,25.2,1200.0,2,48.1,225.9531,0.88,Debian GNU/Linux 13 (trixie) aarch64,Linux,aarch64,3.10.20,0.7222222222222222,0.7250000000000001,0.7222222222222222,0.7213622291021671,0.725,0.7222222222222222,0.7213622291021672
2026-07-06 02:15:10,c9160e6539125e06c66b22677b30e1ed0aad8c344173a6c30f97b14607f84244,c9160e65,ubuntu,quantum_circuit_qubit_sweep_codecarbon,46,1,1,True,DATA_REUPLOAD_1Q,PennyLane,0.42.3,default.qubit,DATA_REUPLOAD,1,4,13,12,8,4,0,CNOT_LINEAR,12,0.81955361,0.694142,0.819554,0.615747,0.0311412141,4.624897273686092e-07,0,8.661858015693725e-07,1.3286755289379817e-06,4.889627649211559e-07,0.36800765,3.2.8,1,1,2,64.2236,2.39161595,6.64338e-07,153.59811898,Cortex-A53,4,4,26.0,1200.0,1,48.0,225.9531,0.88,Debian GNU/Linux 13 (trixie) aarch64,Linux,aarch64,3.10.20,0.7222222222222222,0.7250000000000001,0.7222222222222222,0.7213622291021671,0.725,0.7222222222222222,0.7213622291021672
2026-07-06 02:15:15,c9160e6539125e06c66b22677b30e1ed0aad8c344173a6c30f97b14607f84244,c9160e65,ubuntu,quantum_circuit_qubit_sweep_codecarbon,47,1,1,True,DATA_REUPLOAD_1Q,PennyLane,0.42.3,default.qubit,DATA_REUPLOAD,1,4,13,12,8,4,0,CNOT_LINEAR,12,0.24755871,0.561576,0.247559,0.685545,0.0313174629,4.624840785803984e-07,0,8.661322425662851e-07,1.3286163211466831e-06,4.889409760007554e-07,0.36800765,3.2.8,1,1,2,63.8621,2.39150938,6.64308e-07,152.72689137,Cortex-A53,4,4,25.4,1200.0,1,48.3,225.9531,0.88,Debian GNU/Linux 13 (trixie) aarch64,Linux,aarch64,3.10.20,0.7222222222222222,0.7250000000000001,0.7222222222222222,0.7213622291021671,0.725,0.7222222222222222,0.7213622291021672
2026-07-06 02:15:21,c9160e6539125e06c66b22677b30e1ed0aad8c344173a6c30f97b14607f84244,c9160e65,ubuntu,quantum_circuit_qubit_sweep_codecarbon,48,1,1,True,DATA_REUPLOAD_1Q,PennyLane,0.42.3,default.qubit,DATA_REUPLOAD,1,4,13,12,8,4,0,CNOT_LINEAR,12,0.38149499,0.594234,0.381495,0.675281,0.0311261101,4.6252622000045253e-07,0,8.662293333327398e-07,1.3287555533331924e-06,4.889922145111356e-07,0.36800765,3.2.8,1,1,2,64.2547,2.39176,6.64378e-07,153.68190802,Cortex-A53,4,4,24.9,1200.0,2,48.1,225.957,0.88,Debian GNU/Linux 13 (trixie) aarch64,Linux,aarch64,3.10.20,0.7222222222222222,0.7250000000000001,0.7222222222222222,0.7213622291021671,0.725,0.7222222222222222,0.7213622291021672
2026-07-06 02:15:26,c9160e6539125e06c66b22677b30e1ed0aad8c344173a6c30f97b14607f84244,c9160e65,ubuntu,quantum_circuit_qubit_sweep_codecarbon,49,-1,-1,True,DATA_REUPLOAD_1Q,PennyLane,0.42.3,default.qubit,DATA_REUPLOAD,1,4,13,12,8,4,0,CNOT_LINEAR,12,-0.0333955,0.508348,0.033396,0.693008,0.0311246,4.624491365005573e-07,0,8.660927017141755e-07,1.3285418382147326e-06,4.889135657116721e-07,0.36800765,3.2.8,1,1,2,64.2579,2.39137531,6.64271e-07,153.66464537,Cortex-A53,4,4,25.8,1200.0,1,48.2,225.957,0.88,Debian GNU/Linux 13 (trixie) aarch64,Linux,aarch64,3.10.20,0.7222222222222222,0.7250000000000001,0.7222222222222222,0.7213622291021671,0.725,0.7222222222222222,0.7213622291021672
2026-07-06 02:15:32,c9160e6539125e06c66b22677b30e1ed0aad8c344173a6c30f97b14607f84244,c9160e65,ubuntu,quantum_circuit_qubit_sweep_codecarbon,50,-1,-1,True,DATA_REUPLOAD_1Q,PennyLane,0.42.3,default.qubit,DATA_REUPLOAD,1,4,13,12,8,4,0,CNOT_LINEAR,12,-0.18917972,0.547154,0.18918,0.688693,0.058075371,4.754333618200488e-07,0,8.897765824804083e-07,1.3652099443004571e-06,5.024077094251709e-07,0.36800765,3.2.8,1,1,2,34.438,2.4573779,6.82605e-07,84.62719597,Cortex-A53,4,4,25.7,1200.0,1,48.2,225.9609,0.88,Debian GNU/Linux 13 (trixie) aarch64,Linux,aarch64,3.10.20,0.7222222222222222,0.7250000000000001,0.7222222222222222,0.7213622291021671,0.725,0.7222222222222222,0.7213622291021672
2026-07-06 02:15:37,c9160e6539125e06c66b22677b30e1ed0aad8c344173a6c30f97b14607f84244,c9160e65,ubuntu,quantum_circuit_qubit_sweep_codecarbon,51,1,-1,False,DATA_REUPLOAD_1Q,PennyLane,0.42.3,default.qubit,DATA_REUPLOAD,1,4,13,12,8,4,0,CNOT_LINEAR,12,-0.4580204,0.612544,0.45802,0.667596,0.050361668,4.717887525249895e-07,0,8.832673340414962e-07,1.3550560865664856e-06,4.986710120569374e-07,0.36800765,3.2.8,1,1,2,39.7127,2.43910096,6.77528e-07,96.86339047,Cortex-A53,4,4,24.9,1200.0,1,48.1,225.9609,0.88,Debian GNU/Linux 13 (trixie) aarch64,Linux,aarch64,3.10.20,0.7222222222222222,0.7250000000000001,0.7222222222222222,0.7213622291021671,0.725,0.7222222222222222,0.7213622291021672
2026-07-06 02:15:43,c9160e6539125e06c66b22677b30e1ed0aad8c344173a6c30f97b14607f84244,c9160e65,ubuntu,quantum_circuit_qubit_sweep_codecarbon,52,1,1,True,DATA_REUPLOAD_1Q,PennyLane,0.42.3,default.qubit,DATA_REUPLOAD,1,4,13,12,8,4,0,CNOT_LINEAR,12,0.82811738,0.695957,0.828117,0.614251,0.0320142291,4.628471195076903e-07,0,8.66810620840018e-07,1.3296577403477085e-06,4.893242262382171e-07,0.36800765,3.2.8,1,1,2,62.4722,2.39338393,6.64829e-07,149.52001031,Cortex-A53,4,4,25.7,1200.0,2,48.2,225.9609,0.88,Debian GNU/Linux 13 (trixie) aarch64,Linux,aarch64,3.10.20,0.7222222222222222,0.7250000000000001,0.7222222222222222,0.7213622291021671,0.725,0.7222222222222222,0.7213622291021672
2026-07-06 02:15:48,c9160e6539125e06c66b22677b30e1ed0aad8c344173a6c30f97b14607f84244,c9160e65,ubuntu,quantum_circuit_qubit_sweep_codecarbon,53,1,-1,False,DATA_REUPLOAD_1Q,PennyLane,0.42.3,default.qubit,DATA_REUPLOAD,1,4,13,12,8,4,0,CNOT_LINEAR,12,-0.32935568,0.581603,0.329356,0.679769,0.031043506,4.6243419274796906e-07,0,8.660661367078623e-07,1.3285003294558313e-06,4.8889829017067e-07,0.36800765,3.2.8,1,1,2,64.4257,2.39130059,6.6425e-07,154.06124511,Cortex-A53,4,4,25.6,1200.0,3,48.1,225.9609,0.88,Debian GNU/Linux 13 (trixie) aarch64,Linux,aarch64,3.10.20,0.7222222222222222,0.7250000000000001,0.7222222222222222,0.7213622291021671,0.725,0.7222222222222222,0.7213622291021672
2026-07-06 02:15:53,c9160e6539125e06c66b22677b30e1ed0aad8c344173a6c30f97b14607f84244,c9160e65,ubuntu,quantum_circuit_qubit_sweep_codecarbon,54,-1,-1,True,DATA_REUPLOAD_1Q,PennyLane,0.42.3,default.qubit,DATA_REUPLOAD,1,4,13,12,8,4,0,CNOT_LINEAR,12,-0.48355291,0.618586,0.483553,0.664752,0.031164964,4.624410333732765e-07,0,8.660707799329733e-07,1.3285118133062497e-06,4.889025163155265e-07,0.36800765,3.2.8,1,1,2,64.1746,2.39132126,6.64256e-07,153.46215493,Cortex-A53,4,4,26.0,1200.0,2,47.9,225.9609,0.88,Debian GNU/Linux 13 (trixie) aarch64,Linux,aarch64,3.10.20,0.7222222222222222,0.7250000000000001,0.7222222222222222,0.7213622291021671,0.725,0.7222222222222222,0.7213622291021672
2026-07-06 02:15:59,c9160e6539125e06c66b22677b30e1ed0aad8c344173a6c30f97b14607f84244,c9160e65,ubuntu,quantum_circuit_qubit_sweep_codecarbon,55,-1,1,False,DATA_REUPLOAD_1Q,PennyLane,0.42.3,default.qubit,DATA_REUPLOAD,1,4,13,12,8,4,0,CNOT_LINEAR,12,0.20015817,0.549873,0.200158,0.688164,0.0310402249,4.623893544826121e-07,0,8.659785933559761e-07,1.3283679478385882e-06,4.888495727222168e-07,0.36800765,3.2.8,1,1,2,64.4325,2.39106231,6.64184e-07,154.06217644,Cortex-A53,4,4,25.5,1200.0,2,47.7,225.9648,0.88,Debian GNU/Linux 13 (trixie) aarch64,Linux,aarch64,3.10.20,0.7222222222222222,0.7250000000000001,0.7222222222222222,0.7213622291021671,0.725,0.7222222222222222,0.7213622291021672
2026-07-06 02:16:04,c9160e6539125e06c66b22677b30e1ed0aad8c344173a6c30f97b14607f84244,c9160e65,ubuntu,quantum_circuit_qubit_sweep_codecarbon,56,1,1,True,DATA_REUPLOAD_1Q,PennyLane,0.42.3,default.qubit,DATA_REUPLOAD,1,4,13,12,8,4,0,CNOT_LINEAR,12,0.04197992,0.510493,0.04198,0.692927,0.0310452771,4.623926872759349e-07,0,8.659934791891525e-07,1.3283861664650874e-06,4.888562773162221e-07,0.36800765,3.2.8,1,1,2,64.422,2.3910951,6.64193e-07,154.03921756,Cortex-A53,4,4,25.5,1200.0,2,47.9,225.9648,0.88,Debian GNU/Linux 13 (trixie) aarch64,Linux,aarch64,3.10.20,0.7222222222222222,0.7250000000000001,0.7222222222222222,0.7213622291021671,0.725,0.7222222222222222,0.7213622291021672
2026-07-06 02:16:09,c9160e6539125e06c66b22677b30e1ed0aad8c344173a6c30f97b14607f84244,c9160e65,ubuntu,quantum_circuit_qubit_sweep_codecarbon,57,1,1,True,DATA_REUPLOAD_1Q,PennyLane,0.42.3,default.qubit,DATA_REUPLOAD,1,4,13,12,8,4,0,CNOT_LINEAR,12,0.4789153,0.617492,0.478915,0.665279,0.030863143,4.622805351122426e-07,0,8.657306766447921e-07,1.3280112117570348e-06,4.88718291113589e-07,0.36800765,3.2.8,1,1,2,64.8022,2.39042018,6.64006e-07,154.90452014,Cortex-A53,4,4,26.2,1200.0,1,48.2,225.9648,0.88,Debian GNU/Linux 13 (trixie) aarch64,Linux,aarch64,3.10.20,0.7222222222222222,0.7250000000000001,0.7222222222222222,0.7213622291021671,0.725,0.7222222222222222,0.7213622291021672
2026-07-06 02:16:15,c9160e6539125e06c66b22677b30e1ed0aad8c344173a6c30f97b14607f84244,c9160e65,ubuntu,quantum_circuit_qubit_sweep_codecarbon,58,-1,-1,True,DATA_REUPLOAD_1Q,PennyLane,0.42.3,default.qubit,DATA_REUPLOAD,1,4,13,12,8,4,0,CNOT_LINEAR,12,-0.43075141,0.606053,0.430751,0.670481,0.030984808,4.623773396835209e-07,0,8.658984699286521e-07,1.328275809612173e-06,4.888156651496293e-07,0.36800765,3.2.8,1,1,2,64.5478,2.39089646,6.64138e-07,154.32701457,Cortex-A53,4,4,25.6,1200.0,1,48.1,225.9688,0.88,Debian GNU/Linux 13 (trixie) aarch64,Linux,aarch64,3.10.20,0.7222222222222222,0.7250000000000001,0.7222222222222222,0.7213622291021671,0.725,0.7222222222222222,0.7213622291021672
2026-07-06 02:16:20,c9160e6539125e06c66b22677b30e1ed0aad8c344173a6c30f97b14607f84244,c9160e65,ubuntu,quantum_circuit_qubit_sweep_codecarbon,59,1,1,True,DATA_REUPLOAD_1Q,PennyLane,0.42.3,default.qubit,DATA_REUPLOAD,1,4,13,12,8,4,0,CNOT_LINEAR,12,0.15080747,0.537631,0.150807,0.690312,0.031310484,4.6253430610511684e-07,0,8.662607499475902e-07,1.3287950560527068e-06,4.890067518142883e-07,0.36800765,3.2.8,1,1,2,63.8764,2.3918311,6.64398e-07,152.7814835,Cortex-A53,4,4,25.6,1200.0,1,48.1,225.9688,0.88,Debian GNU/Linux 13 (trixie) aarch64,Linux,aarch64,3.10.20,0.7222222222222222,0.7250000000000001,0.7222222222222222,0.7213622291021671,0.725,0.7222222222222222,0.7213622291021672
2026-07-06 02:16:26,c9160e6539125e06c66b22677b30e1ed0aad8c344173a6c30f97b14607f84244,c9160e65,ubuntu,quantum_circuit_qubit_sweep_codecarbon,60,-1,1,False,DATA_REUPLOAD_1Q,PennyLane,0.42.3,default.qubit,DATA_REUPLOAD,1,4,13,12,8,4,0,CNOT_LINEAR,12,0.16594744,0.541392,0.165947,0.689717,0.0586015652,4.756554894094986e-07,0,8.902030492511889e-07,1.3658585386606877e-06,5.026463971143646e-07,0.36800765,3.2.8,1,1,2,34.1288,2.45854537,6.82929e-07,83.90715714,Cortex-A53,4,4,51.0,1200.0,4,49.5,225.9727,0.88,Debian GNU/Linux 13 (trixie) aarch64,Linux,aarch64,3.10.20,0.7222222222222222,0.7250000000000001,0.7222222222222222,0.7213622291021671,0.725,0.7222222222222222,0.7213622291021672
2026-07-06 02:16:32,c9160e6539125e06c66b22677b30e1ed0aad8c344173a6c30f97b14607f84244,c9160e65,ubuntu,quantum_circuit_qubit_sweep_codecarbon,61,-1,-1,True,DATA_REUPLOAD_1Q,PennyLane,0.42.3,default.qubit,DATA_REUPLOAD,1,4,13,12,8,4,0,CNOT_LINEAR,12,-0.40950026,0.600968,0.4095,0.672617,0.0600658269,4.7641261159959764e-07,0,8.915471384534613e-07,1.367959750053059e-06,5.034196589903616e-07,0.36800765,3.2.8,1,1,2,33.2968,2.46232755,6.8398e-07,81.98763518,Cortex-A53,4,4,25.4,1200.0,3,49.5,225.9727,0.88,Debian GNU/Linux 13 (trixie) aarch64,Linux,aarch64,3.10.20,0.7222222222222222,0.7250000000000001,0.7222222222222222,0.7213622291021671,0.725,0.7222222222222222,0.7213622291021672
2026-07-06 02:16:37,c9160e6539125e06c66b22677b30e1ed0aad8c344173a6c30f97b14607f84244,c9160e65,ubuntu,quantum_circuit_qubit_sweep_codecarbon,62,-1,-1,True,DATA_REUPLOAD_1Q,PennyLane,0.42.3,default.qubit,DATA_REUPLOAD,1,4,13,12,8,4,0,CNOT_LINEAR,12,-0.48180292,0.618174,0.481803,0.664951,0.052559206,4.729890904243853e-07,0,8.853078099976604e-07,1.3582969004220456e-06,4.998636563624105e-07,0.36800765,3.2.8,1,1,2,38.0523,2.44493442,6.79148e-07,93.03543967,Cortex-A53,4,4,25.7,1200.0,1,49.1,225.9727,0.88,Debian GNU/Linux 13 (trixie) aarch64,Linux,aarch64,3.10.20,0.7222222222222222,0.7250000000000001,0.7222222222222222,0.7213622291021671,0.725,0.7222222222222222,0.7213622291021672
2026-07-06 02:16:42,c9160e6539125e06c66b22677b30e1ed0aad8c344173a6c30f97b14607f84244,c9160e65,ubuntu,quantum_circuit_qubit_sweep_codecarbon,63,-1,-1,True,DATA_REUPLOAD_1Q,PennyLane,0.42.3,default.qubit,DATA_REUPLOAD,1,4,13,12,8,4,0,CNOT_LINEAR,12,-0.08698132,0.521732,0.086981,0.692202,0.0311114751,4.6238798636821083e-07,0,8.658877032576129e-07,1.3282756896258238e-06,4.888156209937343e-07,0.36800765,3.2.8,1,1,2,64.285,2.39089624,6.64138e-07,153.69867453,Cortex-A53,4,4,25.2,1200.0,1,49.2,225.9766,0.88,Debian GNU/Linux 13 (trixie) aarch64,Linux,aarch64,3.10.20,0.7222222222222222,0.7250000000000001,0.7222222222222222,0.7213622291021671,0.725,0.7222222222222222,0.7213622291021672
2026-07-06 02:16:48,c9160e6539125e06c66b22677b30e1ed0aad8c344173a6c30f97b14607f84244,c9160e65,ubuntu,quantum_circuit_qubit_sweep_codecarbon,64,1,1,True,DATA_REUPLOAD_1Q,PennyLane,0.42.3,default.qubit,DATA_REUPLOAD,1,4,13,12,8,4,0,CNOT_LINEAR,12,0.26809895,0.566626,0.268099,0.684243,0.0309302781,4.623950582204594e-07,0,8.659158274531365e-07,1.3283108856735958e-06,4.888285734087206e-07,0.36800765,3.2.8,1,1,2,64.6616,2.39095959,6.64155e-07,154.60317457,Cortex-A53,4,4,26.2,1200.0,2,49.2,225.9766,0.88,Debian GNU/Linux 13 (trixie) aarch64,Linux,aarch64,3.10.20,0.7222222222222222,0.7250000000000001,0.7222222222222222,0.7213622291021671,0.725,0.7222222222222222,0.7213622291021672
2026-07-06 02:16:53,c9160e6539125e06c66b22677b30e1ed0aad8c344173a6c30f97b14607f84244,c9160e65,ubuntu,quantum_circuit_qubit_sweep_codecarbon,65,-1,-1,True,DATA_REUPLOAD_1Q,PennyLane,0.42.3,default.qubit,DATA_REUPLOAD,1,4,13,12,8,4,0,CNOT_LINEAR,12,-0.23189058,0.557714,0.231891,0.68647,0.0311007451,4.6240633074194194e-07,0,8.660189943232884e-07,1.3284253250652304e-06,4.888706879808119e-07,0.36800765,3.2.8,1,1,2,64.3071,2.39116559,6.64213e-07,153.76902251,Cortex-A53,4,4,25.1,1200.0,1,49.4,225.9766,0.88,Debian GNU/Linux 13 (trixie) aarch64,Linux,aarch64,3.10.20,0.7222222222222222,0.7250000000000001,0.7222222222222222,0.7213622291021671,0.725,0.7222222222222222,0.7213622291021672
2026-07-06 02:16:58,c9160e6539125e06c66b22677b30e1ed0aad8c344173a6c30f97b14607f84244,c9160e65,ubuntu,quantum_circuit_qubit_sweep_codecarbon,66,-1,-1,True,DATA_REUPLOAD_1Q,PennyLane,0.42.3,default.qubit,DATA_REUPLOAD,1,4,13,12,8,4,0,CNOT_LINEAR,12,-0.31512413,0.578136,0.315124,0.680887,0.031328348,4.6256776129044746e-07,0,8.663212492441138e-07,1.3288890105345613e-06,4.8904132778278e-07,0.36800765,3.2.8,1,1,2,63.8399,2.39200022,6.64445e-07,152.70516152,Cortex-A53,4,4,25.7,1200.0,2,48.1,225.9805,0.88,Debian GNU/Linux 13 (trixie) aarch64,Linux,aarch64,3.10.20,0.7222222222222222,0.7250000000000001,0.7222222222222222,0.7213622291021671,0.725,0.7222222222222222,0.7213622291021672
2026-07-06 02:17:04,c9160e6539125e06c66b22677b30e1ed0aad8c344173a6c30f97b14607f84244,c9160e65,ubuntu,quantum_circuit_qubit_sweep_codecarbon,67,1,1,True,DATA_REUPLOAD_1Q,PennyLane,0.42.3,default.qubit,DATA_REUPLOAD,1,4,13,12,8,4,0,CNOT_LINEAR,12,0.19867189,0.549505,0.198672,0.688238,0.030882726,4.623738772546253e-07,0,8.659433866462981e-07,1.3283172639009232e-06,4.888309206451988e-07,0.36800765,3.2.8,1,1,2,64.7611,2.39097108,6.64159e-07,154.84197077,Cortex-A53,4,4,25.6,1200.0,1,47.7,225.9805,0.88,Debian GNU/Linux 13 (trixie) aarch64,Linux,aarch64,3.10.20,0.7222222222222222,0.7250000000000001,0.7222222222222222,0.7213622291021671,0.725,0.7222222222222222,0.7213622291021672
2026-07-06 02:17:09,c9160e6539125e06c66b22677b30e1ed0aad8c344173a6c30f97b14607f84244,c9160e65,ubuntu,quantum_circuit_qubit_sweep_codecarbon,68,-1,-1,True,DATA_REUPLOAD_1Q,PennyLane,0.42.3,default.qubit,DATA_REUPLOAD,1,4,13,12,8,4,0,CNOT_LINEAR,12,-0.41627635,0.602592,0.416276,0.671947,0.0308614238,4.623349525584575e-07,0,8.658898274491851e-07,1.3282247800076423e-06,4.887968858645588e-07,0.36800765,3.2.8,1,1,2,64.8058,2.3908046,6.64112e-07,154.93806237,Cortex-A53,4,4,25.6,1200.0,2,47.9,225.9805,0.88,Debian GNU/Linux 13 (trixie) aarch64,Linux,aarch64,3.10.20,0.7222222222222222,0.7250000000000001,0.7222222222222222,0.7213622291021671,0.725,0.7222222222222222,0.7213622291021672
2026-07-06 02:17:14,c9160e6539125e06c66b22677b30e1ed0aad8c344173a6c30f97b14607f84244,c9160e65,ubuntu,quantum_circuit_qubit_sweep_codecarbon,69,-1,-1,True,DATA_REUPLOAD_1Q,PennyLane,0.42.3,default.qubit,DATA_REUPLOAD,1,4,13,12,8,4,0,CNOT_LINEAR,12,-0.45421025,0.61164,0.45421,0.668009,0.0332957839,4.634637076200713e-07,0,8.679282692416261e-07,1.3313919768616972e-06,4.899624385499808e-07,0.36800765,3.2.8,1,1,2,60.0677,2.39650556,6.65696e-07,143.95249348,Cortex-A53,4,4,25.7,1200.0,1,47.7,225.9844,0.88,Debian GNU/Linux 13 (trixie) aarch64,Linux,aarch64,3.10.20,0.7222222222222222,0.7250000000000001,0.7222222222222222,0.7213622291021671,0.725,0.7222222222222222,0.7213622291021672
2026-07-06 02:17:20,c9160e6539125e06c66b22677b30e1ed0aad8c344173a6c30f97b14607f84244,c9160e65,ubuntu,quantum_circuit_qubit_sweep_codecarbon,70,-1,-1,True,DATA_REUPLOAD_1Q,PennyLane,0.42.3,default.qubit,DATA_REUPLOAD,1,4,13,12,8,4,0,CNOT_LINEAR,12,-0.13662436,0.534103,0.136624,0.690819,0.0605426461,4.76625458409042e-07,0,8.919549424899742e-07,1.3685804008990162e-06,5.036480632524107e-07,0.36800765,3.2.8,1,1,2,33.0346,2.46344472,6.8429e-07,81.37882568,Cortex-A53,4,4,25.7,1200.0,1,47.8,225.9844,0.88,Debian GNU/Linux 13 (trixie) aarch64,Linux,aarch64,3.10.20,0.7222222222222222,0.7250000000000001,0.7222222222222222,0.7213622291021671,0.725,0.7222222222222222,0.7213622291021672
2026-07-06 02:17:26,c9160e6539125e06c66b22677b30e1ed0aad8c344173a6c30f97b14607f84244,c9160e65,ubuntu,quantum_circuit_qubit_sweep_codecarbon,71,-1,-1,True,DATA_REUPLOAD_1Q,PennyLane,0.42.3,default.qubit,DATA_REUPLOAD,1,4,13,12,8,4,0,CNOT_LINEAR,12,-0.42690963,0.605135,0.42691,0.670874,0.0532168581,4.7267348805649414e-07,0,8.84907460034204e-07,1.357580948090698e-06,4.996001804242579e-07,0.36800765,3.2.8,1,1,2,37.5821,2.44364571,6.7879e-07,91.83727846,Cortex-A53,4,4,26.1,1200.0,1,47.9,225.9844,0.88,Debian GNU/Linux 13 (trixie) aarch64,Linux,aarch64,3.10.20,0.7222222222222222,0.7250000000000001,0.7222222222222222,0.7213622291021671,0.725,0.7222222222222222,0.7213622291021672
2026-07-06 02:17:37,c9160e6539125e06c66b22677b30e1ed0aad8c344173a6c30f97b14607f84244,c9160e65,ubuntu,quantum_circuit_qubit_sweep_codecarbon,0,-1,-1,True,DATA_REUPLOAD_2Q,PennyLane,0.42.3,default.qubit,DATA_REUPLOAD,2,4,25,16,16,8,4,CNOT_LINEAR,28,-0.24766774,0.561602,0.247668,0.685538,0.1103700981,4.983370555564761e-07,0,9.333339391741902e-07,1.4316709947306663e-06,5.268658847058539e-07,0.36800765,3.2.8,2,1,3,27.1813,1.71800519,4.77224e-07,46.69757178,Cortex-A53,4,4,25.7,1200.0,2,47.9,225.9883,0.88,Debian GNU/Linux 13 (trixie) aarch64,Linux,aarch64,3.10.20,0.6944444444444444,0.71875,0.6944444444444444,0.6857142857142856,0.71875,0.6944444444444444,0.6857142857142857
2026-07-06 02:17:42,c9160e6539125e06c66b22677b30e1ed0aad8c344173a6c30f97b14607f84244,c9160e65,ubuntu,quantum_circuit_qubit_sweep_codecarbon,1,1,1,True,DATA_REUPLOAD_2Q,PennyLane,0.42.3,default.qubit,DATA_REUPLOAD,2,4,25,16,16,8,4,CNOT_LINEAR,28,0.25386,0.563126,0.25386,0.685156,0.108070581,4.975472957875777e-07,0,9.313654608558864e-07,1.428912756643464e-06,5.258508319769855e-07,0.36800765,3.2.8,2,1,3,27.7596,1.71469531,4.76304e-07,47.59931775,Cortex-A53,4,4,25.5,1200.0,1,48.1,225.9883,0.88,Debian GNU/Linux 13 (trixie) aarch64,Linux,aarch64,3.10.20,0.6944444444444444,0.71875,0.6944444444444444,0.6857142857142856,0.71875,0.6944444444444444,0.6857142857142857
2026-07-06 02:17:47,c9160e6539125e06c66b22677b30e1ed0aad8c344173a6c30f97b14607f84244,c9160e65,ubuntu,quantum_circuit_qubit_sweep_codecarbon,2,1,1,True,DATA_REUPLOAD_2Q,PennyLane,0.42.3,default.qubit,DATA_REUPLOAD,2,4,25,16,16,8,4,CNOT_LINEAR,28,0.41734726,0.602848,0.417347,0.67184,0.1095486539,4.981594031678298e-07,0,9.325113768378894e-07,1.4306707800057192e-06,5.264977980309862e-07,0.36800765,3.2.8,2,1,3,27.3851,1.71680494,4.7689e-07,47.01486164,Cortex-A53,4,4,25.1,1200.0,1,47.9,225.9883,0.88,Debian GNU/Linux 13 (trixie) aarch64,Linux,aarch64,3.10.20,0.6944444444444444,0.71875,0.6944444444444444,0.6857142857142856,0.71875,0.6944444444444444,0.6857142857142857
2026-07-06 02:17:53,c9160e6539125e06c66b22677b30e1ed0aad8c344173a6c30f97b14607f84244,c9160e65,ubuntu,quantum_circuit_qubit_sweep_codecarbon,3,1,-1,False,DATA_REUPLOAD_2Q,PennyLane,0.42.3,default.qubit,DATA_REUPLOAD,2,4,25,16,16,8,4,CNOT_LINEAR,28,-0.25738374,0.563993,0.257384,0.684934,0.1086933929,4.977753817414244e-07,0,9.318552783224732e-07,1.4296306600638975e-06,5.261150259308564e-07,0.36800765,3.2.8,2,1,3,27.6006,1.71555679,4.76544e-07,47.35035163,Cortex-A53,4,4,24.9,1200.0,1,48.1,225.9961,0.88,Debian GNU/Linux 13 (trixie) aarch64,Linux,aarch64,3.10.20,0.6944444444444444,0.71875,0.6944444444444444,0.6857142857142856,0.71875,0.6944444444444444,0.6857142857142857
2026-07-06 02:17:58,c9160e6539125e06c66b22677b30e1ed0aad8c344173a6c30f97b14607f84244,c9160e65,ubuntu,quantum_circuit_qubit_sweep_codecarbon,4,-1,-1,True,DATA_REUPLOAD_2Q,PennyLane,0.42.3,default.qubit,DATA_REUPLOAD,2,4,25,16,16,8,4,CNOT_LINEAR,28,-0.20984956,0.552271,0.20985,0.687673,0.1077149562,4.973353008843131e-07,0,9.311333384054402e-07,1.4284686392897533e-06,5.256873933913487e-07,0.36800765,3.2.8,2,1,3,27.8513,1.71416237,4.76156e-07,47.74162553,Cortex-A53,4,4,23.0,1200.0,1,48.1,226.0078,0.88,Debian GNU/Linux 13 (trixie) aarch64,Linux,aarch64,3.10.20,0.6944444444444444,0.71875,0.6944444444444444,0.6857142857142856,0.71875,0.6944444444444444,0.6857142857142857
2026-07-06 02:18:04,c9160e6539125e06c66b22677b30e1ed0aad8c344173a6c30f97b14607f84244,c9160e65,ubuntu,quantum_circuit_qubit_sweep_codecarbon,5,1,1,True,DATA_REUPLOAD_2Q,PennyLane,0.42.3,default.qubit,DATA_REUPLOAD,2,4,25,16,16,8,4,CNOT_LINEAR,28,0.4323522,0.606435,0.432352,0.670316,0.09684499,4.922593786484666e-07,0,9.219019200342396e-07,1.4141612986827062e-06,5.204221825332227e-07,0.36800765,3.2.8,2,1,3,30.9773,1.69699356,4.71387e-07,52.56834322,Cortex-A53,4,4,23.8,1200.0,1,48.3,226.1016,0.88,Debian GNU/Linux 13 (trixie) aarch64,Linux,aarch64,3.10.20,0.6944444444444444,0.71875,0.6944444444444444,0.6857142857142856,0.71875,0.6944444444444444,0.6857142857142857
2026-07-06 02:18:09,c9160e6539125e06c66b22677b30e1ed0aad8c344173a6c30f97b14607f84244,c9160e65,ubuntu,quantum_circuit_qubit_sweep_codecarbon,6,1,-1,False,DATA_REUPLOAD_2Q,PennyLane,0.42.3,default.qubit,DATA_REUPLOAD,2,4,25,16,16,8,4,CNOT_LINEAR,28,-0.26597043,0.566103,0.26597,0.684382,0.0990749281,4.93383505265728e-07,0,9.237776273706308e-07,1.4171611326363587e-06,5.215261443902269e-07,0.36800765,3.2.8,2,1,3,30.2801,1.70059336,4.72387e-07,51.49415877,Cortex-A53,4,4,23.8,1200.0,1,48.3,226.1211,0.88,Debian GNU/Linux 13 (trixie) aarch64,Linux,aarch64,3.10.20,0.6944444444444444,0.71875,0.6944444444444444,0.6857142857142856,0.71875,0.6944444444444444,0.6857142857142857
2026-07-06 02:18:15,c9160e6539125e06c66b22677b30e1ed0aad8c344173a6c30f97b14607f84244,c9160e65,ubuntu,quantum_circuit_qubit_sweep_codecarbon,7,1,-1,False,DATA_REUPLOAD_2Q,PennyLane,0.42.3,default.qubit,DATA_REUPLOAD,2,4,25,16,16,8,4,CNOT_LINEAR,28,-0.22630991,0.556337,0.22631,0.686786,0.1031901201,4.952743677874172e-07,0,9.272562382587542e-07,1.4225306060461715e-06,5.235021517053697e-07,0.36800765,3.2.8,2,1,3,29.0726,1.70703673,4.74177e-07,49.62791184,Cortex-A53,4,4,23.6,1200.0,1,48.3,226.1328,0.88,Debian GNU/Linux 13 (trixie) aarch64,Linux,aarch64,3.10.20,0.6944444444444444,0.71875,0.6944444444444444,0.6857142857142856,0.71875,0.6944444444444444,0.6857142857142857
2026-07-06 02:18:20,c9160e6539125e06c66b22677b30e1ed0aad8c344173a6c30f97b14607f84244,c9160e65,ubuntu,quantum_circuit_qubit_sweep_codecarbon,8,1,-1,False,DATA_REUPLOAD_2Q,PennyLane,0.42.3,default.qubit,DATA_REUPLOAD,2,4,25,16,16,8,4,CNOT_LINEAR,28,-0.03013909,0.507534,0.030139,0.693034,0.1144703391,5.00202863168522e-07,0,9.368054017735024e-07,1.4370082649420244e-06,5.288300409974678e-07,0.36800765,3.2.8,2,1,3,26.2077,1.72440992,4.79003e-07,45.19275292,Cortex-A53,4,4,23.8,1200.0,1,48.1,226.1328,0.88,Debian GNU/Linux 13 (trixie) aarch64,Linux,aarch64,3.10.20,0.6944444444444444,0.71875,0.6944444444444444,0.6857142857142856,0.71875,0.6944444444444444,0.6857142857142857
2026-07-06 02:18:25,c9160e6539125e06c66b22677b30e1ed0aad8c344173a6c30f97b14607f84244,c9160e65,ubuntu,quantum_circuit_qubit_sweep_codecarbon,9,-1,-1,True,DATA_REUPLOAD_2Q,PennyLane,0.42.3,default.qubit,DATA_REUPLOAD,2,4,25,16,16,8,4,CNOT_LINEAR,28,-0.18123945,0.545186,0.181239,0.689058,0.101886733,4.947192974181639e-07,0,9.265225576624896e-07,1.4212418550806536e-06,5.230278814853874e-07,0.36800765,3.2.8,2,1,3,29.4445,1.70549023,4.73747e-07,50.21724153,Cortex-A53,4,4,23.6,1200.0,1,48.0,226.1328,0.88,Debian GNU/Linux 13 (trixie) aarch64,Linux,aarch64,3.10.20,0.6944444444444444,0.71875,0.6944444444444444,0.6857142857142856,0.71875,0.6944444444444444,0.6857142857142857
2026-07-06 02:18:31,c9160e6539125e06c66b22677b30e1ed0aad8c344173a6c30f97b14607f84244,c9160e65,ubuntu,quantum_circuit_qubit_sweep_codecarbon,10,1,1,True,DATA_REUPLOAD_2Q,PennyLane,0.42.3,default.qubit,DATA_REUPLOAD,2,4,25,16,16,8,4,CNOT_LINEAR,28,0.78213675,0.68614,0.782137,0.622154,0.1023268341,4.953701860869794e-07,0,9.273394998551036e-07,1.422709685942083e-06,5.235680544778221e-07,0.36800765,3.2.8,2,1,3,29.3178,1.70725162,4.74237e-07,50.05290073,Cortex-A53,4,4,24.3,1200.0,1,47.9,226.1328,0.88,Debian GNU/Linux 13 (trixie) aarch64,Linux,aarch64,3.10.20,0.6944444444444444,0.71875,0.6944444444444444,0.6857142857142856,0.71875,0.6944444444444444,0.6857142857142857
2026-07-06 02:18:37,c9160e6539125e06c66b22677b30e1ed0aad8c344173a6c30f97b14607f84244,c9160e65,ubuntu,quantum_circuit_qubit_sweep_codecarbon,11,1,-1,False,DATA_REUPLOAD_2Q,PennyLane,0.42.3,default.qubit,DATA_REUPLOAD,2,4,25,16,16,8,4,CNOT_LINEAR,28,-0.21266838,0.552968,0.212668,0.687526,0.107040199,4.969523888495234e-07,0,9.307230591851598e-07,1.4276754480346832e-06,5.253954929380451e-07,0.36800765,3.2.8,2,1,3,28.0269,1.71321054,4.75892e-07,48.01590114,Cortex-A53,4,4,24.1,1200.0,1,48.0,226.1328,0.88,Debian GNU/Linux 13 (trixie) aarch64,Linux,aarch64,3.10.20,0.6944444444444444,0.71875,0.6944444444444444,0.6857142857142856,0.71875,0.6944444444444444,0.6857142857142857
2026-07-06 02:18:42,c9160e6539125e06c66b22677b30e1ed0aad8c344173a6c30f97b14607f84244,c9160e65,ubuntu,quantum_circuit_qubit_sweep_codecarbon,12,-1,-1,True,DATA_REUPLOAD_2Q,PennyLane,0.42.3,default.qubit,DATA_REUPLOAD,2,4,25,16,16,8,4,CNOT_LINEAR,28,-0.46726585,0.614736,0.467266,0.666582,0.1063042621,4.965397748645176e-07,0,9.299863199703396e-07,1.426526094834857e-06,5.249725221628498e-07,0.36800765,3.2.8,2,1,3,28.2209,1.71183131,4.75509e-07,48.30938893,Cortex-A53,4,4,24.0,1200.0,2,48.0,226.1406,0.88,Debian GNU/Linux 13 (trixie) aarch64,Linux,aarch64,3.10.20,0.6944444444444444,0.71875,0.6944444444444444,0.6857142857142856,0.71875,0.6944444444444444,0.6857142857142857
2026-07-06 02:18:48,c9160e6539125e06c66b22677b30e1ed0aad8c344173a6c30f97b14607f84244,c9160e65,ubuntu,quantum_circuit_qubit_sweep_codecarbon,13,1,-1,False,DATA_REUPLOAD_2Q,PennyLane,0.42.3,default.qubit,DATA_REUPLOAD,2,4,25,16,16,8,4,CNOT_LINEAR,28,-0.06749067,0.516866,0.067491,0.692578,0.101612766,4.944773737548126e-07,0,9.261422582979626e-07,1.4206196320527753e-06,5.22798898648357e-07,0.36800765,3.2.8,2,1,3,29.5238,1.70474356,4.7354e-07,50.33059206,Cortex-A53,4,4,24.3,1200.0,2,47.9,226.1406,0.88,Debian GNU/Linux 13 (trixie) aarch64,Linux,aarch64,3.10.20,0.6944444444444444,0.71875,0.6944444444444444,0.6857142857142856,0.71875,0.6944444444444444,0.6857142857142857
2026-07-06 02:18:53,c9160e6539125e06c66b22677b30e1ed0aad8c344173a6c30f97b14607f84244,c9160e65,ubuntu,quantum_circuit_qubit_sweep_codecarbon,14,1,1,True,DATA_REUPLOAD_2Q,PennyLane,0.42.3,default.qubit,DATA_REUPLOAD,2,4,25,16,16,8,4,CNOT_LINEAR,28,0.46340218,0.613821,0.463402,0.667008,0.0931042,4.906079310716854e-07,0,9.189183032140136e-07,1.409526234285699e-06,5.187164433562849e-07,0.36800765,3.2.8,2,1,3,32.222,1.69143148,4.69842e-07,54.50124103,Cortex-A53,4,4,24.4,1200.0,2,48.3,226.1406,0.88,Debian GNU/Linux 13 (trixie) aarch64,Linux,aarch64,3.10.20,0.6944444444444444,0.71875,0.6944444444444444,0.6857142857142856,0.71875,0.6944444444444444,0.6857142857142857
2026-07-06 02:18:59,c9160e6539125e06c66b22677b30e1ed0aad8c344173a6c30f97b14607f84244,c9160e65,ubuntu,quantum_circuit_qubit_sweep_codecarbon,15,-1,1,False,DATA_REUPLOAD_2Q,PennyLane,0.42.3,default.qubit,DATA_REUPLOAD,2,4,25,16,16,8,4,CNOT_LINEAR,28,0.08378676,0.520934,0.083787,0.69227,0.0887212448,4.887466479785802e-07,0,9.153192065423356e-07,1.4040658545209158e-06,5.167069818066753e-07,0.36800765,3.2.8,2,1,3,33.8138,1.68487903,4.68022e-07,56.97211627,Cortex-A53,4,4,24.4,1200.0,3,48.0,226.1406,0.88,Debian GNU/Linux 13 (trixie) aarch64,Linux,aarch64,3.10.20,0.6944444444444444,0.71875,0.6944444444444444,0.6857142857142856,0.71875,0.6944444444444444,0.6857142857142857
2026-07-06 02:19:04,c9160e6539125e06c66b22677b30e1ed0aad8c344173a6c30f97b14607f84244,c9160e65,ubuntu,quantum_circuit_qubit_sweep_codecarbon,16,1,-1,False,DATA_REUPLOAD_2Q,PennyLane,0.42.3,default.qubit,DATA_REUPLOAD,2,4,25,16,16,8,4,CNOT_LINEAR,28,-0.38141935,0.594215,0.381419,0.675288,0.1008163039,4.942395387010442e-07,0,9.253869442424426e-07,1.4196264829434868e-06,5.22433412174135e-07,0.36800765,3.2.8,2,1,3,29.7571,1.70355178,4.73209e-07,50.69274654,Cortex-A53,4,4,24.6,1200.0,1,47.9,226.1406,0.88,Debian GNU/Linux 13 (trixie) aarch64,Linux,aarch64,3.10.20,0.6944444444444444,0.71875,0.6944444444444444,0.6857142857142856,0.71875,0.6944444444444444,0.6857142857142857
2026-07-06 02:19:09,c9160e6539125e06c66b22677b30e1ed0aad8c344173a6c30f97b14607f84244,c9160e65,ubuntu,quantum_circuit_qubit_sweep_codecarbon,17,1,-1,False,DATA_REUPLOAD_2Q,PennyLane,0.42.3,default.qubit,DATA_REUPLOAD,2,4,25,16,16,8,4,CNOT_LINEAR,28,-0.24639597,0.561289,0.246396,0.685616,0.100751145,4.942360787341992e-07,0,9.25377375097014e-07,1.4196134538312133e-06,5.224286173610877e-07,0.36800765,3.2.8,2,1,3,29.7763,1.70353614,4.73204e-07,50.72506552,Cortex-A53,4,4,25.0,1200.0,1,47.8,226.1406,0.88,Debian GNU/Linux 13 (trixie) aarch64,Linux,aarch64,3.10.20,0.6944444444444444,0.71875,0.6944444444444444,0.6857142857142856,0.71875,0.6944444444444444,0.6857142857142857
2026-07-06 02:19:15,c9160e6539125e06c66b22677b30e1ed0aad8c344173a6c30f97b14607f84244,c9160e65,ubuntu,quantum_circuit_qubit_sweep_codecarbon,18,-1,-1,True,DATA_REUPLOAD_2Q,PennyLane,0.42.3,default.qubit,DATA_REUPLOAD,2,4,25,16,16,8,4,CNOT_LINEAR,28,-0.27651215,0.568691,0.276512,0.68368,0.1081318969,4.975830925007662e-07,0,9.315678258038436e-07,1.4291509183046098e-06,5.259384772912822e-07,0.36800765,3.2.8,2,1,3,27.7439,1.7149811,4.76384e-07,47.5802557,Cortex-A53,4,4,24.9,1200.0,2,48.1,226.1484,0.88,Debian GNU/Linux 13 (trixie) aarch64,Linux,aarch64,3.10.20,0.6944444444444444,0.71875,0.6944444444444444,0.6857142857142856,0.71875,0.6944444444444444,0.6857142857142857
2026-07-06 02:19:20,c9160e6539125e06c66b22677b30e1ed0aad8c344173a6c30f97b14607f84244,c9160e65,ubuntu,quantum_circuit_qubit_sweep_codecarbon,19,1,1,True,DATA_REUPLOAD_2Q,PennyLane,0.42.3,default.qubit,DATA_REUPLOAD,2,4,25,16,16,8,4,CNOT_LINEAR,28,0.28388727,0.570499,0.283887,0.683174,0.105724351,4.962221357746812e-07,0,9.293774924784276e-07,1.425599628253109e-06,5.246315753691803e-07,0.36800765,3.2.8,2,1,3,28.3757,1.71071955,4.752e-07,48.54282493,Cortex-A53,4,4,23.6,1200.0,2,48.0,226.1602,0.88,Debian GNU/Linux 13 (trixie) aarch64,Linux,aarch64,3.10.20,0.6944444444444444,0.71875,0.6944444444444444,0.6857142857142856,0.71875,0.6944444444444444,0.6857142857142857
2026-07-06 02:19:26,c9160e6539125e06c66b22677b30e1ed0aad8c344173a6c30f97b14607f84244,c9160e65,ubuntu,quantum_circuit_qubit_sweep_codecarbon,20,-1,-1,True,DATA_REUPLOAD_2Q,PennyLane,0.42.3,default.qubit,DATA_REUPLOAD,2,4,25,16,16,8,4,CNOT_LINEAR,28,-0.28625152,0.571078,0.286252,0.683009,0.065675278,4.781461271146933e-07,0,8.955188266312083e-07,1.3736649537459016e-06,5.055192176194879e-07,0.36800765,3.2.8,2,1,3,45.6793,1.64839794,4.57888e-07,75.29764604,Cortex-A53,4,4,24.1,1200.0,3,48.0,226.1602,0.88,Debian GNU/Linux 13 (trixie) aarch64,Linux,aarch64,3.10.20,0.6944444444444444,0.71875,0.6944444444444444,0.6857142857142856,0.71875,0.6944444444444444,0.6857142857142857
2026-07-06 02:19:32,c9160e6539125e06c66b22677b30e1ed0aad8c344173a6c30f97b14607f84244,c9160e65,ubuntu,quantum_circuit_qubit_sweep_codecarbon,21,1,1,True,DATA_REUPLOAD_2Q,PennyLane,0.42.3,default.qubit,DATA_REUPLOAD,2,4,25,16,16,8,4,CNOT_LINEAR,28,0.5238459,0.628047,0.523846,0.659987,0.1049379429,4.96498501756125e-07,0,9.29527230716e-07,1.4260257324721249e-06,5.247883849833688e-07,0.36800765,3.2.8,2,1,3,28.5883,1.71123088,4.75342e-07,48.92122423,Cortex-A53,4,4,24.4,1200.0,2,47.9,226.1602,0.88,Debian GNU/Linux 13 (trixie) aarch64,Linux,aarch64,3.10.20,0.6944444444444444,0.71875,0.6944444444444444,0.6857142857142856,0.71875,0.6944444444444444,0.6857142857142857
2026-07-06 02:19:37,c9160e6539125e06c66b22677b30e1ed0aad8c344173a6c30f97b14607f84244,c9160e65,ubuntu,quantum_circuit_qubit_sweep_codecarbon,22,1,-1,False,DATA_REUPLOAD_2Q,PennyLane,0.42.3,default.qubit,DATA_REUPLOAD,2,4,25,16,16,8,4,CNOT_LINEAR,28,-0.32467155,0.580462,0.324672,0.680142,0.1092141231,4.98114588791912e-07,0,9.324795442322892e-07,1.4305941330242011e-06,5.264695913550975e-07,0.36800765,3.2.8,2,1,3,27.469,1.71671296,4.76865e-07,47.1563451,Cortex-A53,4,4,24.1,1200.0,1,48.0,226.1602,0.88,Debian GNU/Linux 13 (trixie) aarch64,Linux,aarch64,3.10.20,0.6944444444444444,0.71875,0.6944444444444444,0.6857142857142856,0.71875,0.6944444444444444,0.6857142857142857
2026-07-06 02:19:43,c9160e6539125e06c66b22677b30e1ed0aad8c344173a6c30f97b14607f84244,c9160e65,ubuntu,quantum_circuit_qubit_sweep_codecarbon,23,-1,-1,True,DATA_REUPLOAD_2Q,PennyLane,0.42.3,default.qubit,DATA_REUPLOAD,2,4,25,16,16,8,4,CNOT_LINEAR,28,-0.06167555,0.515414,0.061676,0.692672,0.112611712,4.993364559486509e-07,0,9.351999999489636e-07,1.4345364558976146e-06,5.27920396348802e-07,0.36800765,3.2.8,2,1,3,26.6402,1.72144375,4.78179e-07,45.8596282,Cortex-A53,4,4,24.3,1200.0,3,47.9,226.1875,0.88,Debian GNU/Linux 13 (trixie) aarch64,Linux,aarch64,3.10.20,0.6944444444444444,0.71875,0.6944444444444444,0.6857142857142856,0.71875,0.6944444444444444,0.6857142857142857
2026-07-06 02:19:48,c9160e6539125e06c66b22677b30e1ed0aad8c344173a6c30f97b14607f84244,c9160e65,ubuntu,quantum_circuit_qubit_sweep_codecarbon,24,1,-1,False,DATA_REUPLOAD_2Q,PennyLane,0.42.3,default.qubit,DATA_REUPLOAD,2,4,25,16,16,8,4,CNOT_LINEAR,28,-0.21146538,0.55267,0.211465,0.687589,0.0939274582,4.910422146968333e-07,0,9.196539450204e-07,1.4106961597172332e-06,5.191469848702177e-07,0.36800765,3.2.8,2,1,3,31.9395,1.69283539,4.70232e-07,54.06838718,Cortex-A53,4,4,24.6,1200.0,1,48.3,226.2031,0.88,Debian GNU/Linux 13 (trixie) aarch64,Linux,aarch64,3.10.20,0.6944444444444444,0.71875,0.6944444444444444,0.6857142857142856,0.71875,0.6944444444444444,0.6857142857142857
2026-07-06 02:19:53,c9160e6539125e06c66b22677b30e1ed0aad8c344173a6c30f97b14607f84244,c9160e65,ubuntu,quantum_circuit_qubit_sweep_codecarbon,25,1,-1,False,DATA_REUPLOAD_2Q,PennyLane,0.42.3,default.qubit,DATA_REUPLOAD,2,4,25,16,16,8,4,CNOT_LINEAR,28,-0.42768636,0.605321,0.427686,0.670795,0.098220356,4.930718978341409e-07,0,9.23233339174961e-07,1.416305237009102e-06,5.212111682479915e-07,0.36800765,3.2.8,2,1,3,30.5436,1.69956628,4.72102e-07,51.91081624,Cortex-A53,4,4,23.0,1200.0,1,48.3,226.207,0.88,Debian GNU/Linux 13 (trixie) aarch64,Linux,aarch64,3.10.20,0.6944444444444444,0.71875,0.6944444444444444,0.6857142857142856,0.71875,0.6944444444444444,0.6857142857142857
2026-07-06 02:19:59,c9160e6539125e06c66b22677b30e1ed0aad8c344173a6c30f97b14607f84244,c9160e65,ubuntu,quantum_circuit_qubit_sweep_codecarbon,26,1,-1,False,DATA_REUPLOAD_2Q,PennyLane,0.42.3,default.qubit,DATA_REUPLOAD,2,4,25,16,16,8,4,CNOT_LINEAR,28,-0.16341365,0.540763,0.163414,0.68982,0.1059236052,4.963961808631818e-07,0,9.296694933436812e-07,1.4260656742068628e-06,5.248030838474841e-07,0.36800765,3.2.8,2,1,3,28.3223,1.71127881,4.75355e-07,48.46734984,Cortex-A53,4,4,25.0,1200.0,1,48.4,226.207,0.88,Debian GNU/Linux 13 (trixie) aarch64,Linux,aarch64,3.10.20,0.6944444444444444,0.71875,0.6944444444444444,0.6857142857142856,0.71875,0.6944444444444444,0.6857142857142857
2026-07-06 02:20:04,c9160e6539125e06c66b22677b30e1ed0aad8c344173a6c30f97b14607f84244,c9160e65,ubuntu,quantum_circuit_qubit_sweep_codecarbon,27,-1,-1,True,DATA_REUPLOAD_2Q,PennyLane,0.42.3,default.qubit,DATA_REUPLOAD,2,4,25,16,16,8,4,CNOT_LINEAR,28,-0.04086097,0.510214,0.040861,0.692939,0.1013830998,4.945026838993774e-07,0,9.258689675092076e-07,1.4203716514085851e-06,5.227076398731412e-07,0.36800765,3.2.8,2,1,3,29.5907,1.70444598,4.73457e-07,50.43580198,Cortex-A53,4,4,24.4,1200.0,2,48.2,226.207,0.88,Debian GNU/Linux 13 (trixie) aarch64,Linux,aarch64,3.10.20,0.6944444444444444,0.71875,0.6944444444444444,0.6857142857142856,0.71875,0.6944444444444444,0.6857142857142857
2026-07-06 02:20:10,c9160e6539125e06c66b22677b30e1ed0aad8c344173a6c30f97b14607f84244,c9160e65,ubuntu,quantum_circuit_qubit_sweep_codecarbon,28,-1,-1,True,DATA_REUPLOAD_2Q,PennyLane,0.42.3,default.qubit,DATA_REUPLOAD,2,4,25,16,16,8,4,CNOT_LINEAR,28,-0.46786591,0.614879,0.467866,0.666516,0.108606091,4.978018959777223e-07,0,9.318608092144132e-07,1.4296627051921354e-06,5.261268187833354e-07,0.36800765,3.2.8,2,1,3,27.6228,1.71559525,4.76554e-07,47.38947596,Cortex-A53,4,4,24.6,1200.0,1,48.3,226.207,0.88,Debian GNU/Linux 13 (trixie) aarch64,Linux,aarch64,3.10.20,0.6944444444444444,0.71875,0.6944444444444444,0.6857142857142856,0.71875,0.6944444444444444,0.6857142857142857
2026-07-06 02:20:15,c9160e6539125e06c66b22677b30e1ed0aad8c344173a6c30f97b14607f84244,c9160e65,ubuntu,quantum_circuit_qubit_sweep_codecarbon,29,1,1,True,DATA_REUPLOAD_2Q,PennyLane,0.42.3,default.qubit,DATA_REUPLOAD,2,4,25,16,16,8,4,CNOT_LINEAR,28,0.47777641,0.617223,0.477776,0.665407,0.105235476,4.960004116098086e-07,0,9.290030325064435e-07,1.4250034441162522e-06,5.24412175043359e-07,0.36800765,3.2.8,2,1,3,28.5075,1.71000413,4.75001e-07,48.7479374,Cortex-A53,4,4,24.3,1200.0,1,48.2,226.207,0.88,Debian GNU/Linux 13 (trixie) aarch64,Linux,aarch64,3.10.20,0.6944444444444444,0.71875,0.6944444444444444,0.6857142857142856,0.71875,0.6944444444444444,0.6857142857142857
2026-07-06 02:20:21,c9160e6539125e06c66b22677b30e1ed0aad8c344173a6c30f97b14607f84244,c9160e65,ubuntu,quantum_circuit_qubit_sweep_codecarbon,30,-1,-1,True,DATA_REUPLOAD_2Q,PennyLane,0.42.3,default.qubit,DATA_REUPLOAD,2,4,25,16,16,8,4,CNOT_LINEAR,28,-0.38747359,0.595674,0.387474,0.674727,0.1088622832,4.983411092932026e-07,0,9.328502624218042e-07,1.4311913717150069e-06,5.26689379764844e-07,0.36800765,3.2.8,2,1,3,27.5578,1.71742965,4.77064e-07,47.32850339,Cortex-A53,4,4,24.4,1200.0,2,48.2,226.207,0.88,Debian GNU/Linux 13 (trixie) aarch64,Linux,aarch64,3.10.20,0.6944444444444444,0.71875,0.6944444444444444,0.6857142857142856,0.71875,0.6944444444444444,0.6857142857142857
2026-07-06 02:20:27,c9160e6539125e06c66b22677b30e1ed0aad8c344173a6c30f97b14607f84244,c9160e65,ubuntu,quantum_circuit_qubit_sweep_codecarbon,31,-1,-1,True,DATA_REUPLOAD_2Q,PennyLane,0.42.3,default.qubit,DATA_REUPLOAD,2,4,25,16,16,8,4,CNOT_LINEAR,28,-0.38844803,0.595909,0.388448,0.674636,0.103850269,4.954114595559511e-07,0,9.278936232052124e-07,1.4233050827611633e-06,5.23787165064675e-07,0.36800765,3.2.8,2,1,3,28.8877,1.7079661,4.74435e-07,49.33928768,Cortex-A53,4,4,24.5,1200.0,1,48.3,226.207,0.88,Debian GNU/Linux 13 (trixie) aarch64,Linux,aarch64,3.10.20,0.6944444444444444,0.71875,0.6944444444444444,0.6857142857142856,0.71875,0.6944444444444444,0.6857142857142857
2026-07-06 02:20:32,c9160e6539125e06c66b22677b30e1ed0aad8c344173a6c30f97b14607f84244,c9160e65,ubuntu,quantum_circuit_qubit_sweep_codecarbon,32,-1,-1,True,DATA_REUPLOAD_2Q,PennyLane,0.42.3,default.qubit,DATA_REUPLOAD,2,4,25,16,16,8,4,CNOT_LINEAR,28,-0.34914538,0.58641,0.349145,0.678138,0.0888465249,4.887126319938236e-07,0,9.15279245042863e-07,1.4039918770366866e-06,5.166797575262225e-07,0.36800765,3.2.8,2,1,3,33.7661,1.68479025,4.67997e-07,56.88878389,Cortex-A53,4,4,23.1,1200.0,1,48.3,226.207,0.88,Debian GNU/Linux 13 (trixie) aarch64,Linux,aarch64,3.10.20,0.6944444444444444,0.71875,0.6944444444444444,0.6857142857142856,0.71875,0.6944444444444444,0.6857142857142857
2026-07-06 02:20:38,c9160e6539125e06c66b22677b30e1ed0aad8c344173a6c30f97b14607f84244,c9160e65,ubuntu,quantum_circuit_qubit_sweep_codecarbon,33,-1,1,False,DATA_REUPLOAD_2Q,PennyLane,0.42.3,default.qubit,DATA_REUPLOAD,2,4,25,16,16,8,4,CNOT_LINEAR,28,0.10442053,0.526081,0.104421,0.691786,0.1000442381,4.939726480386324e-07,0,9.247889117492984e-07,1.4187615597879309e-06,5.221151138323848e-07,0.36800765,3.2.8,2,1,3,29.9867,1.70251387,4.72921e-07,51.05283133,Cortex-A53,4,4,24.0,1200.0,2,48.1,226.207,0.88,Debian GNU/Linux 13 (trixie) aarch64,Linux,aarch64,3.10.20,0.6944444444444444,0.71875,0.6944444444444444,0.6857142857142856,0.71875,0.6944444444444444,0.6857142857142857
2026-07-06 02:20:43,c9160e6539125e06c66b22677b30e1ed0aad8c344173a6c30f97b14607f84244,c9160e65,ubuntu,quantum_circuit_qubit_sweep_codecarbon,34,1,1,True,DATA_REUPLOAD_2Q,PennyLane,0.42.3,default.qubit,DATA_REUPLOAD,2,4,25,16,16,8,4,CNOT_LINEAR,28,0.33894059,0.583933,0.338941,0.678991,0.113852828,4.998766661932071e-07,0,9.362397166357066e-07,1.4361163828289137e-06,5.285018215529817e-07,0.36800765,3.2.8,2,1,3,26.3498,1.72333966,4.78705e-07,45.40966673,Cortex-A53,4,4,24.0,1200.0,1,48.0,226.207,0.88,Debian GNU/Linux 13 (trixie) aarch64,Linux,aarch64,3.10.20,0.6944444444444444,0.71875,0.6944444444444444,0.6857142857142856,0.71875,0.6944444444444444,0.6857142857142857
2026-07-06 02:20:48,c9160e6539125e06c66b22677b30e1ed0aad8c344173a6c30f97b14607f84244,c9160e65,ubuntu,quantum_circuit_qubit_sweep_codecarbon,35,-1,-1,True,DATA_REUPLOAD_2Q,PennyLane,0.42.3,default.qubit,DATA_REUPLOAD,2,4,25,16,16,8,4,CNOT_LINEAR,28,-0.12726287,0.531773,0.127263,0.691127,0.0930267109,4.905119216132754e-07,0,9.186777466675268e-07,1.4091896682808022e-06,5.185925844902573e-07,0.36800765,3.2.8,2,1,3,32.2488,1.6910276,4.6973e-07,54.53361466,Cortex-A53,4,4,23.7,1200.0,1,51.2,226.207,0.88,Debian GNU/Linux 13 (trixie) aarch64,Linux,aarch64,3.10.20,0.6944444444444444,0.71875,0.6944444444444444,0.6857142857142856,0.71875,0.6944444444444444,0.6857142857142857
2026-07-06 02:20:54,c9160e6539125e06c66b22677b30e1ed0aad8c344173a6c30f97b14607f84244,c9160e65,ubuntu,quantum_circuit_qubit_sweep_codecarbon,36,1,1,True,DATA_REUPLOAD_2Q,PennyLane,0.42.3,default.qubit,DATA_REUPLOAD,2,4,25,16,16,8,4,CNOT_LINEAR,28,0.1359409,0.533933,0.135941,0.690843,0.108747375,4.978938773274421e-07,0,9.32073595856006e-07,1.4299674731834482e-06,5.26238975736968e-07,0.36800765,3.2.8,2,1,3,27.5869,1.71596097,4.76656e-07,47.33799694,Cortex-A53,4,4,24.3,1200.0,1,51.2,226.2188,0.88,Debian GNU/Linux 13 (trixie) aarch64,Linux,aarch64,3.10.20,0.6944444444444444,0.71875,0.6944444444444444,0.6857142857142856,0.71875,0.6944444444444444,0.6857142857142857
2026-07-06 02:20:59,c9160e6539125e06c66b22677b30e1ed0aad8c344173a6c30f97b14607f84244,c9160e65,ubuntu,quantum_circuit_qubit_sweep_codecarbon,37,-1,1,False,DATA_REUPLOAD_2Q,PennyLane,0.42.3,default.qubit,DATA_REUPLOAD,2,4,25,16,16,8,4,CNOT_LINEAR,28,0.04504895,0.51126,0.045049,0.692894,0.103346301,4.951514027391871e-07,0,9.274001167311024e-07,1.4225515194702894e-06,5.235098480055257e-07,0.36800765,3.2.8,2,1,3,29.0286,1.70706182,4.74184e-07,49.55364072,Cortex-A53,4,4,24.4,1200.0,1,51.4,226.2266,0.88,Debian GNU/Linux 13 (trixie) aarch64,Linux,aarch64,3.10.20,0.6944444444444444,0.71875,0.6944444444444444,0.6857142857142856,0.71875,0.6944444444444444,0.6857142857142857
2026-07-06 02:21:05,c9160e6539125e06c66b22677b30e1ed0aad8c344173a6c30f97b14607f84244,c9160e65,ubuntu,quantum_circuit_qubit_sweep_codecarbon,38,-1,-1,True,DATA_REUPLOAD_2Q,PennyLane,0.42.3,default.qubit,DATA_REUPLOAD,2,4,25,16,16,8,4,CNOT_LINEAR,28,-0.40823701,0.600665,0.408237,0.672741,0.0892898981,4.88957709194496e-07,0,9.157705025669808e-07,1.404728211761477e-06,5.16950734341178e-07,0.36800765,3.2.8,2,1,3,33.5984,1.68567385,4.68243e-07,56.63598764,Cortex-A53,4,4,24.0,1200.0,1,51.2,226.2266,0.88,Debian GNU/Linux 13 (trixie) aarch64,Linux,aarch64,3.10.20,0.6944444444444444,0.71875,0.6944444444444444,0.6857142857142856,0.71875,0.6944444444444444,0.6857142857142857
2026-07-06 02:21:10,c9160e6539125e06c66b22677b30e1ed0aad8c344173a6c30f97b14607f84244,c9160e65,ubuntu,quantum_circuit_qubit_sweep_codecarbon,39,-1,1,False,DATA_REUPLOAD_2Q,PennyLane,0.42.3,default.qubit,DATA_REUPLOAD,2,4,25,16,16,8,4,CNOT_LINEAR,28,0.17312445,0.543173,0.173124,0.689415,0.103415204,4.954115920182732e-07,0,9.275414891696224e-07,1.4229530811878958e-06,5.236576257913364e-07,0.36800765,3.2.8,2,1,3,29.0093,1.7075437,4.74318e-07,49.53460318,Cortex-A53,4,4,23.8,1200.0,1,51.2,226.2266,0.88,Debian GNU/Linux 13 (trixie) aarch64,Linux,aarch64,3.10.20,0.6944444444444444,0.71875,0.6944444444444444,0.6857142857142856,0.71875,0.6944444444444444,0.6857142857142857
2026-07-06 02:21:16,c9160e6539125e06c66b22677b30e1ed0aad8c344173a6c30f97b14607f84244,c9160e65,ubuntu,quantum_circuit_qubit_sweep_codecarbon,40,-1,-1,True,DATA_REUPLOAD_2Q,PennyLane,0.42.3,default.qubit,DATA_REUPLOAD,2,4,25,16,16,8,4,CNOT_LINEAR,28,-0.1948813,0.548567,0.194881,0.688422,0.0991431358,4.937669128800432e-07,0,9.247816724625104e-07,1.4185485853425537e-06,5.220367376062852e-07,0.36800765,3.2.8,2,1,3,30.2593,1.7022583,4.7285e-07,51.5091122,Cortex-A53,4,4,24.3,1200.0,1,52.2,226.2266,0.88,Debian GNU/Linux 13 (trixie) aarch64,Linux,aarch64,3.10.20,0.6944444444444444,0.71875,0.6944444444444444,0.6857142857142856,0.71875,0.6944444444444444,0.6857142857142857
2026-07-06 02:21:22,c9160e6539125e06c66b22677b30e1ed0aad8c344173a6c30f97b14607f84244,c9160e65,ubuntu,quantum_circuit_qubit_sweep_codecarbon,41,-1,-1,True,DATA_REUPLOAD_2Q,PennyLane,0.42.3,default.qubit,DATA_REUPLOAD,2,4,25,16,16,8,4,CNOT_LINEAR,28,-0.2273826,0.556602,0.227383,0.686726,0.1010029698,4.942537768640452e-07,0,9.254800900816918e-07,1.419733866945737e-06,5.224729303089279e-07,0.36800765,3.2.8,2,1,3,29.7021,1.70368064,4.73245e-07,50.60288754,Cortex-A53,4,4,24.0,1200.0,1,47.3,226.2266,0.88,Debian GNU/Linux 13 (trixie) aarch64,Linux,aarch64,3.10.20,0.6944444444444444,0.71875,0.6944444444444444,0.6857142857142856,0.71875,0.6944444444444444,0.6857142857142857
2026-07-06 02:21:27,c9160e6539125e06c66b22677b30e1ed0aad8c344173a6c30f97b14607f84244,c9160e65,ubuntu,quantum_circuit_qubit_sweep_codecarbon,42,-1,-1,True,DATA_REUPLOAD_2Q,PennyLane,0.42.3,default.qubit,DATA_REUPLOAD,2,4,25,16,16,8,4,CNOT_LINEAR,28,-0.10962868,0.52738,0.109629,0.691647,0.1093221519,4.981328083939503e-07,0,9.325372932168344e-07,1.4306701016107849e-06,5.264975483764576e-07,0.36800765,3.2.8,2,1,3,27.4418,1.71680412,4.7689e-07,47.11224832,Cortex-A53,4,4,24.0,1200.0,1,47.5,226.2266,0.88,Debian GNU/Linux 13 (trixie) aarch64,Linux,aarch64,3.10.20,0.6944444444444444,0.71875,0.6944444444444444,0.6857142857142856,0.71875,0.6944444444444444,0.6857142857142857
2026-07-06 02:21:33,c9160e6539125e06c66b22677b30e1ed0aad8c344173a6c30f97b14607f84244,c9160e65,ubuntu,quantum_circuit_qubit_sweep_codecarbon,43,1,1,True,DATA_REUPLOAD_2Q,PennyLane,0.42.3,default.qubit,DATA_REUPLOAD,2,4,25,16,16,8,4,CNOT_LINEAR,28,0.05321313,0.5133,0.053213,0.692793,0.094223724,4.908614355242915e-07,0,9.193395883388196e-07,1.4102010238631112e-06,5.189647710859113e-07,0.36800765,3.2.8,2,1,3,31.8391,1.69224123,4.70067e-07,53.87946338,Cortex-A53,4,4,24.1,1200.0,2,47.9,226.2266,0.88,Debian GNU/Linux 13 (trixie) aarch64,Linux,aarch64,3.10.20,0.6944444444444444,0.71875,0.6944444444444444,0.6857142857142856,0.71875,0.6944444444444444,0.6857142857142857
2026-07-06 02:21:38,c9160e6539125e06c66b22677b30e1ed0aad8c344173a6c30f97b14607f84244,c9160e65,ubuntu,quantum_circuit_qubit_sweep_codecarbon,44,1,1,True,DATA_REUPLOAD_2Q,PennyLane,0.42.3,default.qubit,DATA_REUPLOAD,2,4,25,16,16,8,4,CNOT_LINEAR,28,0.38355564,0.59473,0.383556,0.675091,0.0905877999,4.895369610295575e-07,0,9.168576392888404e-07,1.4063946003183977e-06,5.175639780854021e-07,0.36800765,3.2.8,2,1,3,33.117,1.68767352,4.68798e-07,55.89075534,Cortex-A53,4,4,23.8,1200.0,1,47.8,226.2266,0.88,Debian GNU/Linux 13 (trixie) aarch64,Linux,aarch64,3.10.20,0.6944444444444444,0.71875,0.6944444444444444,0.6857142857142856,0.71875,0.6944444444444444,0.6857142857142857
2026-07-06 02:21:43,c9160e6539125e06c66b22677b30e1ed0aad8c344173a6c30f97b14607f84244,c9160e65,ubuntu,quantum_circuit_qubit_sweep_codecarbon,45,1,1,True,DATA_REUPLOAD_2Q,PennyLane,0.42.3,default.qubit,DATA_REUPLOAD,2,4,25,16,16,8,4,CNOT_LINEAR,28,0.33564319,0.583132,0.335643,0.679261,0.1023166559,4.949612169423038e-07,0,9.266716884061076e-07,1.4216329053484112e-06,5.231717909771945e-07,0.36800765,3.2.8,2,1,3,29.3207,1.70595949,4.73878e-07,50.01999345,Cortex-A53,4,4,23.7,1200.0,1,47.7,226.2266,0.88,Debian GNU/Linux 13 (trixie) aarch64,Linux,aarch64,3.10.20,0.6944444444444444,0.71875,0.6944444444444444,0.6857142857142856,0.71875,0.6944444444444444,0.6857142857142857
2026-07-06 02:21:49,c9160e6539125e06c66b22677b30e1ed0aad8c344173a6c30f97b14607f84244,c9160e65,ubuntu,quantum_circuit_qubit_sweep_codecarbon,46,1,1,True,DATA_REUPLOAD_2Q,PennyLane,0.42.3,default.qubit,DATA_REUPLOAD,2,4,25,16,16,8,4,CNOT_LINEAR,28,0.68135065,0.66404,0.681351,0.638319,0.098761044,4.931988774977442e-07,0,9.23679975870376e-07,1.4168788533681203e-06,5.214222634588244e-07,0.36800765,3.2.8,2,1,3,30.3763,1.70025462,4.72293e-07,51.64752889,Cortex-A53,4,4,24.2,1200.0,1,47.7,226.2266,0.88,Debian GNU/Linux 13 (trixie) aarch64,Linux,aarch64,3.10.20,0.6944444444444444,0.71875,0.6944444444444444,0.6857142857142856,0.71875,0.6944444444444444,0.6857142857142857
2026-07-06 02:21:54,c9160e6539125e06c66b22677b30e1ed0aad8c344173a6c30f97b14607f84244,c9160e65,ubuntu,quantum_circuit_qubit_sweep_codecarbon,47,1,-1,False,DATA_REUPLOAD_2Q,PennyLane,0.42.3,default.qubit,DATA_REUPLOAD,2,4,25,16,16,8,4,CNOT_LINEAR,28,-0.17189341,0.542868,0.171893,0.689467,0.091453885,4.898922360527083e-07,0,9.175430500181392e-07,1.4074352860708477e-06,5.179469584081742e-07,0.36800765,3.2.8,2,1,3,32.8034,1.68892234,4.69145e-07,55.4024253,Cortex-A53,4,4,24.3,1200.0,1,47.6,226.2266,0.88,Debian GNU/Linux 13 (trixie) aarch64,Linux,aarch64,3.10.20,0.6944444444444444,0.71875,0.6944444444444444,0.6857142857142856,0.71875,0.6944444444444444,0.6857142857142857
2026-07-06 02:22:00,c9160e6539125e06c66b22677b30e1ed0aad8c344173a6c30f97b14607f84244,c9160e65,ubuntu,quantum_circuit_qubit_sweep_codecarbon,48,1,-1,False,DATA_REUPLOAD_2Q,PennyLane,0.42.3,default.qubit,DATA_REUPLOAD,2,4,25,16,16,8,4,CNOT_LINEAR,28,-0.04299034,0.510746,0.04299,0.692916,0.102088786,4.948785318613461e-07,0,9.265670424792916e-07,1.4214455743406377e-06,5.231028517324192e-07,0.36800765,3.2.8,2,1,3,29.3862,1.70573469,4.73815e-07,50.12503596,Cortex-A53,4,4,24.6,1200.0,1,47.5,226.2383,0.88,Debian GNU/Linux 13 (trixie) aarch64,Linux,aarch64,3.10.20,0.6944444444444444,0.71875,0.6944444444444444,0.6857142857142856,0.71875,0.6944444444444444,0.6857142857142857
2026-07-06 02:22:05,c9160e6539125e06c66b22677b30e1ed0aad8c344173a6c30f97b14607f84244,c9160e65,ubuntu,quantum_circuit_qubit_sweep_codecarbon,49,-1,-1,True,DATA_REUPLOAD_2Q,PennyLane,0.42.3,default.qubit,DATA_REUPLOAD,2,4,25,16,16,8,4,CNOT_LINEAR,28,-0.24615434,0.56123,0.246154,0.68563,0.1088880789,4.980101344464138e-07,0,9.322371849945436e-07,1.4302473194409574e-06,5.263419613017988e-07,0.36800765,3.2.8,2,1,3,27.5512,1.71629678,4.76749e-07,47.28607943,Cortex-A53,4,4,24.3,1200.0,2,47.5,226.25,0.88,Debian GNU/Linux 13 (trixie) aarch64,Linux,aarch64,3.10.20,0.6944444444444444,0.71875,0.6944444444444444,0.6857142857142856,0.71875,0.6944444444444444,0.6857142857142857
2026-07-06 02:22:11,c9160e6539125e06c66b22677b30e1ed0aad8c344173a6c30f97b14607f84244,c9160e65,ubuntu,quantum_circuit_qubit_sweep_codecarbon,50,-1,-1,True,DATA_REUPLOAD_2Q,PennyLane,0.42.3,default.qubit,DATA_REUPLOAD,2,4,25,16,16,8,4,CNOT_LINEAR,28,-0.29965071,0.574357,0.299651,0.682048,0.108093654,4.980136390982402e-07,0,9.321354758382464e-07,1.4301491149364866e-06,5.263058212924527e-07,0.36800765,3.2.8,2,1,3,27.7537,1.71617894,4.76716e-07,47.63033371,Cortex-A53,4,4,24.4,1200.0,2,47.9,226.25,0.88,Debian GNU/Linux 13 (trixie) aarch64,Linux,aarch64,3.10.20,0.6944444444444444,0.71875,0.6944444444444444,0.6857142857142856,0.71875,0.6944444444444444,0.6857142857142857
2026-07-06 02:22:17,c9160e6539125e06c66b22677b30e1ed0aad8c344173a6c30f97b14607f84244,c9160e65,ubuntu,quantum_circuit_qubit_sweep_codecarbon,51,1,-1,False,DATA_REUPLOAD_2Q,PennyLane,0.42.3,default.qubit,DATA_REUPLOAD,2,4,25,16,16,8,4,CNOT_LINEAR,28,-0.18920443,0.547161,0.189204,0.688692,0.0985337959,4.931143698179059e-07,0,9.235657933944216e-07,1.4166801632123275e-06,5.2134914396063e-07,0.36800765,3.2.8,2,1,3,30.4464,1.7000162,4.72227e-07,51.75938408,Cortex-A53,4,4,24.6,1200.0,2,47.8,226.25,0.88,Debian GNU/Linux 13 (trixie) aarch64,Linux,aarch64,3.10.20,0.6944444444444444,0.71875,0.6944444444444444,0.6857142857142856,0.71875,0.6944444444444444,0.6857142857142857
2026-07-06 02:22:22,c9160e6539125e06c66b22677b30e1ed0aad8c344173a6c30f97b14607f84244,c9160e65,ubuntu,quantum_circuit_qubit_sweep_codecarbon,52,1,1,True,DATA_REUPLOAD_2Q,PennyLane,0.42.3,default.qubit,DATA_REUPLOAD,2,4,25,16,16,8,4,CNOT_LINEAR,28,0.67274924,0.662118,0.672749,0.63962,0.0993723851,4.935663276248509e-07,0,9.241476334864276e-07,1.4177139611112782e-06,5.217295895005917e-07,0.36800765,3.2.8,2,1,3,30.1895,1.70125675,4.72571e-07,51.36004592,Cortex-A53,4,4,23.9,1200.0,4,48.0,226.25,0.88,Debian GNU/Linux 13 (trixie) aarch64,Linux,aarch64,3.10.20,0.6944444444444444,0.71875,0.6944444444444444,0.6857142857142856,0.71875,0.6944444444444444,0.6857142857142857
2026-07-06 02:22:28,c9160e6539125e06c66b22677b30e1ed0aad8c344173a6c30f97b14607f84244,c9160e65,ubuntu,quantum_circuit_qubit_sweep_codecarbon,53,1,-1,False,DATA_REUPLOAD_2Q,PennyLane,0.42.3,default.qubit,DATA_REUPLOAD,2,4,25,16,16,8,4,CNOT_LINEAR,28,-0.44356028,0.609107,0.44356,0.669146,0.1078737541,4.971221881530953e-07,0,9.311031449275712e-07,1.4282253330806666e-06,5.255978548440311e-07,0.36800765,3.2.8,2,1,3,27.8103,1.7138704,4.76075e-07,47.66322672,Cortex-A53,4,4,23.6,1200.0,2,48.0,226.25,0.88,Debian GNU/Linux 13 (trixie) aarch64,Linux,aarch64,3.10.20,0.6944444444444444,0.71875,0.6944444444444444,0.6857142857142856,0.71875,0.6944444444444444,0.6857142857142857
2026-07-06 02:22:33,c9160e6539125e06c66b22677b30e1ed0aad8c344173a6c30f97b14607f84244,c9160e65,ubuntu,quantum_circuit_qubit_sweep_codecarbon,54,-1,-1,True,DATA_REUPLOAD_2Q,PennyLane,0.42.3,default.qubit,DATA_REUPLOAD,2,4,25,16,16,8,4,CNOT_LINEAR,28,-0.44282816,0.608933,0.442828,0.669223,0.0955805751,4.916559708303382e-07,0,9.208108141319826e-07,1.4124667849623207e-06,5.197985885135611e-07,0.36800765,3.2.8,2,1,3,31.3871,1.69496014,4.70822e-07,53.19993548,Cortex-A53,4,4,23.9,1200.0,1,48.1,226.25,0.88,Debian GNU/Linux 13 (trixie) aarch64,Linux,aarch64,3.10.20,0.6944444444444444,0.71875,0.6944444444444444,0.6857142857142856,0.71875,0.6944444444444444,0.6857142857142857
2026-07-06 02:22:39,c9160e6539125e06c66b22677b30e1ed0aad8c344173a6c30f97b14607f84244,c9160e65,ubuntu,quantum_circuit_qubit_sweep_codecarbon,55,-1,1,False,DATA_REUPLOAD_2Q,PennyLane,0.42.3,default.qubit,DATA_REUPLOAD,2,4,25,16,16,8,4,CNOT_LINEAR,28,0.17404595,0.543402,0.174046,0.689375,0.1016640901,4.947617858027419e-07,0,9.262934150562312e-07,1.421055200858973e-06,5.229591913030747e-07,0.36800765,3.2.8,2,1,3,29.5089,1.70526624,4.73685e-07,50.32060701,Cortex-A53,4,4,24.5,1200.0,3,48.0,226.2539,0.88,Debian GNU/Linux 13 (trixie) aarch64,Linux,aarch64,3.10.20,0.6944444444444444,0.71875,0.6944444444444444,0.6857142857142856,0.71875,0.6944444444444444,0.6857142857142857
2026-07-06 02:22:44,c9160e6539125e06c66b22677b30e1ed0aad8c344173a6c30f97b14607f84244,c9160e65,ubuntu,quantum_circuit_qubit_sweep_codecarbon,56,1,-1,False,DATA_REUPLOAD_2Q,PennyLane,0.42.3,default.qubit,DATA_REUPLOAD,2,4,25,16,16,8,4,CNOT_LINEAR,28,-0.12258045,0.530607,0.12258,0.691272,0.1102568111,4.983091521417936e-07,0,9.333234916751584e-07,1.431632643816952e-06,5.268517712760522e-07,0.36800765,3.2.8,2,1,3,27.2092,1.71795917,4.77211e-07,46.74430055,Cortex-A53,4,4,24.5,1200.0,1,48.0,226.2539,0.88,Debian GNU/Linux 13 (trixie) aarch64,Linux,aarch64,3.10.20,0.6944444444444444,0.71875,0.6944444444444444,0.6857142857142856,0.71875,0.6944444444444444,0.6857142857142857
2026-07-06 02:22:49,c9160e6539125e06c66b22677b30e1ed0aad8c344173a6c30f97b14607f84244,c9160e65,ubuntu,quantum_circuit_qubit_sweep_codecarbon,57,1,1,True,DATA_REUPLOAD_2Q,PennyLane,0.42.3,default.qubit,DATA_REUPLOAD,2,4,25,16,16,8,4,CNOT_LINEAR,28,0.14331149,0.535767,0.143311,0.690586,0.0943581809,4.91267616640847e-07,0,9.201225374514856e-07,1.4113901540923327e-06,5.194023801123951e-07,0.36800765,3.2.8,2,1,3,31.7937,1.69366818,4.70463e-07,53.84805543,Cortex-A53,4,4,24.5,1200.0,1,48.0,226.2539,0.88,Debian GNU/Linux 13 (trixie) aarch64,Linux,aarch64,3.10.20,0.6944444444444444,0.71875,0.6944444444444444,0.6857142857142856,0.71875,0.6944444444444444,0.6857142857142857
2026-07-06 02:22:55,c9160e6539125e06c66b22677b30e1ed0aad8c344173a6c30f97b14607f84244,c9160e65,ubuntu,quantum_circuit_qubit_sweep_codecarbon,58,-1,-1,True,DATA_REUPLOAD_2Q,PennyLane,0.42.3,default.qubit,DATA_REUPLOAD,2,4,25,16,16,8,4,CNOT_LINEAR,28,-0.50046948,0.62257,0.500469,0.662792,0.102955902,4.951744009223249e-07,0,9.270780925483754e-07,1.4222524934707003e-06,5.233998041487992e-07,0.36800765,3.2.8,2,1,3,29.1387,1.70670299,4.74084e-07,49.73108756,Cortex-A53,4,4,24.4,1200.0,1,48.0,226.2539,0.88,Debian GNU/Linux 13 (trixie) aarch64,Linux,aarch64,3.10.20,0.6944444444444444,0.71875,0.6944444444444444,0.6857142857142856,0.71875,0.6944444444444444,0.6857142857142857
2026-07-06 02:23:00,c9160e6539125e06c66b22677b30e1ed0aad8c344173a6c30f97b14607f84244,c9160e65,ubuntu,quantum_circuit_qubit_sweep_codecarbon,59,1,1,True,DATA_REUPLOAD_2Q,PennyLane,0.42.3,default.qubit,DATA_REUPLOAD,2,4,25,16,16,8,4,CNOT_LINEAR,28,0.39191309,0.596743,0.391913,0.67431,0.1151875129,5.004678889074259e-07,0,9.373723050036156e-07,1.4378401939110416e-06,5.291361972260196e-07,0.36800765,3.2.8,2,1,3,26.0445,1.72540823,4.7928e-07,44.93737703,Cortex-A53,4,4,24.2,1200.0,1,48.0,226.2539,0.88,Debian GNU/Linux 13 (trixie) aarch64,Linux,aarch64,3.10.20,0.6944444444444444,0.71875,0.6944444444444444,0.6857142857142856,0.71875,0.6944444444444444,0.6857142857142857
2026-07-06 02:23:06,c9160e6539125e06c66b22677b30e1ed0aad8c344173a6c30f97b14607f84244,c9160e65,ubuntu,quantum_circuit_qubit_sweep_codecarbon,60,-1,-1,True,DATA_REUPLOAD_2Q,PennyLane,0.42.3,default.qubit,DATA_REUPLOAD,2,4,25,16,16,8,4,CNOT_LINEAR,28,-0.0443062,0.511075,0.044306,0.692902,0.1146273571,5.006122089301547e-07,0,9.375806226550291e-07,1.4381928315851835e-06,5.292659705893491e-07,0.36800765,3.2.8,2,1,3,26.1718,1.7258314,4.79398e-07,45.16804997,Cortex-A53,4,4,24.8,1200.0,1,48.0,226.2578,0.88,Debian GNU/Linux 13 (trixie) aarch64,Linux,aarch64,3.10.20,0.6944444444444444,0.71875,0.6944444444444444,0.6857142857142856,0.71875,0.6944444444444444,0.6857142857142857
2026-07-06 02:23:12,c9160e6539125e06c66b22677b30e1ed0aad8c344173a6c30f97b14607f84244,c9160e65,ubuntu,quantum_circuit_qubit_sweep_codecarbon,61,-1,-1,True,DATA_REUPLOAD_2Q,PennyLane,0.42.3,default.qubit,DATA_REUPLOAD,2,4,25,16,16,8,4,CNOT_LINEAR,28,-0.49365297,0.620967,0.493653,0.663589,0.0952652551,4.916654124649034e-07,0,9.208444841594124e-07,1.412509896624316e-06,5.198144539351711e-07,0.36800765,3.2.8,2,1,3,31.491,1.69501188,4.70837e-07,53.37765194,Cortex-A53,4,4,24.9,1200.0,1,48.1,226.2578,0.88,Debian GNU/Linux 13 (trixie) aarch64,Linux,aarch64,3.10.20,0.6944444444444444,0.71875,0.6944444444444444,0.6857142857142856,0.71875,0.6944444444444444,0.6857142857142857
2026-07-06 02:23:17,c9160e6539125e06c66b22677b30e1ed0aad8c344173a6c30f97b14607f84244,c9160e65,ubuntu,quantum_circuit_qubit_sweep_codecarbon,62,-1,-1,True,DATA_REUPLOAD_2Q,PennyLane,0.42.3,default.qubit,DATA_REUPLOAD,2,4,25,16,16,8,4,CNOT_LINEAR,28,-0.52238526,0.627705,0.522385,0.660166,0.1013753831,4.944850457832218e-07,0,9.258420183323324e-07,1.420327064115554e-06,5.226912314080149e-07,0.36800765,3.2.8,2,1,3,29.593,1.70439248,4.73442e-07,50.43805779,Cortex-A53,4,4,24.1,1200.0,1,48.0,226.2578,0.88,Debian GNU/Linux 13 (trixie) aarch64,Linux,aarch64,3.10.20,0.6944444444444444,0.71875,0.6944444444444444,0.6857142857142856,0.71875,0.6944444444444444,0.6857142857142857
2026-07-06 02:23:23,c9160e6539125e06c66b22677b30e1ed0aad8c344173a6c30f97b14607f84244,c9160e65,ubuntu,quantum_circuit_qubit_sweep_codecarbon,63,-1,-1,True,DATA_REUPLOAD_2Q,PennyLane,0.42.3,default.qubit,DATA_REUPLOAD,2,4,25,16,16,8,4,CNOT_LINEAR,28,-0.19343556,0.548209,0.193436,0.688492,0.1098910719,4.981444026486857e-07,0,9.329852467635648e-07,1.4311296494122503e-06,5.266666654849797e-07,0.36800765,3.2.8,2,1,3,27.2998,1.71735558,4.77043e-07,46.88339688,Cortex-A53,4,4,25.0,1200.0,1,48.2,226.2578,0.88,Debian GNU/Linux 13 (trixie) aarch64,Linux,aarch64,3.10.20,0.6944444444444444,0.71875,0.6944444444444444,0.6857142857142856,0.71875,0.6944444444444444,0.6857142857142857
2026-07-06 02:23:28,c9160e6539125e06c66b22677b30e1ed0aad8c344173a6c30f97b14607f84244,c9160e65,ubuntu,quantum_circuit_qubit_sweep_codecarbon,64,1,1,True,DATA_REUPLOAD_2Q,PennyLane,0.42.3,default.qubit,DATA_REUPLOAD,2,4,25,16,16,8,4,CNOT_LINEAR,28,0.11784367,0.529427,0.117844,0.691414,0.0994843459,4.93711053704222e-07,0,9.244679973926394e-07,1.4181790510968614e-06,5.219007461752913e-07,0.36800765,3.2.8,2,1,3,30.1555,1.70181486,4.72726e-07,51.31907477,Cortex-A53,4,4,24.2,1200.0,1,48.1,226.2578,0.88,Debian GNU/Linux 13 (trixie) aarch64,Linux,aarch64,3.10.20,0.6944444444444444,0.71875,0.6944444444444444,0.6857142857142856,0.71875,0.6944444444444444,0.6857142857142857
2026-07-06 02:23:34,c9160e6539125e06c66b22677b30e1ed0aad8c344173a6c30f97b14607f84244,c9160e65,ubuntu,quantum_circuit_qubit_sweep_codecarbon,65,-1,-1,True,DATA_REUPLOAD_2Q,PennyLane,0.42.3,default.qubit,DATA_REUPLOAD,2,4,25,16,16,8,4,CNOT_LINEAR,28,-0.39548217,0.597602,0.395482,0.673972,0.1086944588,4.977883439924982e-07,0,9.32046032588308e-07,1.4298343765808065e-06,5.261899951684153e-07,0.36800765,3.2.8,2,1,3,27.6003,1.71580125,4.76611e-07,47.35663446,Cortex-A53,4,4,23.3,1200.0,1,48.5,226.2578,0.88,Debian GNU/Linux 13 (trixie) aarch64,Linux,aarch64,3.10.20,0.6944444444444444,0.71875,0.6944444444444444,0.6857142857142856,0.71875,0.6944444444444444,0.6857142857142857
2026-07-06 02:23:39,c9160e6539125e06c66b22677b30e1ed0aad8c344173a6c30f97b14607f84244,c9160e65,ubuntu,quantum_circuit_qubit_sweep_codecarbon,66,-1,-1,True,DATA_REUPLOAD_2Q,PennyLane,0.42.3,default.qubit,DATA_REUPLOAD,2,4,25,16,16,8,4,CNOT_LINEAR,28,-0.44010467,0.608284,0.440105,0.66951,0.099870123,4.938819196590949e-07,0,9.247983534199496e-07,1.4186802730790445e-06,5.220851997013102e-07,0.36800765,3.2.8,2,1,3,30.039,1.70241633,4.72893e-07,51.13890753,Cortex-A53,4,4,23.8,1200.0,1,48.2,226.2734,0.88,Debian GNU/Linux 13 (trixie) aarch64,Linux,aarch64,3.10.20,0.6944444444444444,0.71875,0.6944444444444444,0.6857142857142856,0.71875,0.6944444444444444,0.6857142857142857
2026-07-06 02:23:45,c9160e6539125e06c66b22677b30e1ed0aad8c344173a6c30f97b14607f84244,c9160e65,ubuntu,quantum_circuit_qubit_sweep_codecarbon,67,1,1,True,DATA_REUPLOAD_2Q,PennyLane,0.42.3,default.qubit,DATA_REUPLOAD,2,4,25,16,16,8,4,CNOT_LINEAR,28,0.07944771,0.519851,0.079448,0.692359,0.1097920041,4.981393938263258e-07,0,9.329234775699056e-07,1.4310628713962313e-06,5.26642090663936e-07,0.36800765,3.2.8,2,1,3,27.3244,1.71727545,4.77021e-07,46.92351122,Cortex-A53,4,4,24.5,1200.0,1,48.1,226.2812,0.88,Debian GNU/Linux 13 (trixie) aarch64,Linux,aarch64,3.10.20,0.6944444444444444,0.71875,0.6944444444444444,0.6857142857142856,0.71875,0.6944444444444444,0.6857142857142857
2026-07-06 02:23:50,c9160e6539125e06c66b22677b30e1ed0aad8c344173a6c30f97b14607f84244,c9160e65,ubuntu,quantum_circuit_qubit_sweep_codecarbon,68,-1,-1,True,DATA_REUPLOAD_2Q,PennyLane,0.42.3,default.qubit,DATA_REUPLOAD,2,4,25,16,16,8,4,CNOT_LINEAR,28,-0.21899986,0.554532,0.219,0.687188,0.0998735582,4.938094995708929e-07,0,9.246223307369896e-07,1.4184318303078826e-06,5.219937708598314e-07,0.36800765,3.2.8,2,1,3,30.038,1.7021182,4.72811e-07,51.12819332,Cortex-A53,4,4,24.3,1200.0,1,48.2,226.2812,0.88,Debian GNU/Linux 13 (trixie) aarch64,Linux,aarch64,3.10.20,0.6944444444444444,0.71875,0.6944444444444444,0.6857142857142856,0.71875,0.6944444444444444,0.6857142857142857
2026-07-06 02:23:55,c9160e6539125e06c66b22677b30e1ed0aad8c344173a6c30f97b14607f84244,c9160e65,ubuntu,quantum_circuit_qubit_sweep_codecarbon,69,-1,-1,True,DATA_REUPLOAD_2Q,PennyLane,0.42.3,default.qubit,DATA_REUPLOAD,2,4,25,16,16,8,4,CNOT_LINEAR,28,-0.4150799,0.602305,0.41508,0.672066,0.110200176,4.985088929533959e-07,0,9.332367325744904e-07,1.4317456255278862e-06,5.268933494104882e-07,0.36800765,3.2.8,2,1,3,27.2232,1.71809475,4.77249e-07,46.77201469,Cortex-A53,4,4,24.1,1200.0,1,48.1,226.2812,0.88,Debian GNU/Linux 13 (trixie) aarch64,Linux,aarch64,3.10.20,0.6944444444444444,0.71875,0.6944444444444444,0.6857142857142856,0.71875,0.6944444444444444,0.6857142857142857
2026-07-06 02:24:02,c9160e6539125e06c66b22677b30e1ed0aad8c344173a6c30f97b14607f84244,c9160e65,ubuntu,quantum_circuit_qubit_sweep_codecarbon,70,-1,-1,True,DATA_REUPLOAD_2Q,PennyLane,0.42.3,default.qubit,DATA_REUPLOAD,2,4,25,16,16,8,4,CNOT_LINEAR,28,-0.29100342,0.572242,0.291003,0.682673,0.1085615889,4.985148809436295e-07,0,9.337133233202622e-07,1.4322282042638917e-06,5.270709420792099e-07,0.36800765,3.2.8,2,1,3,27.6341,1.71867385,4.77409e-07,47.49397634,Cortex-A53,4,4,24.3,1200.0,1,48.3,226.2812,0.88,Debian GNU/Linux 13 (trixie) aarch64,Linux,aarch64,3.10.20,0.6944444444444444,0.71875,0.6944444444444444,0.6857142857142856,0.71875,0.6944444444444444,0.6857142857142857
2026-07-06 02:24:07,c9160e6539125e06c66b22677b30e1ed0aad8c344173a6c30f97b14607f84244,c9160e65,ubuntu,quantum_circuit_qubit_sweep_codecarbon,71,-1,-1,True,DATA_REUPLOAD_2Q,PennyLane,0.42.3,default.qubit,DATA_REUPLOAD,2,4,25,16,16,8,4,CNOT_LINEAR,28,-0.50454384,0.623527,0.504544,0.662311,0.0965838819,4.922403287842047e-07,0,9.218740857128676e-07,1.414114414497072e-06,5.204049287940371e-07,0.36800765,3.2.8,2,1,3,31.0611,1.6969373,4.71371e-07,52.70871074,Cortex-A53,4,4,24.3,1200.0,2,48.1,226.2812,0.88,Debian GNU/Linux 13 (trixie) aarch64,Linux,aarch64,3.10.20,0.6944444444444444,0.71875,0.6944444444444444,0.6857142857142856,0.71875,0.6944444444444444,0.6857142857142857
2026-07-06 02:24:20,c9160e6539125e06c66b22677b30e1ed0aad8c344173a6c30f97b14607f84244,c9160e65,ubuntu,quantum_circuit_qubit_sweep_codecarbon,0,-1,-1,True,DATA_REUPLOAD_3Q,PennyLane,0.42.3,default.qubit,DATA_REUPLOAD,3,4,37,16,24,12,8,CNOT_LINEAR,44,-0.04645376,0.511611,0.046454,0.692878,0.0976783531,4.92069981371363e-07,0,9.216020533737416e-07,1.4136720347451047e-06,5.202421296591421e-07,0.36800765,3.2.8,3,1,4,40.9507,1.27230483,3.53418e-07,52.1018134,Cortex-A53,4,4,24.5,1200.0,2,48.1,226.3008,0.88,Debian GNU/Linux 13 (trixie) aarch64,Linux,aarch64,3.10.20,0.7916666666666666,0.791891891891892,0.7916666666666666,0.7916264711557013,0.7918918918918919,0.7916666666666667,0.7916264711557013
2026-07-06 02:24:26,c9160e6539125e06c66b22677b30e1ed0aad8c344173a6c30f97b14607f84244,c9160e65,ubuntu,quantum_circuit_qubit_sweep_codecarbon,1,1,1,True,DATA_REUPLOAD_3Q,PennyLane,0.42.3,default.qubit,DATA_REUPLOAD,3,4,37,16,24,12,8,CNOT_LINEAR,44,0.56631022,0.637911,0.56631,0.65461,0.099137303,4.92716799658998e-07,0,9.228110641318684e-07,1.4155278637908664e-06,5.209250889533213e-07,0.36800765,3.2.8,3,1,4,40.3481,1.27397508,3.53882e-07,51.40245052,Cortex-A53,4,4,25.0,1200.0,2,48.2,226.3125,0.88,Debian GNU/Linux 13 (trixie) aarch64,Linux,aarch64,3.10.20,0.7916666666666666,0.791891891891892,0.7916666666666666,0.7916264711557013,0.7918918918918919,0.7916666666666667,0.7916264711557013
2026-07-06 02:24:31,c9160e6539125e06c66b22677b30e1ed0aad8c344173a6c30f97b14607f84244,c9160e65,ubuntu,quantum_circuit_qubit_sweep_codecarbon,2,1,1,True,DATA_REUPLOAD_3Q,PennyLane,0.42.3,default.qubit,DATA_REUPLOAD,3,4,37,16,24,12,8,CNOT_LINEAR,44,0.45198829,0.611112,0.451988,0.668248,0.096920281,4.916839504824441e-07,0,9.208597167162224e-07,1.4125436671986666e-06,5.198268817650271e-07,0.36800765,3.2.8,3,1,4,41.271,1.2712893,3.53136e-07,52.46742118,Cortex-A53,4,4,23.8,1200.0,2,48.3,226.3125,0.88,Debian GNU/Linux 13 (trixie) aarch64,Linux,aarch64,3.10.20,0.7916666666666666,0.791891891891892,0.7916666666666666,0.7916264711557013,0.7918918918918919,0.7916666666666667,0.7916264711557013
2026-07-06 02:24:37,c9160e6539125e06c66b22677b30e1ed0aad8c344173a6c30f97b14607f84244,c9160e65,ubuntu,quantum_circuit_qubit_sweep_codecarbon,3,1,1,True,DATA_REUPLOAD_3Q,PennyLane,0.42.3,default.qubit,DATA_REUPLOAD,3,4,37,16,24,12,8,CNOT_LINEAR,44,0.14686328,0.53665,0.146863,0.690458,0.1025395768,4.94213101754057e-07,0,9.256242223394414e-07,1.4198373240934985e-06,5.225110033312109e-07,0.36800765,3.2.8,3,1,4,39.0093,1.27785359,3.54959e-07,49.84821008,Cortex-A53,4,4,24.3,1200.0,1,48.2,226.3125,0.88,Debian GNU/Linux 13 (trixie) aarch64,Linux,aarch64,3.10.20,0.7916666666666666,0.791891891891892,0.7916666666666666,0.7916264711557013,0.7918918918918919,0.7916666666666667,0.7916264711557013
2026-07-06 02:24:42,c9160e6539125e06c66b22677b30e1ed0aad8c344173a6c30f97b14607f84244,c9160e65,ubuntu,quantum_circuit_qubit_sweep_codecarbon,4,-1,-1,True,DATA_REUPLOAD_3Q,PennyLane,0.42.3,default.qubit,DATA_REUPLOAD,3,4,37,16,24,12,8,CNOT_LINEAR,44,-0.29472424,0.573152,0.294724,0.682406,0.097110277,4.917963221280701e-07,0,9.210633391436812e-07,1.4128596612717512e-06,5.199431700026811e-07,0.36800765,3.2.8,3,1,4,41.1903,1.2715737,3.53215e-07,52.37648306,Cortex-A53,4,4,23.9,1200.0,1,48.2,226.3125,0.88,Debian GNU/Linux 13 (trixie) aarch64,Linux,aarch64,3.10.20,0.7916666666666666,0.791891891891892,0.7916666666666666,0.7916264711557013,0.7918918918918919,0.7916666666666667,0.7916264711557013
2026-07-06 02:24:48,c9160e6539125e06c66b22677b30e1ed0aad8c344173a6c30f97b14607f84244,c9160e65,ubuntu,quantum_circuit_qubit_sweep_codecarbon,5,1,1,True,DATA_REUPLOAD_3Q,PennyLane,0.42.3,default.qubit,DATA_REUPLOAD,3,4,37,16,24,12,8,CNOT_LINEAR,44,0.42749919,0.605276,0.427499,0.670814,0.1079145488,4.971750971469871e-07,0,9.30584203451872e-07,1.427759300598859e-06,5.254263513235065e-07,0.36800765,3.2.8,3,1,4,37.0664,1.28498337,3.5694e-07,47.62966197,Cortex-A53,4,4,27.0,1200.0,4,48.7,226.3281,0.88,Debian GNU/Linux 13 (trixie) aarch64,Linux,aarch64,3.10.20,0.7916666666666666,0.791891891891892,0.7916666666666666,0.7916264711557013,0.7918918918918919,0.7916666666666667,0.7916264711557013
2026-07-06 02:24:53,c9160e6539125e06c66b22677b30e1ed0aad8c344173a6c30f97b14607f84244,c9160e65,ubuntu,quantum_circuit_qubit_sweep_codecarbon,6,1,1,True,DATA_REUPLOAD_3Q,PennyLane,0.42.3,default.qubit,DATA_REUPLOAD,3,4,37,16,24,12,8,CNOT_LINEAR,44,0.04948781,0.512369,0.049488,0.692841,0.117691065,5.617936622458412e-07,0,9.420462049699076e-07,1.5038398672157488e-06,5.534245821929328e-07,0.36800765,3.2.8,3,1,4,33.9873,1.35345588,3.7596e-07,46.00029343,Cortex-A53,4,4,33.6,1200.0,4,45.8,226.332,0.88,Debian GNU/Linux 13 (trixie) aarch64,Linux,aarch64,3.10.20,0.7916666666666666,0.791891891891892,0.7916666666666666,0.7916264711557013,0.7918918918918919,0.7916666666666667,0.7916264711557013
2026-07-06 02:24:59,c9160e6539125e06c66b22677b30e1ed0aad8c344173a6c30f97b14607f84244,c9160e65,ubuntu,quantum_circuit_qubit_sweep_codecarbon,7,1,1,True,DATA_REUPLOAD_3Q,PennyLane,0.42.3,default.qubit,DATA_REUPLOAD,3,4,37,16,24,12,8,CNOT_LINEAR,44,0.30190846,0.574909,0.301908,0.681882,0.1047272689,4.95194532080657e-07,0,9.27457851745809e-07,1.422652383826466e-06,5.235469668606592e-07,0.36800765,3.2.8,3,1,4,38.1944,1.28038715,3.55663e-07,48.90367747,Cortex-A53,4,4,24.2,1200.0,3,45.9,226.332,0.88,Debian GNU/Linux 13 (trixie) aarch64,Linux,aarch64,3.10.20,0.7916666666666666,0.791891891891892,0.7916666666666666,0.7916264711557013,0.7918918918918919,0.7916666666666667,0.7916264711557013
2026-07-06 02:25:04,c9160e6539125e06c66b22677b30e1ed0aad8c344173a6c30f97b14607f84244,c9160e65,ubuntu,quantum_circuit_qubit_sweep_codecarbon,8,1,1,True,DATA_REUPLOAD_3Q,PennyLane,0.42.3,default.qubit,DATA_REUPLOAD,3,4,37,16,24,12,8,CNOT_LINEAR,44,0.42020524,0.603532,0.420205,0.671553,0.0970994921,4.918252596010765e-07,0,9.211689375418547e-07,1.4129941971429314e-06,5.199926802330727e-07,0.36800765,3.2.8,3,1,4,41.1949,1.27169478,3.53249e-07,52.38728854,Cortex-A53,4,4,24.4,1200.0,1,45.8,226.332,0.88,Debian GNU/Linux 13 (trixie) aarch64,Linux,aarch64,3.10.20,0.7916666666666666,0.791891891891892,0.7916666666666666,0.7916264711557013,0.7918918918918919,0.7916666666666667,0.7916264711557013
2026-07-06 02:25:10,c9160e6539125e06c66b22677b30e1ed0aad8c344173a6c30f97b14607f84244,c9160e65,ubuntu,quantum_circuit_qubit_sweep_codecarbon,9,-1,-1,True,DATA_REUPLOAD_3Q,PennyLane,0.42.3,default.qubit,DATA_REUPLOAD,3,4,37,16,24,12,8,CNOT_LINEAR,44,-0.12808158,0.531977,0.128082,0.691101,0.099429115,4.928603182650274e-07,0,9.230749076232316e-07,1.415935225888259e-06,5.21075001323292e-07,0.36800765,3.2.8,3,1,4,40.2297,1.2743417,3.53984e-07,51.26634,Cortex-A53,4,4,24.5,1200.0,2,46.3,226.332,0.88,Debian GNU/Linux 13 (trixie) aarch64,Linux,aarch64,3.10.20,0.7916666666666666,0.791891891891892,0.7916666666666666,0.7916264711557013,0.7918918918918919,0.7916666666666667,0.7916264711557013
2026-07-06 02:25:16,c9160e6539125e06c66b22677b30e1ed0aad8c344173a6c30f97b14607f84244,c9160e65,ubuntu,quantum_circuit_qubit_sweep_codecarbon,10,1,1,True,DATA_REUPLOAD_3Q,PennyLane,0.42.3,default.qubit,DATA_REUPLOAD,3,4,37,16,24,12,8,CNOT_LINEAR,44,0.59601586,0.644744,0.596016,0.65064,0.0975771951,4.920118204835388e-07,0,9.214496426284314e-07,1.4134614631119703e-06,5.2016463768634e-07,0.36800765,3.2.8,3,1,4,40.9932,1.27211532,3.53365e-07,52.14805836,Cortex-A53,4,4,24.2,1200.0,2,46.2,226.332,0.88,Debian GNU/Linux 13 (trixie) aarch64,Linux,aarch64,3.10.20,0.7916666666666666,0.791891891891892,0.7916666666666666,0.7916264711557013,0.7918918918918919,0.7916666666666667,0.7916264711557013
2026-07-06 02:25:21,c9160e6539125e06c66b22677b30e1ed0aad8c344173a6c30f97b14607f84244,c9160e65,ubuntu,quantum_circuit_qubit_sweep_codecarbon,11,1,1,True,DATA_REUPLOAD_3Q,PennyLane,0.42.3,default.qubit,DATA_REUPLOAD,3,4,37,16,24,12,8,CNOT_LINEAR,44,0.48346568,0.618566,0.483466,0.664762,0.0970606341,4.917836657504835e-07,0,9.210456409103548e-07,1.4128293066608382e-06,5.199319992735174e-07,0.36800765,3.2.8,3,1,4,41.2114,1.27154638,3.53207e-07,52.40214587,Cortex-A53,4,4,23.3,1200.0,1,46.0,226.3398,0.88,Debian GNU/Linux 13 (trixie) aarch64,Linux,aarch64,3.10.20,0.7916666666666666,0.791891891891892,0.7916666666666666,0.7916264711557013,0.7918918918918919,0.7916666666666667,0.7916264711557013
2026-07-06 02:25:27,c9160e6539125e06c66b22677b30e1ed0aad8c344173a6c30f97b14607f84244,c9160e65,ubuntu,quantum_circuit_qubit_sweep_codecarbon,12,-1,-1,True,DATA_REUPLOAD_3Q,PennyLane,0.42.3,default.qubit,DATA_REUPLOAD,3,4,37,16,24,12,8,CNOT_LINEAR,44,-0.32903944,0.581526,0.329039,0.679795,0.0969052699,4.916918346037468e-07,0,9.208596515236422e-07,1.412551486127389e-06,5.198297591906465e-07,0.36800765,3.2.8,3,1,4,41.2774,1.27129634,3.53138e-07,52.47583909,Cortex-A53,4,4,24.3,1200.0,2,45.8,226.3477,0.88,Debian GNU/Linux 13 (trixie) aarch64,Linux,aarch64,3.10.20,0.7916666666666666,0.791891891891892,0.7916666666666666,0.7916264711557013,0.7918918918918919,0.7916666666666667,0.7916264711557013
2026-07-06 02:25:32,c9160e6539125e06c66b22677b30e1ed0aad8c344173a6c30f97b14607f84244,c9160e65,ubuntu,quantum_circuit_qubit_sweep_codecarbon,13,1,1,True,DATA_REUPLOAD_3Q,PennyLane,0.42.3,default.qubit,DATA_REUPLOAD,3,4,37,16,24,12,8,CNOT_LINEAR,44,0.07813894,0.519525,0.078139,0.692385,0.0991933821,4.927596479861273e-07,0,9.22861845077326e-07,1.4156214930634531e-06,5.209595452423133e-07,0.36800765,3.2.8,3,1,4,40.3253,1.27405934,3.53905e-07,51.37678813,Cortex-A53,4,4,24.3,1200.0,1,45.7,226.3477,0.88,Debian GNU/Linux 13 (trixie) aarch64,Linux,aarch64,3.10.20,0.7916666666666666,0.791891891891892,0.7916666666666666,0.7916264711557013,0.7918918918918919,0.7916666666666667,0.7916264711557013
2026-07-06 02:25:38,c9160e6539125e06c66b22677b30e1ed0aad8c344173a6c30f97b14607f84244,c9160e65,ubuntu,quantum_circuit_qubit_sweep_codecarbon,14,1,1,True,DATA_REUPLOAD_3Q,PennyLane,0.42.3,default.qubit,DATA_REUPLOAD,3,4,37,16,24,12,8,CNOT_LINEAR,44,0.43830306,0.607855,0.438303,0.669698,0.0972999001,4.91866522261666e-07,0,9.21247042521524e-07,1.41311356478319e-06,5.200366084383807e-07,0.36800765,3.2.8,3,1,4,41.11,1.27180221,3.53278e-07,52.28380323,Cortex-A53,4,4,24.1,1200.0,2,45.7,226.3477,0.88,Debian GNU/Linux 13 (trixie) aarch64,Linux,aarch64,3.10.20,0.7916666666666666,0.791891891891892,0.7916666666666666,0.7916264711557013,0.7918918918918919,0.7916666666666667,0.7916264711557013
2026-07-06 02:25:43,c9160e6539125e06c66b22677b30e1ed0aad8c344173a6c30f97b14607f84244,c9160e65,ubuntu,quantum_circuit_qubit_sweep_codecarbon,15,-1,1,False,DATA_REUPLOAD_3Q,PennyLane,0.42.3,default.qubit,DATA_REUPLOAD,3,4,37,16,24,12,8,CNOT_LINEAR,44,0.16807671,0.541921,0.168077,0.689628,0.0996354101,4.929624608614379e-07,0,9.232243674341588e-07,1.4161868282955969e-06,5.211675929350688e-07,0.36800765,3.2.8,3,1,4,40.1464,1.27456815,3.54047e-07,51.16928385,Cortex-A53,4,4,25.3,1200.0,2,46.0,226.3477,0.88,Debian GNU/Linux 13 (trixie) aarch64,Linux,aarch64,3.10.20,0.7916666666666666,0.791891891891892,0.7916666666666666,0.7916264711557013,0.7918918918918919,0.7916666666666667,0.7916264711557013
2026-07-06 02:25:49,c9160e6539125e06c66b22677b30e1ed0aad8c344173a6c30f97b14607f84244,c9160e65,ubuntu,quantum_circuit_qubit_sweep_codecarbon,16,1,-1,False,DATA_REUPLOAD_3Q,PennyLane,0.42.3,default.qubit,DATA_REUPLOAD,3,4,37,16,24,12,8,CNOT_LINEAR,44,-0.05275936,0.513187,0.052759,0.692799,0.098984214,4.927116235097249e-07,0,9.22787076754806e-07,1.415498700264531e-06,5.209143565523993e-07,0.36800765,3.2.8,3,1,4,40.4105,1.27394883,3.53875e-07,51.48088887,Cortex-A53,4,4,24.5,1200.0,1,45.9,226.3516,0.88,Debian GNU/Linux 13 (trixie) aarch64,Linux,aarch64,3.10.20,0.7916666666666666,0.791891891891892,0.7916666666666666,0.7916264711557013,0.7918918918918919,0.7916666666666667,0.7916264711557013
2026-07-06 02:25:54,c9160e6539125e06c66b22677b30e1ed0aad8c344173a6c30f97b14607f84244,c9160e65,ubuntu,quantum_circuit_qubit_sweep_codecarbon,17,1,-1,False,DATA_REUPLOAD_3Q,PennyLane,0.42.3,default.qubit,DATA_REUPLOAD,3,4,37,16,24,12,8,CNOT_LINEAR,44,-0.11686962,0.529184,0.11687,0.691443,0.096868702,4.91678356642327e-07,0,9.208622933753456e-07,1.4125406500176726e-06,5.198257714193265e-07,0.36800765,3.2.8,3,1,4,41.293,1.27128659,3.53135e-07,52.495246,Cortex-A53,4,4,24.8,1200.0,1,45.8,226.3555,0.88,Debian GNU/Linux 13 (trixie) aarch64,Linux,aarch64,3.10.20,0.7916666666666666,0.791891891891892,0.7916666666666666,0.7916264711557013,0.7918918918918919,0.7916666666666667,0.7916264711557013
2026-07-06 02:26:00,c9160e6539125e06c66b22677b30e1ed0aad8c344173a6c30f97b14607f84244,c9160e65,ubuntu,quantum_circuit_qubit_sweep_codecarbon,18,-1,-1,True,DATA_REUPLOAD_3Q,PennyLane,0.42.3,default.qubit,DATA_REUPLOAD,3,4,37,16,24,12,8,CNOT_LINEAR,44,-0.17508117,0.543659,0.175081,0.68933,0.09878588,4.928656404631006e-07,0,9.230154417067144e-07,1.4158810821698151e-06,5.210550760204646e-07,0.36800765,3.2.8,3,1,4,40.4916,1.27429297,3.5397e-07,51.5981828,Cortex-A53,4,4,24.8,1200.0,3,45.7,226.375,0.88,Debian GNU/Linux 13 (trixie) aarch64,Linux,aarch64,3.10.20,0.7916666666666666,0.791891891891892,0.7916666666666666,0.7916264711557013,0.7918918918918919,0.7916666666666667,0.7916264711557013
2026-07-06 02:26:05,c9160e6539125e06c66b22677b30e1ed0aad8c344173a6c30f97b14607f84244,c9160e65,ubuntu,quantum_circuit_qubit_sweep_codecarbon,19,1,1,True,DATA_REUPLOAD_3Q,PennyLane,0.42.3,default.qubit,DATA_REUPLOAD,3,4,37,16,24,12,8,CNOT_LINEAR,44,0.44706283,0.609941,0.447063,0.668775,0.0996779061,4.929138524457813e-07,0,9.232148665857192e-07,1.4161287190315005e-06,5.211462082810871e-07,0.36800765,3.2.8,3,1,4,40.1293,1.27451585,3.54032e-07,51.14536998,Cortex-A53,4,4,24.3,1200.0,1,45.9,226.3789,0.88,Debian GNU/Linux 13 (trixie) aarch64,Linux,aarch64,3.10.20,0.7916666666666666,0.791891891891892,0.7916666666666666,0.7916264711557013,0.7918918918918919,0.7916666666666667,0.7916264711557013
2026-07-06 02:26:11,c9160e6539125e06c66b22677b30e1ed0aad8c344173a6c30f97b14607f84244,c9160e65,ubuntu,quantum_circuit_qubit_sweep_codecarbon,20,-1,-1,True,DATA_REUPLOAD_3Q,PennyLane,0.42.3,default.qubit,DATA_REUPLOAD,3,4,37,16,24,12,8,CNOT_LINEAR,44,-0.28459727,0.570673,0.284597,0.683124,0.0968286991,4.912968409351176e-07,0,9.20161572479022e-07,1.4114584134141396e-06,5.194275000653073e-07,0.36800765,3.2.8,3,1,4,41.3101,1.27031257,3.52865e-07,52.47669684,Cortex-A53,4,4,24.7,1200.0,1,45.8,226.3789,0.88,Debian GNU/Linux 13 (trixie) aarch64,Linux,aarch64,3.10.20,0.7916666666666666,0.791891891891892,0.7916666666666666,0.7916264711557013,0.7918918918918919,0.7916666666666667,0.7916264711557013
2026-07-06 02:26:17,c9160e6539125e06c66b22677b30e1ed0aad8c344173a6c30f97b14607f84244,c9160e65,ubuntu,quantum_circuit_qubit_sweep_codecarbon,21,1,1,True,DATA_REUPLOAD_3Q,PennyLane,0.42.3,default.qubit,DATA_REUPLOAD,3,4,37,16,24,12,8,CNOT_LINEAR,44,0.43577044,0.607251,0.43577,0.669962,0.1153404829,5.000464532645306e-07,0,9.365553209014858e-07,1.4366017741660166e-06,5.286804492804362e-07,0.36800765,3.2.8,3,1,4,34.6799,1.2929416,3.5915e-07,44.83912549,Cortex-A53,4,4,23.9,1200.0,2,45.3,226.3789,0.88,Debian GNU/Linux 13 (trixie) aarch64,Linux,aarch64,3.10.20,0.7916666666666666,0.791891891891892,0.7916666666666666,0.7916264711557013,0.7918918918918919,0.7916666666666667,0.7916264711557013
2026-07-06 02:26:22,c9160e6539125e06c66b22677b30e1ed0aad8c344173a6c30f97b14607f84244,c9160e65,ubuntu,quantum_circuit_qubit_sweep_codecarbon,22,1,-1,False,DATA_REUPLOAD_3Q,PennyLane,0.42.3,default.qubit,DATA_REUPLOAD,3,4,37,16,24,12,8,CNOT_LINEAR,44,-0.14533701,0.53627,0.145337,0.690514,0.096966665,4.916673357725018e-07,0,9.208697540452704e-07,1.412537089817772e-06,5.198244612385117e-07,0.36800765,3.2.8,3,1,4,41.2513,1.27128338,3.53134e-07,52.44207917,Cortex-A53,4,4,24.0,1200.0,2,45.5,226.3789,0.88,Debian GNU/Linux 13 (trixie) aarch64,Linux,aarch64,3.10.20,0.7916666666666666,0.791891891891892,0.7916666666666666,0.7916264711557013,0.7918918918918919,0.7916666666666667,0.7916264711557013
2026-07-06 02:26:28,c9160e6539125e06c66b22677b30e1ed0aad8c344173a6c30f97b14607f84244,c9160e65,ubuntu,quantum_circuit_qubit_sweep_codecarbon,23,-1,1,False,DATA_REUPLOAD_3Q,PennyLane,0.42.3,default.qubit,DATA_REUPLOAD,3,4,37,16,24,12,8,CNOT_LINEAR,44,0.11755535,0.529355,0.117555,0.691423,0.0971225491,4.9184230932345e-07,0,9.211739532959958e-07,1.4130162626194458e-06,5.200008004973289e-07,0.36800765,3.2.8,3,1,4,41.1851,1.27171464,3.53254e-07,52.37566964,Cortex-A53,4,4,25.1,1200.0,2,45.6,226.3828,0.88,Debian GNU/Linux 13 (trixie) aarch64,Linux,aarch64,3.10.20,0.7916666666666666,0.791891891891892,0.7916666666666666,0.7916264711557013,0.7918918918918919,0.7916666666666667,0.7916264711557013
2026-07-06 02:26:33,c9160e6539125e06c66b22677b30e1ed0aad8c344173a6c30f97b14607f84244,c9160e65,ubuntu,quantum_circuit_qubit_sweep_codecarbon,24,1,-1,False,DATA_REUPLOAD_3Q,PennyLane,0.42.3,default.qubit,DATA_REUPLOAD,3,4,37,16,24,12,8,CNOT_LINEAR,44,-0.29088003,0.572212,0.29088,0.682682,0.0969230172,4.917075113144033e-07,0,9.209015499800444e-07,1.4126090612944477e-06,5.1985094729283e-07,0.36800765,3.2.8,3,1,4,41.2699,1.27134816,3.53152e-07,52.46836891,Cortex-A53,4,4,23.9,1200.0,1,45.6,226.4492,0.88,Debian GNU/Linux 13 (trixie) aarch64,Linux,aarch64,3.10.20,0.7916666666666666,0.791891891891892,0.7916666666666666,0.7916264711557013,0.7918918918918919,0.7916666666666667,0.7916264711557013
2026-07-06 02:26:39,c9160e6539125e06c66b22677b30e1ed0aad8c344173a6c30f97b14607f84244,c9160e65,ubuntu,quantum_circuit_qubit_sweep_codecarbon,25,1,-1,False,DATA_REUPLOAD_3Q,PennyLane,0.42.3,default.qubit,DATA_REUPLOAD,3,4,37,16,24,12,8,CNOT_LINEAR,44,-0.26846441,0.566716,0.268464,0.684219,0.0987127991,4.91565519115991e-07,0,9.206742857350036e-07,1.4122398048509947e-06,5.197150580951867e-07,0.36800765,3.2.8,3,1,4,40.5216,1.27101582,3.5306e-07,51.5035876,Cortex-A53,4,4,24.8,1200.0,1,45.5,226.4609,0.88,Debian GNU/Linux 13 (trixie) aarch64,Linux,aarch64,3.10.20,0.7916666666666666,0.791891891891892,0.7916666666666666,0.7916264711557013,0.7918918918918919,0.7916666666666667,0.7916264711557013
2026-07-06 02:26:44,c9160e6539125e06c66b22677b30e1ed0aad8c344173a6c30f97b14607f84244,c9160e65,ubuntu,quantum_circuit_qubit_sweep_codecarbon,26,1,1,True,DATA_REUPLOAD_3Q,PennyLane,0.42.3,default.qubit,DATA_REUPLOAD,3,4,37,16,24,12,8,CNOT_LINEAR,44,0.39129186,0.596594,0.391292,0.674369,0.097064734,4.918255337143677e-07,0,9.211506192029143e-07,1.4129761529172822e-06,5.199860398199153e-07,0.36800765,3.2.8,3,1,4,41.2096,1.27167854,3.53244e-07,52.40537879,Cortex-A53,4,4,24.1,1200.0,1,45.5,226.4609,0.88,Debian GNU/Linux 13 (trixie) aarch64,Linux,aarch64,3.10.20,0.7916666666666666,0.791891891891892,0.7916666666666666,0.7916264711557013,0.7918918918918919,0.7916666666666667,0.7916264711557013
2026-07-06 02:26:50,c9160e6539125e06c66b22677b30e1ed0aad8c344173a6c30f97b14607f84244,c9160e65,ubuntu,quantum_circuit_qubit_sweep_codecarbon,27,-1,1,False,DATA_REUPLOAD_3Q,PennyLane,0.42.3,default.qubit,DATA_REUPLOAD,3,4,37,16,24,12,8,CNOT_LINEAR,44,0.05414853,0.513534,0.054149,0.692781,0.0976626989,4.919624498766586e-07,0,9.214451408479362e-07,1.4134075907245949e-06,5.201448122354227e-07,0.36800765,3.2.8,3,1,4,40.9573,1.27206683,3.53352e-07,52.10041686,Cortex-A53,4,4,24.1,1200.0,1,45.6,226.4609,0.88,Debian GNU/Linux 13 (trixie) aarch64,Linux,aarch64,3.10.20,0.7916666666666666,0.791891891891892,0.7916666666666666,0.7916264711557013,0.7918918918918919,0.7916666666666667,0.7916264711557013
2026-07-06 02:26:55,c9160e6539125e06c66b22677b30e1ed0aad8c344173a6c30f97b14607f84244,c9160e65,ubuntu,quantum_circuit_qubit_sweep_codecarbon,28,-1,-1,True,DATA_REUPLOAD_3Q,PennyLane,0.42.3,default.qubit,DATA_REUPLOAD,3,4,37,16,24,12,8,CNOT_LINEAR,44,-0.50473845,0.623572,0.504738,0.662288,0.0989190459,4.925999893249879e-07,0,9.225592766112336e-07,1.4151592659362217e-06,5.207894421214006e-07,0.36800765,3.2.8,3,1,4,40.4371,1.27364334,3.5379e-07,51.50245145,Cortex-A53,4,4,24.3,1200.0,1,45.5,226.4609,0.88,Debian GNU/Linux 13 (trixie) aarch64,Linux,aarch64,3.10.20,0.7916666666666666,0.791891891891892,0.7916666666666666,0.7916264711557013,0.7918918918918919,0.7916666666666667,0.7916264711557013
2026-07-06 02:27:01,c9160e6539125e06c66b22677b30e1ed0aad8c344173a6c30f97b14607f84244,c9160e65,ubuntu,quantum_circuit_qubit_sweep_codecarbon,29,1,1,True,DATA_REUPLOAD_3Q,PennyLane,0.42.3,default.qubit,DATA_REUPLOAD,3,4,37,16,24,12,8,CNOT_LINEAR,44,0.52987493,0.629454,0.529875,0.659246,0.1000220601,4.931678999629286e-07,0,9.236157724323372e-07,1.4167836723952658e-06,5.213872361322565e-07,0.36800765,3.2.8,3,1,4,39.9912,1.27510531,3.54196e-07,50.99296311,Cortex-A53,4,4,24.3,1200.0,1,46.0,226.4766,0.88,Debian GNU/Linux 13 (trixie) aarch64,Linux,aarch64,3.10.20,0.7916666666666666,0.791891891891892,0.7916666666666666,0.7916264711557013,0.7918918918918919,0.7916666666666667,0.7916264711557013
2026-07-06 02:27:07,c9160e6539125e06c66b22677b30e1ed0aad8c344173a6c30f97b14607f84244,c9160e65,ubuntu,quantum_circuit_qubit_sweep_codecarbon,30,-1,-1,True,DATA_REUPLOAD_3Q,PennyLane,0.42.3,default.qubit,DATA_REUPLOAD,3,4,37,16,24,12,8,CNOT_LINEAR,44,-0.12302074,0.530716,0.123021,0.691259,0.097332177,4.918910497799516e-07,0,9.212596126599236e-07,1.4131506624398753e-06,5.200502606600028e-07,0.36800765,3.2.8,3,1,4,41.0964,1.2718356,3.53288e-07,52.26783724,Cortex-A53,4,4,23.8,1200.0,1,45.9,226.4805,0.88,Debian GNU/Linux 13 (trixie) aarch64,Linux,aarch64,3.10.20,0.7916666666666666,0.791891891891892,0.7916666666666666,0.7916264711557013,0.7918918918918919,0.7916666666666667,0.7916264711557013
2026-07-06 02:27:12,c9160e6539125e06c66b22677b30e1ed0aad8c344173a6c30f97b14607f84244,c9160e65,ubuntu,quantum_circuit_qubit_sweep_codecarbon,31,-1,-1,True,DATA_REUPLOAD_3Q,PennyLane,0.42.3,default.qubit,DATA_REUPLOAD,3,4,37,16,24,12,8,CNOT_LINEAR,44,-0.32102157,0.579573,0.321022,0.680429,0.0990294588,4.926684488438898e-07,0,9.22757643274963e-07,1.4154260921188527e-06,5.208876361990147e-07,0.36800765,3.2.8,3,1,4,40.392,1.27388348,3.53857e-07,51.45472864,Cortex-A53,4,4,24.4,1200.0,1,45.7,226.4805,0.88,Debian GNU/Linux 13 (trixie) aarch64,Linux,aarch64,3.10.20,0.7916666666666666,0.791891891891892,0.7916666666666666,0.7916264711557013,0.7918918918918919,0.7916666666666667,0.7916264711557013
2026-07-06 02:27:18,c9160e6539125e06c66b22677b30e1ed0aad8c344173a6c30f97b14607f84244,c9160e65,ubuntu,quantum_circuit_qubit_sweep_codecarbon,32,-1,-1,True,DATA_REUPLOAD_3Q,PennyLane,0.42.3,default.qubit,DATA_REUPLOAD,3,4,37,16,24,12,8,CNOT_LINEAR,44,-0.23567038,0.558646,0.23567,0.686253,0.0969512921,4.917550693369574e-07,0,9.210179299892238e-07,1.4127729993261812e-06,5.199112777433624e-07,0.36800765,3.2.8,3,1,4,41.2578,1.2714957,3.53193e-07,52.45915434,Cortex-A53,4,4,24.5,1200.0,1,45.6,226.4805,0.88,Debian GNU/Linux 13 (trixie) aarch64,Linux,aarch64,3.10.20,0.7916666666666666,0.791891891891892,0.7916666666666666,0.7916264711557013,0.7918918918918919,0.7916666666666667,0.7916264711557013
2026-07-06 02:27:23,c9160e6539125e06c66b22677b30e1ed0aad8c344173a6c30f97b14607f84244,c9160e65,ubuntu,quantum_circuit_qubit_sweep_codecarbon,33,-1,-1,True,DATA_REUPLOAD_3Q,PennyLane,0.42.3,default.qubit,DATA_REUPLOAD,3,4,37,16,24,12,8,CNOT_LINEAR,44,-0.25246038,0.562782,0.25246,0.685243,0.096713844,4.917013191304576e-07,0,9.20892965902264e-07,1.4125942850327217e-06,5.198455095154107e-07,0.36800765,3.2.8,3,1,4,41.3591,1.27133486,3.53149e-07,52.58129774,Cortex-A53,4,4,24.1,1200.0,1,45.6,226.4805,0.88,Debian GNU/Linux 13 (trixie) aarch64,Linux,aarch64,3.10.20,0.7916666666666666,0.791891891891892,0.7916666666666666,0.7916264711557013,0.7918918918918919,0.7916666666666667,0.7916264711557013
2026-07-06 02:27:29,c9160e6539125e06c66b22677b30e1ed0aad8c344173a6c30f97b14607f84244,c9160e65,ubuntu,quantum_circuit_qubit_sweep_codecarbon,34,1,1,True,DATA_REUPLOAD_3Q,PennyLane,0.42.3,default.qubit,DATA_REUPLOAD,3,4,37,16,24,12,8,CNOT_LINEAR,44,0.52351301,0.627969,0.523513,0.660028,0.0981498261,4.922377897633446e-07,0,9.219094891644394e-07,1.414147278927784e-06,5.20417023156098e-07,0.36800765,3.2.8,3,1,4,40.754,1.27273255,3.53537e-07,51.86896818,Cortex-A53,4,4,24.8,1200.0,2,45.5,226.4805,0.88,Debian GNU/Linux 13 (trixie) aarch64,Linux,aarch64,3.10.20,0.7916666666666666,0.791891891891892,0.7916666666666666,0.7916264711557013,0.7918918918918919,0.7916666666666667,0.7916264711557013
2026-07-06 02:27:34,c9160e6539125e06c66b22677b30e1ed0aad8c344173a6c30f97b14607f84244,c9160e65,ubuntu,quantum_circuit_qubit_sweep_codecarbon,35,-1,1,False,DATA_REUPLOAD_3Q,PennyLane,0.42.3,default.qubit,DATA_REUPLOAD,3,4,37,16,24,12,8,CNOT_LINEAR,44,0.1079507,0.526961,0.107951,0.691693,0.0966709771,4.915735036757848e-07,0,9.206900433249152e-07,1.4122635470007e-06,5.197237953880111e-07,0.36800765,3.2.8,3,1,4,41.3775,1.27103719,3.53066e-07,52.59229733,Cortex-A53,4,4,24.0,1200.0,1,45.7,226.4883,0.88,Debian GNU/Linux 13 (trixie) aarch64,Linux,aarch64,3.10.20,0.7916666666666666,0.791891891891892,0.7916666666666666,0.7916264711557013,0.7918918918918919,0.7916666666666667,0.7916264711557013
2026-07-06 02:27:40,c9160e6539125e06c66b22677b30e1ed0aad8c344173a6c30f97b14607f84244,c9160e65,ubuntu,quantum_circuit_qubit_sweep_codecarbon,36,1,1,True,DATA_REUPLOAD_3Q,PennyLane,0.42.3,default.qubit,DATA_REUPLOAD,3,4,37,16,24,12,8,CNOT_LINEAR,44,0.29916629,0.574239,0.299166,0.682084,0.09748217,4.920197960196271e-07,0,9.214918534659472e-07,1.4135116494855742e-06,5.20183106655975e-07,0.36800765,3.2.8,3,1,4,41.0331,1.27216048,3.53378e-07,52.20074542,Cortex-A53,4,4,24.4,1200.0,1,45.6,226.5039,0.88,Debian GNU/Linux 13 (trixie) aarch64,Linux,aarch64,3.10.20,0.7916666666666666,0.791891891891892,0.7916666666666666,0.7916264711557013,0.7918918918918919,0.7916666666666667,0.7916264711557013
2026-07-06 02:27:45,c9160e6539125e06c66b22677b30e1ed0aad8c344173a6c30f97b14607f84244,c9160e65,ubuntu,quantum_circuit_qubit_sweep_codecarbon,37,-1,1,False,DATA_REUPLOAD_3Q,PennyLane,0.42.3,default.qubit,DATA_REUPLOAD,3,4,37,16,24,12,8,CNOT_LINEAR,44,0.17616258,0.543927,0.176163,0.689283,0.0984060201,4.922729852712818e-07,0,9.220164965760584e-07,1.41428948184734e-06,5.204693549189788e-07,0.36800765,3.2.8,3,1,4,40.6479,1.27286053,3.53572e-07,51.73913273,Cortex-A53,4,4,24.3,1200.0,1,45.6,226.5078,0.88,Debian GNU/Linux 13 (trixie) aarch64,Linux,aarch64,3.10.20,0.7916666666666666,0.791891891891892,0.7916666666666666,0.7916264711557013,0.7918918918918919,0.7916666666666667,0.7916264711557013
2026-07-06 02:27:51,c9160e6539125e06c66b22677b30e1ed0aad8c344173a6c30f97b14607f84244,c9160e65,ubuntu,quantum_circuit_qubit_sweep_codecarbon,38,-1,-1,True,DATA_REUPLOAD_3Q,PennyLane,0.42.3,default.qubit,DATA_REUPLOAD,3,4,37,16,24,12,8,CNOT_LINEAR,44,-0.2399079,0.559691,0.239908,0.686004,0.0969148281,4.917178656669562e-07,0,9.209695316773528e-07,1.4126873973443091e-06,5.198797755587979e-07,0.36800765,3.2.8,3,1,4,41.2734,1.27141866,3.53172e-07,52.47571226,Cortex-A53,4,4,24.4,1200.0,2,45.6,226.5078,0.88,Debian GNU/Linux 13 (trixie) aarch64,Linux,aarch64,3.10.20,0.7916666666666666,0.791891891891892,0.7916666666666666,0.7916264711557013,0.7918918918918919,0.7916666666666667,0.7916264711557013
2026-07-06 02:27:56,c9160e6539125e06c66b22677b30e1ed0aad8c344173a6c30f97b14607f84244,c9160e65,ubuntu,quantum_circuit_qubit_sweep_codecarbon,39,-1,1,False,DATA_REUPLOAD_3Q,PennyLane,0.42.3,default.qubit,DATA_REUPLOAD,3,4,37,16,24,12,8,CNOT_LINEAR,44,0.27147016,0.567454,0.27147,0.684019,0.0965702978,4.916451132037505e-07,0,9.20807545965848e-07,1.4124526591695984e-06,5.197933901137142e-07,0.36800765,3.2.8,3,1,4,41.4206,1.27120739,3.53113e-07,52.65417718,Cortex-A53,4,4,23.7,1200.0,2,45.6,226.5078,0.88,Debian GNU/Linux 13 (trixie) aarch64,Linux,aarch64,3.10.20,0.7916666666666666,0.791891891891892,0.7916666666666666,0.7916264711557013,0.7918918918918919,0.7916666666666667,0.7916264711557013
2026-07-06 02:28:02,c9160e6539125e06c66b22677b30e1ed0aad8c344173a6c30f97b14607f84244,c9160e65,ubuntu,quantum_circuit_qubit_sweep_codecarbon,40,-1,-1,True,DATA_REUPLOAD_3Q,PennyLane,0.42.3,default.qubit,DATA_REUPLOAD,3,4,37,16,24,12,8,CNOT_LINEAR,44,-0.19913984,0.549621,0.19914,0.688215,0.098297684,4.923149857463109e-07,0,9.220431649979826e-07,1.4143581507442931e-06,5.204946255986798e-07,0.36800765,3.2.8,3,1,4,40.6927,1.27292234,3.5359e-07,51.79867049,Cortex-A53,4,4,24.5,1200.0,1,45.7,226.5078,0.88,Debian GNU/Linux 13 (trixie) aarch64,Linux,aarch64,3.10.20,0.7916666666666666,0.791891891891892,0.7916666666666666,0.7916264711557013,0.7918918918918919,0.7916666666666667,0.7916264711557013
2026-07-06 02:28:08,c9160e6539125e06c66b22677b30e1ed0aad8c344173a6c30f97b14607f84244,c9160e65,ubuntu,quantum_circuit_qubit_sweep_codecarbon,41,-1,-1,True,DATA_REUPLOAD_3Q,PennyLane,0.42.3,default.qubit,DATA_REUPLOAD,3,4,37,16,24,12,8,CNOT_LINEAR,44,-0.19358182,0.548245,0.193582,0.688485,0.096966075,4.91708665775756e-07,0,9.209603940447172e-07,1.412669059820473e-06,5.198730272096627e-07,0.36800765,3.2.8,3,1,4,41.2515,1.27140215,3.53167e-07,52.44729783,Cortex-A53,4,4,24.3,1200.0,2,46.0,226.5078,0.88,Debian GNU/Linux 13 (trixie) aarch64,Linux,aarch64,3.10.20,0.7916666666666666,0.791891891891892,0.7916666666666666,0.7916264711557013,0.7918918918918919,0.7916666666666667,0.7916264711557013
2026-07-06 02:28:13,c9160e6539125e06c66b22677b30e1ed0aad8c344173a6c30f97b14607f84244,c9160e65,ubuntu,quantum_circuit_qubit_sweep_codecarbon,42,-1,-1,True,DATA_REUPLOAD_3Q,PennyLane,0.42.3,default.qubit,DATA_REUPLOAD,3,4,37,16,24,12,8,CNOT_LINEAR,44,-0.21156407,0.552695,0.211564,0.687583,0.0983708589,4.923544920360049e-07,0,9.221576899290083e-07,1.4145121819650134e-06,5.205513102669282e-07,0.36800765,3.2.8,3,1,4,40.6624,1.27306096,3.53628e-07,51.76577607,Cortex-A53,4,4,24.2,1200.0,2,45.8,226.5156,0.88,Debian GNU/Linux 13 (trixie) aarch64,Linux,aarch64,3.10.20,0.7916666666666666,0.791891891891892,0.7916666666666666,0.7916264711557013,0.7918918918918919,0.7916666666666667,0.7916264711557013
2026-07-06 02:28:19,c9160e6539125e06c66b22677b30e1ed0aad8c344173a6c30f97b14607f84244,c9160e65,ubuntu,quantum_circuit_qubit_sweep_codecarbon,43,1,1,True,DATA_REUPLOAD_3Q,PennyLane,0.42.3,default.qubit,DATA_REUPLOAD,3,4,37,16,24,12,8,CNOT_LINEAR,44,0.48951514,0.619992,0.489515,0.664068,0.0985897109,4.925199733633135e-07,0,9.22418140883868e-07,1.4149381142471811e-06,5.207080566070406e-07,0.36800765,3.2.8,3,1,4,40.5722,1.2734443,3.53735e-07,51.66641798,Cortex-A53,4,4,24.3,1200.0,1,45.7,226.5273,0.88,Debian GNU/Linux 13 (trixie) aarch64,Linux,aarch64,3.10.20,0.7916666666666666,0.791891891891892,0.7916666666666666,0.7916264711557013,0.7918918918918919,0.7916666666666667,0.7916264711557013
2026-07-06 02:28:24,c9160e6539125e06c66b22677b30e1ed0aad8c344173a6c30f97b14607f84244,c9160e65,ubuntu,quantum_circuit_qubit_sweep_codecarbon,44,1,1,True,DATA_REUPLOAD_3Q,PennyLane,0.42.3,default.qubit,DATA_REUPLOAD,3,4,37,16,24,12,8,CNOT_LINEAR,44,0.51729679,0.626515,0.517297,0.660784,0.0965170651,4.914715692705142e-07,0,9.205026489992936e-07,1.411974218269808e-06,5.196173202003924e-07,0.36800765,3.2.8,3,1,4,41.4434,1.2707768,3.52994e-07,52.66537251,Cortex-A53,4,4,24.0,1200.0,1,45.8,226.5273,0.88,Debian GNU/Linux 13 (trixie) aarch64,Linux,aarch64,3.10.20,0.7916666666666666,0.791891891891892,0.7916666666666666,0.7916264711557013,0.7918918918918919,0.7916666666666667,0.7916264711557013
2026-07-06 02:28:30,c9160e6539125e06c66b22677b30e1ed0aad8c344173a6c30f97b14607f84244,c9160e65,ubuntu,quantum_circuit_qubit_sweep_codecarbon,45,1,1,True,DATA_REUPLOAD_3Q,PennyLane,0.42.3,default.qubit,DATA_REUPLOAD,3,4,37,16,24,12,8,CNOT_LINEAR,44,0.61474697,0.649023,0.614747,0.648049,0.096937635,4.916478172979422e-07,0,9.208338467093806e-07,1.4124816640073226e-06,5.198040641160126e-07,0.36800765,3.2.8,3,1,4,41.2636,1.2712335,3.5312e-07,52.4557257,Cortex-A53,4,4,24.4,1200.0,1,45.7,226.5273,0.88,Debian GNU/Linux 13 (trixie) aarch64,Linux,aarch64,3.10.20,0.7916666666666666,0.791891891891892,0.7916666666666666,0.7916264711557013,0.7918918918918919,0.7916666666666667,0.7916264711557013
2026-07-06 02:28:35,c9160e6539125e06c66b22677b30e1ed0aad8c344173a6c30f97b14607f84244,c9160e65,ubuntu,quantum_circuit_qubit_sweep_codecarbon,46,1,1,True,DATA_REUPLOAD_3Q,PennyLane,0.42.3,default.qubit,DATA_REUPLOAD,3,4,37,16,24,12,8,CNOT_LINEAR,44,0.56182623,0.636875,0.561826,0.655195,0.096952114,4.918606880698122e-07,0,9.211658249842004e-07,1.4130265130540123e-06,5.200045727357109e-07,0.36800765,3.2.8,3,1,4,41.2575,1.27172386,3.53257e-07,52.46812304,Cortex-A53,4,4,24.2,1200.0,3,45.7,226.5273,0.88,Debian GNU/Linux 13 (trixie) aarch64,Linux,aarch64,3.10.20,0.7916666666666666,0.791891891891892,0.7916666666666666,0.7916264711557013,0.7918918918918919,0.7916666666666667,0.7916264711557013
2026-07-06 02:28:41,c9160e6539125e06c66b22677b30e1ed0aad8c344173a6c30f97b14607f84244,c9160e65,ubuntu,quantum_circuit_qubit_sweep_codecarbon,47,1,1,True,DATA_REUPLOAD_3Q,PennyLane,0.42.3,default.qubit,DATA_REUPLOAD,3,4,37,16,24,12,8,CNOT_LINEAR,44,0.44050084,0.608378,0.440501,0.669468,0.096849666,4.916726942691539e-07,0,9.20812261562484e-07,1.412484955831638e-06,5.198052755325577e-07,0.36800765,3.2.8,3,1,4,41.3011,1.27123646,3.53121e-07,52.50349384,Cortex-A53,4,4,24.2,1200.0,1,45.7,226.5273,0.88,Debian GNU/Linux 13 (trixie) aarch64,Linux,aarch64,3.10.20,0.7916666666666666,0.791891891891892,0.7916666666666666,0.7916264711557013,0.7918918918918919,0.7916666666666667,0.7916264711557013
2026-07-06 02:28:46,c9160e6539125e06c66b22677b30e1ed0aad8c344173a6c30f97b14607f84244,c9160e65,ubuntu,quantum_circuit_qubit_sweep_codecarbon,48,1,1,True,DATA_REUPLOAD_3Q,PennyLane,0.42.3,default.qubit,DATA_REUPLOAD,3,4,37,16,24,12,8,CNOT_LINEAR,44,0.4301284,0.605904,0.430128,0.670545,0.096832009,4.915828964884379e-07,0,9.207127757448082e-07,1.4122956722332462e-06,5.19735617719489e-07,0.36800765,3.2.8,3,1,4,41.3087,1.27106611,3.53074e-07,52.5060305,Cortex-A53,4,4,24.0,1200.0,1,45.8,226.5352,0.88,Debian GNU/Linux 13 (trixie) aarch64,Linux,aarch64,3.10.20,0.7916666666666666,0.791891891891892,0.7916666666666666,0.7916264711557013,0.7918918918918919,0.7916666666666667,0.7916264711557013
2026-07-06 02:28:52,c9160e6539125e06c66b22677b30e1ed0aad8c344173a6c30f97b14607f84244,c9160e65,ubuntu,quantum_circuit_qubit_sweep_codecarbon,49,-1,-1,True,DATA_REUPLOAD_3Q,PennyLane,0.42.3,default.qubit,DATA_REUPLOAD,3,4,37,16,24,12,8,CNOT_LINEAR,44,-0.16302217,0.540666,0.163022,0.689836,0.0990884549,4.92670459051927e-07,0,9.227477840613576e-07,1.4154182431132846e-06,5.208847477048859e-07,0.36800765,3.2.8,3,1,4,40.368,1.27387642,3.53855e-07,51.42380798,Cortex-A53,4,4,24.6,1200.0,1,45.7,226.5469,0.88,Debian GNU/Linux 13 (trixie) aarch64,Linux,aarch64,3.10.20,0.7916666666666666,0.791891891891892,0.7916666666666666,0.7916264711557013,0.7918918918918919,0.7916666666666667,0.7916264711557013
2026-07-06 02:28:58,c9160e6539125e06c66b22677b30e1ed0aad8c344173a6c30f97b14607f84244,c9160e65,ubuntu,quantum_circuit_qubit_sweep_codecarbon,50,-1,-1,True,DATA_REUPLOAD_3Q,PennyLane,0.42.3,default.qubit,DATA_REUPLOAD,3,4,37,16,24,12,8,CNOT_LINEAR,44,-0.30615464,0.575946,0.306155,0.681567,0.0980045008,4.922948786988855e-07,0,9.219918349602572e-07,1.4142867136591423e-06,5.204683362045332e-07,0.36800765,3.2.8,3,1,4,40.8145,1.27285804,3.53572e-07,51.95100353,Cortex-A53,4,4,24.1,1200.0,1,45.3,226.5469,0.88,Debian GNU/Linux 13 (trixie) aarch64,Linux,aarch64,3.10.20,0.7916666666666666,0.791891891891892,0.7916666666666666,0.7916264711557013,0.7918918918918919,0.7916666666666667,0.7916264711557013
2026-07-06 02:29:03,c9160e6539125e06c66b22677b30e1ed0aad8c344173a6c30f97b14607f84244,c9160e65,ubuntu,quantum_circuit_qubit_sweep_codecarbon,51,1,-1,False,DATA_REUPLOAD_3Q,PennyLane,0.42.3,default.qubit,DATA_REUPLOAD,3,4,37,16,24,12,8,CNOT_LINEAR,44,-0.12916564,0.532247,0.129166,0.691066,0.099222671,4.927664235648182e-07,0,9.229323617182672e-07,1.4156987852830856e-06,5.209879893707669e-07,0.36800765,3.2.8,3,1,4,40.3134,1.27412891,3.53925e-07,51.36442685,Cortex-A53,4,4,24.5,1200.0,1,45.2,226.5469,0.88,Debian GNU/Linux 13 (trixie) aarch64,Linux,aarch64,3.10.20,0.7916666666666666,0.791891891891892,0.7916666666666666,0.7916264711557013,0.7918918918918919,0.7916666666666667,0.7916264711557013
2026-07-06 02:29:09,c9160e6539125e06c66b22677b30e1ed0aad8c344173a6c30f97b14607f84244,c9160e65,ubuntu,quantum_circuit_qubit_sweep_codecarbon,52,1,1,True,DATA_REUPLOAD_3Q,PennyLane,0.42.3,default.qubit,DATA_REUPLOAD,3,4,37,16,24,12,8,CNOT_LINEAR,44,0.54792458,0.633654,0.547925,0.656982,0.0970553369,4.917942234420273e-07,0,9.21031844142514e-07,1.412826067584541e-06,5.199308072686468e-07,0.36800765,3.2.8,3,1,4,41.2136,1.27154346,3.53207e-07,52.40488575,Cortex-A53,4,4,24.0,1200.0,2,45.3,226.5469,0.88,Debian GNU/Linux 13 (trixie) aarch64,Linux,aarch64,3.10.20,0.7916666666666666,0.791891891891892,0.7916666666666666,0.7916264711557013,0.7918918918918919,0.7916666666666667,0.7916264711557013
2026-07-06 02:29:14,c9160e6539125e06c66b22677b30e1ed0aad8c344173a6c30f97b14607f84244,c9160e65,ubuntu,quantum_circuit_qubit_sweep_codecarbon,53,1,-1,False,DATA_REUPLOAD_3Q,PennyLane,0.42.3,default.qubit,DATA_REUPLOAD,3,4,37,16,24,12,8,CNOT_LINEAR,44,-0.10501019,0.526228,0.10501,0.691771,0.0975103872,4.921044751794802e-07,0,9.214886491342136e-07,1.413593124313694e-06,5.202130900163675e-07,0.36800765,3.2.8,3,1,4,41.0213,1.27223381,3.53398e-07,52.18864773,Cortex-A53,4,4,24.4,1200.0,2,45.4,226.5469,0.88,Debian GNU/Linux 13 (trixie) aarch64,Linux,aarch64,3.10.20,0.7916666666666666,0.791891891891892,0.7916666666666666,0.7916264711557013,0.7918918918918919,0.7916666666666667,0.7916264711557013
2026-07-06 02:29:20,c9160e6539125e06c66b22677b30e1ed0aad8c344173a6c30f97b14607f84244,c9160e65,ubuntu,quantum_circuit_qubit_sweep_codecarbon,54,-1,-1,True,DATA_REUPLOAD_3Q,PennyLane,0.42.3,default.qubit,DATA_REUPLOAD,3,4,37,16,24,12,8,CNOT_LINEAR,44,-0.36548276,0.590367,0.365483,0.676725,0.0971951799,4.919216026448541e-07,0,9.212717165549596e-07,1.4131933191998137e-06,5.200659586741739e-07,0.36800765,3.2.8,3,1,4,41.1543,1.27187399,3.53298e-07,52.34308897,Cortex-A53,4,4,24.7,1200.0,2,45.4,226.5547,0.88,Debian GNU/Linux 13 (trixie) aarch64,Linux,aarch64,3.10.20,0.7916666666666666,0.791891891891892,0.7916666666666666,0.7916264711557013,0.7918918918918919,0.7916666666666667,0.7916264711557013
2026-07-06 02:29:25,c9160e6539125e06c66b22677b30e1ed0aad8c344173a6c30f97b14607f84244,c9160e65,ubuntu,quantum_circuit_qubit_sweep_codecarbon,55,-1,1,False,DATA_REUPLOAD_3Q,PennyLane,0.42.3,default.qubit,DATA_REUPLOAD,3,4,37,16,24,12,8,CNOT_LINEAR,44,0.23553257,0.558612,0.235533,0.686261,0.099763863,4.929417559049196e-07,0,9.231868048664182e-07,1.416128560771338e-06,5.211461500401361e-07,0.36800765,3.2.8,3,1,4,40.0947,1.2745157,3.54032e-07,51.10129725,Cortex-A53,4,4,24.1,1200.0,1,45.3,226.5547,0.88,Debian GNU/Linux 13 (trixie) aarch64,Linux,aarch64,3.10.20,0.7916666666666666,0.791891891891892,0.7916666666666666,0.7916264711557013,0.7918918918918919,0.7916666666666667,0.7916264711557013
2026-07-06 02:29:31,c9160e6539125e06c66b22677b30e1ed0aad8c344173a6c30f97b14607f84244,c9160e65,ubuntu,quantum_circuit_qubit_sweep_codecarbon,56,1,1,True,DATA_REUPLOAD_3Q,PennyLane,0.42.3,default.qubit,DATA_REUPLOAD,3,4,37,16,24,12,8,CNOT_LINEAR,44,0.1219014,0.530438,0.121901,0.691293,0.0968074719,4.916874740936291e-07,0,9.209021316686024e-07,1.4125896057622315e-06,5.198437875080531e-07,0.36800765,3.2.8,3,1,4,41.3191,1.27133065,3.53147e-07,52.5302694,Cortex-A53,4,4,24.2,1200.0,1,45.4,226.5547,0.88,Debian GNU/Linux 13 (trixie) aarch64,Linux,aarch64,3.10.20,0.7916666666666666,0.791891891891892,0.7916666666666666,0.7916264711557013,0.7918918918918919,0.7916666666666667,0.7916264711557013
2026-07-06 02:29:36,c9160e6539125e06c66b22677b30e1ed0aad8c344173a6c30f97b14607f84244,c9160e65,ubuntu,quantum_circuit_qubit_sweep_codecarbon,57,1,1,True,DATA_REUPLOAD_3Q,PennyLane,0.42.3,default.qubit,DATA_REUPLOAD,3,4,37,16,24,12,8,CNOT_LINEAR,44,0.45592042,0.612046,0.45592,0.667824,0.10032636,4.932940847455297e-07,0,9.239241575899844e-07,1.417218242335514e-06,5.21547161196659e-07,0.36800765,3.2.8,3,1,4,39.8699,1.27549642,3.54305e-07,50.85388998,Cortex-A53,4,4,24.2,1200.0,1,45.5,226.5547,0.88,Debian GNU/Linux 13 (trixie) aarch64,Linux,aarch64,3.10.20,0.7916666666666666,0.791891891891892,0.7916666666666666,0.7916264711557013,0.7918918918918919,0.7916666666666667,0.7916264711557013
2026-07-06 02:29:42,c9160e6539125e06c66b22677b30e1ed0aad8c344173a6c30f97b14607f84244,c9160e65,ubuntu,quantum_circuit_qubit_sweep_codecarbon,58,-1,-1,True,DATA_REUPLOAD_3Q,PennyLane,0.42.3,default.qubit,DATA_REUPLOAD,3,4,37,16,24,12,8,CNOT_LINEAR,44,-0.19090634,0.547582,0.190906,0.688612,0.098295067,4.923263551253412e-07,0,9.220983800090228e-07,1.414424735134364e-06,5.205191291638923e-07,0.36800765,3.2.8,3,1,4,40.6938,1.27298226,3.53606e-07,51.8024882,Cortex-A53,4,4,24.4,1200.0,1,45.7,226.5586,0.88,Debian GNU/Linux 13 (trixie) aarch64,Linux,aarch64,3.10.20,0.7916666666666666,0.791891891891892,0.7916666666666666,0.7916264711557013,0.7918918918918919,0.7916666666666667,0.7916264711557013
2026-07-06 02:29:48,c9160e6539125e06c66b22677b30e1ed0aad8c344173a6c30f97b14607f84244,c9160e65,ubuntu,quantum_circuit_qubit_sweep_codecarbon,59,1,1,True,DATA_REUPLOAD_3Q,PennyLane,0.42.3,default.qubit,DATA_REUPLOAD,3,4,37,16,24,12,8,CNOT_LINEAR,44,0.43321639,0.606641,0.433216,0.670227,0.100142973,4.931777363850012e-07,0,9.236744073374818e-07,1.416852143722483e-06,5.214124341047823e-07,0.36800765,3.2.8,3,1,4,39.9429,1.27516693,3.54213e-07,50.93385551,Cortex-A53,4,4,24.8,1200.0,1,45.7,226.6406,0.88,Debian GNU/Linux 13 (trixie) aarch64,Linux,aarch64,3.10.20,0.7916666666666666,0.791891891891892,0.7916666666666666,0.7916264711557013,0.7918918918918919,0.7916666666666667,0.7916264711557013
2026-07-06 02:29:54,c9160e6539125e06c66b22677b30e1ed0aad8c344173a6c30f97b14607f84244,c9160e65,ubuntu,quantum_circuit_qubit_sweep_codecarbon,60,-1,1,False,DATA_REUPLOAD_3Q,PennyLane,0.42.3,default.qubit,DATA_REUPLOAD,3,4,37,16,24,12,8,CNOT_LINEAR,44,0.17925049,0.544693,0.17925,0.689147,0.096783459,4.911725347240766e-07,0,9.19943820917979e-07,1.4111163556420557e-06,5.193016201869184e-07,0.36800765,3.2.8,3,1,4,41.3294,1.27000472,3.52779e-07,52.48850305,Cortex-A53,4,4,24.8,1200.0,2,45.7,226.6562,0.88,Debian GNU/Linux 13 (trixie) aarch64,Linux,aarch64,3.10.20,0.7916666666666666,0.791891891891892,0.7916666666666666,0.7916264711557013,0.7918918918918919,0.7916666666666667,0.7916264711557013
2026-07-06 02:29:59,c9160e6539125e06c66b22677b30e1ed0aad8c344173a6c30f97b14607f84244,c9160e65,ubuntu,quantum_circuit_qubit_sweep_codecarbon,61,-1,-1,True,DATA_REUPLOAD_3Q,PennyLane,0.42.3,default.qubit,DATA_REUPLOAD,3,4,37,16,24,12,8,CNOT_LINEAR,44,-0.65537048,0.65822,0.65537,0.642209,0.100487137,4.933335626911787e-07,0,9.239141509169712e-07,1.41724771360815e-06,5.215580068505752e-07,0.36800765,3.2.8,3,1,4,39.8061,1.27552294,3.54312e-07,50.7735808,Cortex-A53,4,4,24.3,1200.0,2,45.9,226.6641,0.88,Debian GNU/Linux 13 (trixie) aarch64,Linux,aarch64,3.10.20,0.7916666666666666,0.791891891891892,0.7916666666666666,0.7916264711557013,0.7918918918918919,0.7916666666666667,0.7916264711557013
2026-07-06 02:30:05,c9160e6539125e06c66b22677b30e1ed0aad8c344173a6c30f97b14607f84244,c9160e65,ubuntu,quantum_circuit_qubit_sweep_codecarbon,62,-1,-1,True,DATA_REUPLOAD_3Q,PennyLane,0.42.3,default.qubit,DATA_REUPLOAD,3,4,37,16,24,12,8,CNOT_LINEAR,44,-0.40234955,0.599252,0.40235,0.673314,0.0972473621,4.918565991231137e-07,0,9.212258766638116e-07,1.413082475786925e-06,5.200251674497863e-07,0.36800765,3.2.8,3,1,4,41.1322,1.27177423,3.53271e-07,52.31089873,Cortex-A53,4,4,24.4,1200.0,2,46.0,226.6641,0.88,Debian GNU/Linux 13 (trixie) aarch64,Linux,aarch64,3.10.20,0.7916666666666666,0.791891891891892,0.7916666666666666,0.7916264711557013,0.7918918918918919,0.7916666666666667,0.7916264711557013
2026-07-06 02:30:10,c9160e6539125e06c66b22677b30e1ed0aad8c344173a6c30f97b14607f84244,c9160e65,ubuntu,quantum_circuit_qubit_sweep_codecarbon,63,-1,-1,True,DATA_REUPLOAD_3Q,PennyLane,0.42.3,default.qubit,DATA_REUPLOAD,3,4,37,16,24,12,8,CNOT_LINEAR,44,-0.15247967,0.538046,0.15248,0.690249,0.097015748,4.917628276417064e-07,0,9.21030993340537e-07,1.4127938209822434e-06,5.199189402721715e-07,0.36800765,3.2.8,3,1,4,41.2304,1.27151444,3.53198e-07,52.42507385,Cortex-A53,4,4,23.4,1200.0,1,45.9,226.6641,0.88,Debian GNU/Linux 13 (trixie) aarch64,Linux,aarch64,3.10.20,0.7916666666666666,0.791891891891892,0.7916666666666666,0.7916264711557013,0.7918918918918919,0.7916666666666667,0.7916264711557013
2026-07-06 02:30:16,c9160e6539125e06c66b22677b30e1ed0aad8c344173a6c30f97b14607f84244,c9160e65,ubuntu,quantum_circuit_qubit_sweep_codecarbon,64,1,1,True,DATA_REUPLOAD_3Q,PennyLane,0.42.3,default.qubit,DATA_REUPLOAD,3,4,37,16,24,12,8,CNOT_LINEAR,44,0.28061102,0.569696,0.280611,0.6834,0.096973195,4.917825652907293e-07,0,9.210710916280126e-07,1.412853656918742e-06,5.199409603548137e-07,0.36800765,3.2.8,3,1,4,41.2485,1.27156829,3.53213e-07,52.45029996,Cortex-A53,4,4,23.9,1200.0,1,45.7,226.6758,0.88,Debian GNU/Linux 13 (trixie) aarch64,Linux,aarch64,3.10.20,0.7916666666666666,0.791891891891892,0.7916666666666666,0.7916264711557013,0.7918918918918919,0.7916666666666667,0.7916264711557013
2026-07-06 02:30:21,c9160e6539125e06c66b22677b30e1ed0aad8c344173a6c30f97b14607f84244,c9160e65,ubuntu,quantum_circuit_qubit_sweep_codecarbon,65,-1,-1,True,DATA_REUPLOAD_3Q,PennyLane,0.42.3,default.qubit,DATA_REUPLOAD,3,4,37,16,24,12,8,CNOT_LINEAR,44,-0.19691877,0.549071,0.196919,0.688323,0.0970125692,4.917904768305751e-07,0,9.211190892771508e-07,1.412909566107726e-06,5.199615353643135e-07,0.36800765,3.2.8,3,1,4,41.2318,1.27161861,3.53227e-07,52.43108682,Cortex-A53,4,4,25.9,1200.0,3,45.4,226.6758,0.88,Debian GNU/Linux 13 (trixie) aarch64,Linux,aarch64,3.10.20,0.7916666666666666,0.791891891891892,0.7916666666666666,0.7916264711557013,0.7918918918918919,0.7916666666666667,0.7916264711557013
2026-07-06 02:30:27,c9160e6539125e06c66b22677b30e1ed0aad8c344173a6c30f97b14607f84244,c9160e65,ubuntu,quantum_circuit_qubit_sweep_codecarbon,66,-1,-1,True,DATA_REUPLOAD_3Q,PennyLane,0.42.3,default.qubit,DATA_REUPLOAD,3,4,37,16,24,12,8,CNOT_LINEAR,44,-0.45044095,0.610744,0.450441,0.668414,0.0967453311,4.915846666942041e-07,0,9.20710881667522e-07,1.4122955483617262e-06,5.197355721338214e-07,0.36800765,3.2.8,3,1,4,41.3457,1.27106599,3.53074e-07,52.55306812,Cortex-A53,4,4,24.9,1200.0,3,45.7,226.6953,0.88,Debian GNU/Linux 13 (trixie) aarch64,Linux,aarch64,3.10.20,0.7916666666666666,0.791891891891892,0.7916666666666666,0.7916264711557013,0.7918918918918919,0.7916666666666667,0.7916264711557013
2026-07-06 02:30:32,c9160e6539125e06c66b22677b30e1ed0aad8c344173a6c30f97b14607f84244,c9160e65,ubuntu,quantum_circuit_qubit_sweep_codecarbon,67,1,1,True,DATA_REUPLOAD_3Q,PennyLane,0.42.3,default.qubit,DATA_REUPLOAD,3,4,37,16,24,12,8,CNOT_LINEAR,44,0.14729818,0.536758,0.147298,0.690442,0.1008009859,4.934255569073265e-07,0,9.241554342831176e-07,1.417580991190444e-06,5.216806555519139e-07,0.36800765,3.2.8,3,1,4,39.6822,1.27582289,3.54395e-07,50.62739735,Cortex-A53,4,4,24.4,1200.0,2,46.0,226.707,0.88,Debian GNU/Linux 13 (trixie) aarch64,Linux,aarch64,3.10.20,0.7916666666666666,0.791891891891892,0.7916666666666666,0.7916264711557013,0.7918918918918919,0.7916666666666667,0.7916264711557013
2026-07-06 02:30:38,c9160e6539125e06c66b22677b30e1ed0aad8c344173a6c30f97b14607f84244,c9160e65,ubuntu,quantum_circuit_qubit_sweep_codecarbon,68,-1,-1,True,DATA_REUPLOAD_3Q,PennyLane,0.42.3,default.qubit,DATA_REUPLOAD,3,4,37,16,24,12,8,CNOT_LINEAR,44,-0.25880927,0.564344,0.258809,0.684844,0.09840079,4.924911604159408e-07,0,9.223863833661502e-07,1.414877543782091e-06,5.206857662122542e-07,0.36800765,3.2.8,3,1,4,40.6501,1.27338979,3.53719e-07,51.76339699,Cortex-A53,4,4,24.4,1200.0,1,45.7,226.7109,0.88,Debian GNU/Linux 13 (trixie) aarch64,Linux,aarch64,3.10.20,0.7916666666666666,0.791891891891892,0.7916666666666666,0.7916264711557013,0.7918918918918919,0.7916666666666667,0.7916264711557013
2026-07-06 02:30:43,c9160e6539125e06c66b22677b30e1ed0aad8c344173a6c30f97b14607f84244,c9160e65,ubuntu,quantum_circuit_qubit_sweep_codecarbon,69,-1,-1,True,DATA_REUPLOAD_3Q,PennyLane,0.42.3,default.qubit,DATA_REUPLOAD,3,4,37,16,24,12,8,CNOT_LINEAR,44,-0.49295574,0.620802,0.492956,0.66367,0.0969695991,4.917066461147581e-07,0,9.2095726247256e-07,1.412663908587318e-06,5.198711315164317e-07,0.36800765,3.2.8,3,1,4,41.25,1.27139752,3.53166e-07,52.44520052,Cortex-A53,4,4,24.0,1200.0,1,45.7,226.7109,0.88,Debian GNU/Linux 13 (trixie) aarch64,Linux,aarch64,3.10.20,0.7916666666666666,0.791891891891892,0.7916666666666666,0.7916264711557013,0.7918918918918919,0.7916666666666667,0.7916264711557013
2026-07-06 02:30:49,c9160e6539125e06c66b22677b30e1ed0aad8c344173a6c30f97b14607f84244,c9160e65,ubuntu,quantum_circuit_qubit_sweep_codecarbon,70,-1,-1,True,DATA_REUPLOAD_3Q,PennyLane,0.42.3,default.qubit,DATA_REUPLOAD,3,4,37,16,24,12,8,CNOT_LINEAR,44,-0.22731363,0.556585,0.227314,0.68673,0.0976673542,4.922329469515621e-07,0,9.216240058109784e-07,1.4138569527625406e-06,5.203101809050031e-07,0.36800765,3.2.8,3,1,4,40.9553,1.27247126,3.53464e-07,52.11449694,Cortex-A53,4,4,24.8,1200.0,2,45.8,226.7109,0.88,Debian GNU/Linux 13 (trixie) aarch64,Linux,aarch64,3.10.20,0.7916666666666666,0.791891891891892,0.7916666666666666,0.7916264711557013,0.7918918918918919,0.7916666666666667,0.7916264711557013
2026-07-06 02:30:55,c9160e6539125e06c66b22677b30e1ed0aad8c344173a6c30f97b14607f84244,c9160e65,ubuntu,quantum_circuit_qubit_sweep_codecarbon,71,-1,-1,True,DATA_REUPLOAD_3Q,PennyLane,0.42.3,default.qubit,DATA_REUPLOAD,3,4,37,16,24,12,8,CNOT_LINEAR,44,-0.32069564,0.579494,0.320696,0.680455,0.096847879,4.917498803303962e-07,0,9.210199674513812e-07,1.4127698477817774e-06,5.199101179508984e-07,0.36800765,3.2.8,3,1,4,41.3019,1.27149286,3.53192e-07,52.51505252,Cortex-A53,4,4,24.5,1200.0,1,45.6,226.7227,0.88,Debian GNU/Linux 13 (trixie) aarch64,Linux,aarch64,3.10.20,0.7916666666666666,0.791891891891892,0.7916666666666666,0.7916264711557013,0.7918918918918919,0.7916666666666667,0.7916264711557013
2026-07-06 02:31:11,c9160e6539125e06c66b22677b30e1ed0aad8c344173a6c30f97b14607f84244,c9160e65,ubuntu,quantum_circuit_qubit_sweep_codecarbon,0,-1,-1,True,DATA_REUPLOAD_4Q,PennyLane,0.42.3,default.qubit,DATA_REUPLOAD,4,4,49,16,32,16,12,CNOT_LINEAR,60,-0.24059458,0.55986,0.240595,0.685963,0.1310292601,5.069314067735766e-07,0,9.494281800774236e-07,1.4563595868510003e-06,5.359514755835743e-07,0.36800765,3.2.8,4,1,5,38.1594,1.0485789,2.91272e-07,40.01315819,Cortex-A53,4,4,24.3,1200.0,2,45.4,226.7266,0.88,Debian GNU/Linux 13 (trixie) aarch64,Linux,aarch64,3.10.20,0.7083333333333334,0.7124311565696302,0.7083333333333334,0.7069199457259159,0.7124311565696302,0.7083333333333333,0.7069199457259159
2026-07-06 02:31:16,c9160e6539125e06c66b22677b30e1ed0aad8c344173a6c30f97b14607f84244,c9160e65,ubuntu,quantum_circuit_qubit_sweep_codecarbon,1,1,1,True,DATA_REUPLOAD_4Q,PennyLane,0.42.3,default.qubit,DATA_REUPLOAD,4,4,49,16,32,16,12,CNOT_LINEAR,60,0.58111671,0.641324,0.581117,0.652652,0.1283633371,5.057254600294054e-07,0,9.471769283603256e-07,1.452902388389731e-06,5.346792000868963e-07,0.36800765,3.2.8,4,1,5,38.9519,1.04608972,2.9058e-07,40.74721579,Cortex-A53,4,4,24.4,1200.0,1,45.5,226.7383,0.88,Debian GNU/Linux 13 (trixie) aarch64,Linux,aarch64,3.10.20,0.7083333333333334,0.7124311565696302,0.7083333333333334,0.7069199457259159,0.7124311565696302,0.7083333333333333,0.7069199457259159
2026-07-06 02:31:22,c9160e6539125e06c66b22677b30e1ed0aad8c344173a6c30f97b14607f84244,c9160e65,ubuntu,quantum_circuit_qubit_sweep_codecarbon,2,1,1,True,DATA_REUPLOAD_4Q,PennyLane,0.42.3,default.qubit,DATA_REUPLOAD,4,4,49,16,32,16,12,CNOT_LINEAR,60,0.38965887,0.596201,0.389659,0.674522,0.1335192979,5.079979551956058e-07,0,9.514453467757752e-07,1.459443301971381e-06,5.370863063519981e-07,0.36800765,3.2.8,4,1,5,37.4478,1.05079918,2.91889e-07,39.35008623,Cortex-A53,4,4,24.1,1200.0,2,45.9,226.7383,0.88,Debian GNU/Linux 13 (trixie) aarch64,Linux,aarch64,3.10.20,0.7083333333333334,0.7124311565696302,0.7083333333333334,0.7069199457259159,0.7124311565696302,0.7083333333333333,0.7069199457259159
2026-07-06 02:31:27,c9160e6539125e06c66b22677b30e1ed0aad8c344173a6c30f97b14607f84244,c9160e65,ubuntu,quantum_circuit_qubit_sweep_codecarbon,3,1,-1,False,DATA_REUPLOAD_4Q,PennyLane,0.42.3,default.qubit,DATA_REUPLOAD,4,4,49,16,32,16,12,CNOT_LINEAR,60,-0.12317875,0.530756,0.123179,0.691254,0.1285081771,5.925272754966975e-07,0,9.47478739156698e-07,1.5400060146533956e-06,5.667340012817247e-07,0.36800765,3.2.8,4,1,5,38.908,1.10880433,3.08001e-07,43.14139207,Cortex-A53,4,4,24.3,1200.0,4,47.4,226.7383,0.88,Debian GNU/Linux 13 (trixie) aarch64,Linux,aarch64,3.10.20,0.7083333333333334,0.7124311565696302,0.7083333333333334,0.7069199457259159,0.7124311565696302,0.7083333333333333,0.7069199457259159
2026-07-06 02:31:33,c9160e6539125e06c66b22677b30e1ed0aad8c344173a6c30f97b14607f84244,c9160e65,ubuntu,quantum_circuit_qubit_sweep_codecarbon,4,-1,1,False,DATA_REUPLOAD_4Q,PennyLane,0.42.3,default.qubit,DATA_REUPLOAD,4,4,49,16,32,16,12,CNOT_LINEAR,60,0.20875416,0.552,0.208754,0.687729,0.1283750529,5.056967578000493e-07,0,9.47151087457314e-07,1.4528478452573637e-06,5.346591277966878e-07,0.36800765,3.2.8,4,1,5,38.9484,1.04605045,2.9057e-07,40.74196756,Cortex-A53,4,4,24.6,1200.0,1,47.3,226.7383,0.88,Debian GNU/Linux 13 (trixie) aarch64,Linux,aarch64,3.10.20,0.7083333333333334,0.7124311565696302,0.7083333333333334,0.7069199457259159,0.7124311565696302,0.7083333333333333,0.7069199457259159
2026-07-06 02:31:38,c9160e6539125e06c66b22677b30e1ed0aad8c344173a6c30f97b14607f84244,c9160e65,ubuntu,quantum_circuit_qubit_sweep_codecarbon,5,1,1,True,DATA_REUPLOAD_4Q,PennyLane,0.42.3,default.qubit,DATA_REUPLOAD,4,4,49,16,32,16,12,CNOT_LINEAR,60,0.38739418,0.595655,0.387394,0.674734,0.1288168728,5.05922739311397e-07,0,9.475861491713052e-07,1.4535088884827025e-06,5.349023967635306e-07,0.36800765,3.2.8,4,1,5,38.8148,1.0465264,2.90702e-07,40.62070351,Cortex-A53,4,4,23.5,1200.0,1,47.2,226.7383,0.88,Debian GNU/Linux 13 (trixie) aarch64,Linux,aarch64,3.10.20,0.7083333333333334,0.7124311565696302,0.7083333333333334,0.7069199457259159,0.7124311565696302,0.7083333333333333,0.7069199457259159
2026-07-06 02:31:44,c9160e6539125e06c66b22677b30e1ed0aad8c344173a6c30f97b14607f84244,c9160e65,ubuntu,quantum_circuit_qubit_sweep_codecarbon,6,1,-1,False,DATA_REUPLOAD_4Q,PennyLane,0.42.3,default.qubit,DATA_REUPLOAD,4,4,49,16,32,16,12,CNOT_LINEAR,60,-0.18348984,0.545744,0.18349,0.688956,0.1284209369,5.056718217415942e-07,0,9.471211299144974e-07,1.4527929516560916e-06,5.346389265312398e-07,0.36800765,3.2.8,4,1,5,38.9345,1.04601093,2.90559e-07,40.72587191,Cortex-A53,4,4,24.4,1200.0,1,47.2,226.7383,0.88,Debian GNU/Linux 13 (trixie) aarch64,Linux,aarch64,3.10.20,0.7083333333333334,0.7124311565696302,0.7083333333333334,0.7069199457259159,0.7124311565696302,0.7083333333333333,0.7069199457259159
2026-07-06 02:31:49,c9160e6539125e06c66b22677b30e1ed0aad8c344173a6c30f97b14607f84244,c9160e65,ubuntu,quantum_circuit_qubit_sweep_codecarbon,7,1,-1,False,DATA_REUPLOAD_4Q,PennyLane,0.42.3,default.qubit,DATA_REUPLOAD,4,4,49,16,32,16,12,CNOT_LINEAR,60,-0.21730592,0.554114,0.217306,0.687279,0.129137286,5.060370196284115e-07,0,9.478006350885456e-07,1.453837654716957e-06,5.350233852542589e-07,0.36800765,3.2.8,4,1,5,38.7185,1.04676311,2.90768e-07,40.52908126,Cortex-A53,4,4,24.0,1200.0,2,47.1,226.7422,0.88,Debian GNU/Linux 13 (trixie) aarch64,Linux,aarch64,3.10.20,0.7083333333333334,0.7124311565696302,0.7083333333333334,0.7069199457259159,0.7124311565696302,0.7083333333333333,0.7069199457259159
2026-07-06 02:31:55,c9160e6539125e06c66b22677b30e1ed0aad8c344173a6c30f97b14607f84244,c9160e65,ubuntu,quantum_circuit_qubit_sweep_codecarbon,8,1,1,True,DATA_REUPLOAD_4Q,PennyLane,0.42.3,default.qubit,DATA_REUPLOAD,4,4,49,16,32,16,12,CNOT_LINEAR,60,0.46032371,0.613091,0.460324,0.667345,0.1282072898,5.05673288004444e-07,0,9.47092777544943e-07,1.4527660655493872e-06,5.346290322381743e-07,0.36800765,3.2.8,4,1,5,38.9993,1.04599157,2.90553e-07,40.79298332,Cortex-A53,4,4,25.1,1200.0,1,47.2,226.7539,0.88,Debian GNU/Linux 13 (trixie) aarch64,Linux,aarch64,3.10.20,0.7083333333333334,0.7124311565696302,0.7083333333333334,0.7069199457259159,0.7124311565696302,0.7083333333333333,0.7069199457259159
2026-07-06 02:32:00,c9160e6539125e06c66b22677b30e1ed0aad8c344173a6c30f97b14607f84244,c9160e65,ubuntu,quantum_circuit_qubit_sweep_codecarbon,9,-1,-1,True,DATA_REUPLOAD_4Q,PennyLane,0.42.3,default.qubit,DATA_REUPLOAD,4,4,49,16,32,16,12,CNOT_LINEAR,60,-0.18511908,0.546148,0.185119,0.688882,0.129386503,5.06194811227372e-07,0,9.480262751458212e-07,1.4542210863731932e-06,5.351644910387099e-07,0.36800765,3.2.8,4,1,5,38.6439,1.04703918,2.90844e-07,40.46168487,Cortex-A53,4,4,24.2,1200.0,2,46.1,226.7539,0.88,Debian GNU/Linux 13 (trixie) aarch64,Linux,aarch64,3.10.20,0.7083333333333334,0.7124311565696302,0.7083333333333334,0.7069199457259159,0.7124311565696302,0.7083333333333333,0.7069199457259159
2026-07-06 02:32:07,c9160e6539125e06c66b22677b30e1ed0aad8c344173a6c30f97b14607f84244,c9160e65,ubuntu,quantum_circuit_qubit_sweep_codecarbon,10,1,1,True,DATA_REUPLOAD_4Q,PennyLane,0.42.3,default.qubit,DATA_REUPLOAD,4,4,49,16,32,16,12,CNOT_LINEAR,60,0.61571112,0.649242,0.615711,0.647914,0.1318495621,5.072155297837324e-07,0,9.500013458697746e-07,1.457216875653507e-06,5.362669644249656e-07,0.36800765,3.2.8,4,1,5,37.922,1.04919615,2.91443e-07,39.78762364,Cortex-A53,4,4,24.2,1200.0,2,46.0,226.7539,0.88,Debian GNU/Linux 13 (trixie) aarch64,Linux,aarch64,3.10.20,0.7083333333333334,0.7124311565696302,0.7083333333333334,0.7069199457259159,0.7124311565696302,0.7083333333333333,0.7069199457259159
2026-07-06 02:32:12,c9160e6539125e06c66b22677b30e1ed0aad8c344173a6c30f97b14607f84244,c9160e65,ubuntu,quantum_circuit_qubit_sweep_codecarbon,11,1,-1,False,DATA_REUPLOAD_4Q,PennyLane,0.42.3,default.qubit,DATA_REUPLOAD,4,4,49,16,32,16,12,CNOT_LINEAR,60,-0.07305556,0.518256,0.073056,0.69248,0.1276956771,5.053886964523801e-07,0,9.465888590784744e-07,1.4519775555308544e-06,5.343388545157488e-07,0.36800765,3.2.8,4,1,5,39.1556,1.04542384,2.90396e-07,40.93419071,Cortex-A53,4,4,23.9,1200.0,1,45.8,226.7539,0.88,Debian GNU/Linux 13 (trixie) aarch64,Linux,aarch64,3.10.20,0.7083333333333334,0.7124311565696302,0.7083333333333334,0.7069199457259159,0.7124311565696302,0.7083333333333333,0.7069199457259159
2026-07-06 02:32:18,c9160e6539125e06c66b22677b30e1ed0aad8c344173a6c30f97b14607f84244,c9160e65,ubuntu,quantum_circuit_qubit_sweep_codecarbon,12,-1,-1,True,DATA_REUPLOAD_4Q,PennyLane,0.42.3,default.qubit,DATA_REUPLOAD,4,4,49,16,32,16,12,CNOT_LINEAR,60,-0.2209457,0.555013,0.220946,0.687082,0.1284478079,5.057218885067941e-07,0,9.471890683441112e-07,1.4529109568509052e-06,5.346823533461953e-07,0.36800765,3.2.8,4,1,5,38.9263,1.04609589,2.90582e-07,40.72065948,Cortex-A53,4,4,24.6,1200.0,1,46.0,226.7539,0.88,Debian GNU/Linux 13 (trixie) aarch64,Linux,aarch64,3.10.20,0.7083333333333334,0.7124311565696302,0.7083333333333334,0.7069199457259159,0.7124311565696302,0.7083333333333333,0.7069199457259159
2026-07-06 02:32:23,c9160e6539125e06c66b22677b30e1ed0aad8c344173a6c30f97b14607f84244,c9160e65,ubuntu,quantum_circuit_qubit_sweep_codecarbon,13,1,1,True,DATA_REUPLOAD_4Q,PennyLane,0.42.3,default.qubit,DATA_REUPLOAD,4,4,49,16,32,16,12,CNOT_LINEAR,60,0.06409198,0.516018,0.064092,0.692634,0.128662233,5.057729519116621e-07,0,9.47289887505273e-07,1.4530628394169351e-06,5.347382472930708e-07,0.36800765,3.2.8,4,1,5,38.8614,1.04620524,2.90613e-07,40.65704519,Cortex-A53,4,4,24.0,1200.0,1,45.9,226.7539,0.88,Debian GNU/Linux 13 (trixie) aarch64,Linux,aarch64,3.10.20,0.7083333333333334,0.7124311565696302,0.7083333333333334,0.7069199457259159,0.7124311565696302,0.7083333333333333,0.7069199457259159
2026-07-06 02:32:29,c9160e6539125e06c66b22677b30e1ed0aad8c344173a6c30f97b14607f84244,c9160e65,ubuntu,quantum_circuit_qubit_sweep_codecarbon,14,1,1,True,DATA_REUPLOAD_4Q,PennyLane,0.42.3,default.qubit,DATA_REUPLOAD,4,4,49,16,32,16,12,CNOT_LINEAR,60,0.59657299,0.644872,0.596573,0.650563,0.1282002029,5.055983656060357e-07,0,9.469648850305626e-07,1.4525632506365984e-06,5.345543947978327e-07,0.36800765,3.2.8,4,1,5,39.0015,1.04584554,2.90513e-07,40.78954309,Cortex-A53,4,4,24.6,1200.0,2,45.9,226.7578,0.88,Debian GNU/Linux 13 (trixie) aarch64,Linux,aarch64,3.10.20,0.7083333333333334,0.7124311565696302,0.7083333333333334,0.7069199457259159,0.7124311565696302,0.7083333333333333,0.7069199457259159
2026-07-06 02:32:34,c9160e6539125e06c66b22677b30e1ed0aad8c344173a6c30f97b14607f84244,c9160e65,ubuntu,quantum_circuit_qubit_sweep_codecarbon,15,-1,1,False,DATA_REUPLOAD_4Q,PennyLane,0.42.3,default.qubit,DATA_REUPLOAD,4,4,49,16,32,16,12,CNOT_LINEAR,60,0.27716997,0.568852,0.27717,0.683636,0.128492598,5.057323672427909e-07,0,9.472223883494736e-07,1.4529547555922645e-06,5.346984716182704e-07,0.36800765,3.2.8,4,1,5,38.9127,1.04612742,2.90591e-07,40.70769214,Cortex-A53,4,4,24.2,1200.0,1,45.9,226.7578,0.88,Debian GNU/Linux 13 (trixie) aarch64,Linux,aarch64,3.10.20,0.7083333333333334,0.7124311565696302,0.7083333333333334,0.7069199457259159,0.7124311565696302,0.7083333333333333,0.7069199457259159
2026-07-06 02:32:40,c9160e6539125e06c66b22677b30e1ed0aad8c344173a6c30f97b14607f84244,c9160e65,ubuntu,quantum_circuit_qubit_sweep_codecarbon,16,1,-1,False,DATA_REUPLOAD_4Q,PennyLane,0.42.3,default.qubit,DATA_REUPLOAD,4,4,49,16,32,16,12,CNOT_LINEAR,60,-0.14452468,0.536068,0.144525,0.690543,0.1283418681,5.056916106906203e-07,0,9.471545874839648e-07,1.452846198174585e-06,5.346585216576179e-07,0.36800765,3.2.8,4,1,5,38.9584,1.04604926,2.90569e-07,40.75245586,Cortex-A53,4,4,24.3,1200.0,2,45.8,226.7578,0.88,Debian GNU/Linux 13 (trixie) aarch64,Linux,aarch64,3.10.20,0.7083333333333334,0.7124311565696302,0.7083333333333334,0.7069199457259159,0.7124311565696302,0.7083333333333333,0.7069199457259159
2026-07-06 02:32:45,c9160e6539125e06c66b22677b30e1ed0aad8c344173a6c30f97b14607f84244,c9160e65,ubuntu,quantum_circuit_qubit_sweep_codecarbon,17,1,-1,False,DATA_REUPLOAD_4Q,PennyLane,0.42.3,default.qubit,DATA_REUPLOAD,4,4,49,16,32,16,12,CNOT_LINEAR,60,-0.02438777,0.506097,0.024388,0.693073,0.12905926,5.060039449276196e-07,0,9.476735916299124e-07,1.453677536557532e-06,5.349644605459751e-07,0.36800765,3.2.8,4,1,5,38.7419,1.04664783,2.90736e-07,40.54911775,Cortex-A53,4,4,24.3,1200.0,2,45.8,226.7578,0.88,Debian GNU/Linux 13 (trixie) aarch64,Linux,aarch64,3.10.20,0.7083333333333334,0.7124311565696302,0.7083333333333334,0.7069199457259159,0.7124311565696302,0.7083333333333333,0.7069199457259159
2026-07-06 02:32:51,c9160e6539125e06c66b22677b30e1ed0aad8c344173a6c30f97b14607f84244,c9160e65,ubuntu,quantum_circuit_qubit_sweep_codecarbon,18,-1,-1,True,DATA_REUPLOAD_4Q,PennyLane,0.42.3,default.qubit,DATA_REUPLOAD,4,4,49,16,32,16,12,CNOT_LINEAR,60,-0.19531897,0.548675,0.195319,0.688401,0.1283031171,5.056522217745476e-07,0,9.470858733402566e-07,1.4527380951148042e-06,5.346187389041497e-07,0.36800765,3.2.8,4,1,5,38.9702,1.04597143,2.90548e-07,40.76173097,Cortex-A53,4,4,24.4,1200.0,1,45.8,226.7578,0.88,Debian GNU/Linux 13 (trixie) aarch64,Linux,aarch64,3.10.20,0.7083333333333334,0.7124311565696302,0.7083333333333334,0.7069199457259159,0.7124311565696302,0.7083333333333333,0.7069199457259159
2026-07-06 02:32:56,c9160e6539125e06c66b22677b30e1ed0aad8c344173a6c30f97b14607f84244,c9160e65,ubuntu,quantum_circuit_qubit_sweep_codecarbon,19,1,1,True,DATA_REUPLOAD_4Q,PennyLane,0.42.3,default.qubit,DATA_REUPLOAD,4,4,49,16,32,16,12,CNOT_LINEAR,60,0.13127052,0.532771,0.131271,0.690998,0.1296369641,5.063376186622514e-07,0,9.482337792481604e-07,1.454571397910412e-06,5.352934083658463e-07,0.36800765,3.2.8,4,1,5,38.5692,1.04729141,2.90914e-07,40.39324023,Cortex-A53,4,4,24.3,1200.0,1,45.9,226.7617,0.88,Debian GNU/Linux 13 (trixie) aarch64,Linux,aarch64,3.10.20,0.7083333333333334,0.7124311565696302,0.7083333333333334,0.7069199457259159,0.7124311565696302,0.7083333333333333,0.7069199457259159
2026-07-06 02:33:03,c9160e6539125e06c66b22677b30e1ed0aad8c344173a6c30f97b14607f84244,c9160e65,ubuntu,quantum_circuit_qubit_sweep_codecarbon,20,-1,-1,True,DATA_REUPLOAD_4Q,PennyLane,0.42.3,default.qubit,DATA_REUPLOAD,4,4,49,16,32,16,12,CNOT_LINEAR,60,-0.16537898,0.541251,0.165379,0.68974,0.1279406699,5.054149721522928e-07,0,9.466418992572774e-07,1.45205687140957e-06,5.343680433662351e-07,0.36800765,3.2.8,4,1,5,39.0806,1.04548095,2.90411e-07,40.85803788,Cortex-A53,4,4,24.4,1200.0,2,45.9,226.7617,0.88,Debian GNU/Linux 13 (trixie) aarch64,Linux,aarch64,3.10.20,0.7083333333333334,0.7124311565696302,0.7083333333333334,0.7069199457259159,0.7124311565696302,0.7083333333333333,0.7069199457259159
2026-07-06 02:33:08,c9160e6539125e06c66b22677b30e1ed0aad8c344173a6c30f97b14607f84244,c9160e65,ubuntu,quantum_circuit_qubit_sweep_codecarbon,21,1,1,True,DATA_REUPLOAD_4Q,PennyLane,0.42.3,default.qubit,DATA_REUPLOAD,4,4,49,16,32,16,12,CNOT_LINEAR,60,0.52031006,0.62722,0.52031,0.660419,0.1290287368,5.059942496504941e-07,0,9.477240933726232e-07,1.4537183430231171e-06,5.349794776376612e-07,0.36800765,3.2.8,4,1,5,38.7511,1.04667721,2.90744e-07,40.55984863,Cortex-A53,4,4,24.0,1200.0,1,46.0,226.7617,0.88,Debian GNU/Linux 13 (trixie) aarch64,Linux,aarch64,3.10.20,0.7083333333333334,0.7124311565696302,0.7083333333333334,0.7069199457259159,0.7124311565696302,0.7083333333333333,0.7069199457259159
2026-07-06 02:33:14,c9160e6539125e06c66b22677b30e1ed0aad8c344173a6c30f97b14607f84244,c9160e65,ubuntu,quantum_circuit_qubit_sweep_codecarbon,22,1,-1,False,DATA_REUPLOAD_4Q,PennyLane,0.42.3,default.qubit,DATA_REUPLOAD,4,4,49,16,32,16,12,CNOT_LINEAR,60,-0.11934692,0.529801,0.119347,0.69137,0.1285785299,5.05735855549574e-07,0,9.472473132579276e-07,1.4529831688075015e-06,5.347089278989652e-07,0.36800765,3.2.8,4,1,5,38.8867,1.04614788,2.90597e-07,40.68128179,Cortex-A53,4,4,24.8,1200.0,1,45.9,226.7656,0.88,Debian GNU/Linux 13 (trixie) aarch64,Linux,aarch64,3.10.20,0.7083333333333334,0.7124311565696302,0.7083333333333334,0.7069199457259159,0.7124311565696302,0.7083333333333333,0.7069199457259159
2026-07-06 02:33:19,c9160e6539125e06c66b22677b30e1ed0aad8c344173a6c30f97b14607f84244,c9160e65,ubuntu,quantum_circuit_qubit_sweep_codecarbon,23,-1,-1,True,DATA_REUPLOAD_4Q,PennyLane,0.42.3,default.qubit,DATA_REUPLOAD,4,4,49,16,32,16,12,CNOT_LINEAR,60,-0.001601,0.5004,0.001601,0.693147,0.1285606131,5.05757880542984e-07,0,9.472931851632892e-07,1.4530510657062734e-06,5.347339144774261e-07,0.36800765,3.2.8,4,1,5,38.8922,1.04619677,2.9061e-07,40.68885259,Cortex-A53,4,4,24.2,1200.0,2,46.0,226.7695,0.88,Debian GNU/Linux 13 (trixie) aarch64,Linux,aarch64,3.10.20,0.7083333333333334,0.7124311565696302,0.7083333333333334,0.7069199457259159,0.7124311565696302,0.7083333333333333,0.7069199457259159
2026-07-06 02:33:25,c9160e6539125e06c66b22677b30e1ed0aad8c344173a6c30f97b14607f84244,c9160e65,ubuntu,quantum_circuit_qubit_sweep_codecarbon,24,1,1,True,DATA_REUPLOAD_4Q,PennyLane,0.42.3,default.qubit,DATA_REUPLOAD,4,4,49,16,32,16,12,CNOT_LINEAR,60,0.12652599,0.531589,0.126526,0.69115,0.128379832,5.057067537887229e-07,0,9.471559417822088e-07,1.4528626955709315e-06,5.346645928257518e-07,0.36800765,3.2.8,4,1,5,38.9469,1.04606114,2.90573e-07,40.74086733,Cortex-A53,4,4,24.7,1200.0,2,45.8,226.7812,0.88,Debian GNU/Linux 13 (trixie) aarch64,Linux,aarch64,3.10.20,0.7083333333333334,0.7124311565696302,0.7083333333333334,0.7069199457259159,0.7124311565696302,0.7083333333333333,0.7069199457259159
2026-07-06 02:33:30,c9160e6539125e06c66b22677b30e1ed0aad8c344173a6c30f97b14607f84244,c9160e65,ubuntu,quantum_circuit_qubit_sweep_codecarbon,25,1,-1,False,DATA_REUPLOAD_4Q,PennyLane,0.42.3,default.qubit,DATA_REUPLOAD,4,4,49,16,32,16,12,CNOT_LINEAR,60,-0.19382046,0.548304,0.19382,0.688473,0.1280057181,5.054271832537074e-07,0,9.466715224940952e-07,1.4520987057478023e-06,5.343834387229232e-07,0.36800765,3.2.8,4,1,5,39.0608,1.04551107,2.9042e-07,40.83845173,Cortex-A53,4,4,24.0,1200.0,1,45.9,226.7812,0.88,Debian GNU/Linux 13 (trixie) aarch64,Linux,aarch64,3.10.20,0.7083333333333334,0.7124311565696302,0.7083333333333334,0.7069199457259159,0.7124311565696302,0.7083333333333333,0.7069199457259159
2026-07-06 02:33:36,c9160e6539125e06c66b22677b30e1ed0aad8c344173a6c30f97b14607f84244,c9160e65,ubuntu,quantum_circuit_qubit_sweep_codecarbon,26,1,-1,False,DATA_REUPLOAD_4Q,PennyLane,0.42.3,default.qubit,DATA_REUPLOAD,4,4,49,16,32,16,12,CNOT_LINEAR,60,-0.21453088,0.553428,0.214531,0.687427,0.1284633202,5.057088693269165e-07,0,9.472009423188865e-07,1.452909811645803e-06,5.346819319019517e-07,0.36800765,3.2.8,4,1,5,38.9216,1.04609506,2.90582e-07,40.71571024,Cortex-A53,4,4,24.1,1200.0,1,45.9,226.7812,0.88,Debian GNU/Linux 13 (trixie) aarch64,Linux,aarch64,3.10.20,0.7083333333333334,0.7124311565696302,0.7083333333333334,0.7069199457259159,0.7124311565696302,0.7083333333333333,0.7069199457259159
2026-07-06 02:33:42,c9160e6539125e06c66b22677b30e1ed0aad8c344173a6c30f97b14607f84244,c9160e65,ubuntu,quantum_circuit_qubit_sweep_codecarbon,27,-1,-1,True,DATA_REUPLOAD_4Q,PennyLane,0.42.3,default.qubit,DATA_REUPLOAD,4,4,49,16,32,16,12,CNOT_LINEAR,60,-0.17243464,0.543002,0.172435,0.689444,0.1333244911,5.080112951497237e-07,0,9.513966624702638e-07,1.4594079576199874e-06,5.370732993601438e-07,0.36800765,3.2.8,4,1,5,37.5025,1.05077373,2.91882e-07,39.40662818,Cortex-A53,4,4,24.5,1200.0,2,46.0,226.793,0.88,Debian GNU/Linux 13 (trixie) aarch64,Linux,aarch64,3.10.20,0.7083333333333334,0.7124311565696302,0.7083333333333334,0.7069199457259159,0.7124311565696302,0.7083333333333333,0.7069199457259159
2026-07-06 02:33:47,c9160e6539125e06c66b22677b30e1ed0aad8c344173a6c30f97b14607f84244,c9160e65,ubuntu,quantum_circuit_qubit_sweep_codecarbon,28,-1,-1,True,DATA_REUPLOAD_4Q,PennyLane,0.42.3,default.qubit,DATA_REUPLOAD,4,4,49,16,32,16,12,CNOT_LINEAR,60,-0.1962616,0.548909,0.196262,0.688355,0.1286565471,5.057618743691179e-07,0,9.472985901326564e-07,1.453060464501774e-06,5.347373733061129e-07,0.36800765,3.2.8,4,1,5,38.8632,1.04620353,2.90612e-07,40.65877557,Cortex-A53,4,4,24.3,1200.0,1,45.9,226.8008,0.88,Debian GNU/Linux 13 (trixie) aarch64,Linux,aarch64,3.10.20,0.7083333333333334,0.7124311565696302,0.7083333333333334,0.7069199457259159,0.7124311565696302,0.7083333333333333,0.7069199457259159
2026-07-06 02:33:53,c9160e6539125e06c66b22677b30e1ed0aad8c344173a6c30f97b14607f84244,c9160e65,ubuntu,quantum_circuit_qubit_sweep_codecarbon,29,1,1,True,DATA_REUPLOAD_4Q,PennyLane,0.42.3,default.qubit,DATA_REUPLOAD,4,4,49,16,32,16,12,CNOT_LINEAR,60,0.41114138,0.601362,0.411141,0.672456,0.1301782571,5.064502719517381e-07,0,9.48565723374486e-07,1.455015995326224e-06,5.354570236180111e-07,0.36800765,3.2.8,4,1,5,38.4089,1.04761152,2.91003e-07,40.23757653,Cortex-A53,4,4,24.0,1200.0,4,45.8,226.8008,0.88,Debian GNU/Linux 13 (trixie) aarch64,Linux,aarch64,3.10.20,0.7083333333333334,0.7124311565696302,0.7083333333333334,0.7069199457259159,0.7124311565696302,0.7083333333333333,0.7069199457259159
2026-07-06 02:33:59,c9160e6539125e06c66b22677b30e1ed0aad8c344173a6c30f97b14607f84244,c9160e65,ubuntu,quantum_circuit_qubit_sweep_codecarbon,30,-1,-1,True,DATA_REUPLOAD_4Q,PennyLane,0.42.3,default.qubit,DATA_REUPLOAD,4,4,49,16,32,16,12,CNOT_LINEAR,60,-0.26533768,0.565948,0.265338,0.684424,0.129163783,5.060799332956473e-07,0,9.479049148891744e-07,1.4539848481848216e-06,5.350775535771172e-07,0.36800765,3.2.8,4,1,5,38.7105,1.04686909,2.90797e-07,40.52486951,Cortex-A53,4,4,24.8,1200.0,2,46.0,226.8008,0.88,Debian GNU/Linux 13 (trixie) aarch64,Linux,aarch64,3.10.20,0.7083333333333334,0.7124311565696302,0.7083333333333334,0.7069199457259159,0.7124311565696302,0.7083333333333333,0.7069199457259159
2026-07-06 02:34:04,c9160e6539125e06c66b22677b30e1ed0aad8c344173a6c30f97b14607f84244,c9160e65,ubuntu,quantum_circuit_qubit_sweep_codecarbon,31,-1,-1,True,DATA_REUPLOAD_4Q,PennyLane,0.42.3,default.qubit,DATA_REUPLOAD,4,4,49,16,32,16,12,CNOT_LINEAR,60,-0.26529533,0.565938,0.265295,0.684426,0.129044096,5.059613350179937e-07,0,9.476511809043586e-07,1.4536125159223523e-06,5.349405324545322e-07,0.36800765,3.2.8,4,1,5,38.7464,1.04660101,2.90723e-07,40.55206879,Cortex-A53,4,4,23.9,1200.0,1,45.9,226.8008,0.88,Debian GNU/Linux 13 (trixie) aarch64,Linux,aarch64,3.10.20,0.7083333333333334,0.7124311565696302,0.7083333333333334,0.7069199457259159,0.7124311565696302,0.7083333333333333,0.7069199457259159
2026-07-06 02:34:10,c9160e6539125e06c66b22677b30e1ed0aad8c344173a6c30f97b14607f84244,c9160e65,ubuntu,quantum_circuit_qubit_sweep_codecarbon,32,-1,-1,True,DATA_REUPLOAD_4Q,PennyLane,0.42.3,default.qubit,DATA_REUPLOAD,4,4,49,16,32,16,12,CNOT_LINEAR,60,-0.02952428,0.507381,0.029524,0.693038,0.1283671709,5.056928613225738e-07,0,9.471353366582964e-07,1.4528281979808705e-06,5.346518974485493e-07,0.36800765,3.2.8,4,1,5,38.9508,1.0460363,2.90566e-07,40.74391821,Cortex-A53,4,4,23.7,1200.0,1,46.0,226.8008,0.88,Debian GNU/Linux 13 (trixie) aarch64,Linux,aarch64,3.10.20,0.7083333333333334,0.7124311565696302,0.7083333333333334,0.7069199457259159,0.7124311565696302,0.7083333333333333,0.7069199457259159
2026-07-06 02:34:16,c9160e6539125e06c66b22677b30e1ed0aad8c344173a6c30f97b14607f84244,c9160e65,ubuntu,quantum_circuit_qubit_sweep_codecarbon,33,-1,-1,True,DATA_REUPLOAD_4Q,PennyLane,0.42.3,default.qubit,DATA_REUPLOAD,4,4,49,16,32,16,12,CNOT_LINEAR,60,-0.07039324,0.517591,0.070393,0.692528,0.1333205299,5.078476262796257e-07,0,9.511522391888624e-07,1.458999865468488e-06,5.369231183246737e-07,0.36800765,3.2.8,4,1,5,37.5036,1.0504799,2.918e-07,39.39677946,Cortex-A53,4,4,24.9,1200.0,2,46.0,226.8008,0.88,Debian GNU/Linux 13 (trixie) aarch64,Linux,aarch64,3.10.20,0.7083333333333334,0.7124311565696302,0.7083333333333334,0.7069199457259159,0.7124311565696302,0.7083333333333333,0.7069199457259159
2026-07-06 02:34:21,c9160e6539125e06c66b22677b30e1ed0aad8c344173a6c30f97b14607f84244,c9160e65,ubuntu,quantum_circuit_qubit_sweep_codecarbon,34,1,1,True,DATA_REUPLOAD_4Q,PennyLane,0.42.3,default.qubit,DATA_REUPLOAD,4,4,49,16,32,16,12,CNOT_LINEAR,60,0.57148922,0.639107,0.571489,0.65393,0.1280825362,5.055640385695218e-07,0,9.469069451248894e-07,1.4524709836944111e-06,5.345204398568557e-07,0.36800765,3.2.8,4,1,5,39.0373,1.04577911,2.90494e-07,40.82442227,Cortex-A53,4,4,24.7,1200.0,1,45.8,226.8008,0.88,Debian GNU/Linux 13 (trixie) aarch64,Linux,aarch64,3.10.20,0.7083333333333334,0.7124311565696302,0.7083333333333334,0.7069199457259159,0.7124311565696302,0.7083333333333333,0.7069199457259159
2026-07-06 02:34:27,c9160e6539125e06c66b22677b30e1ed0aad8c344173a6c30f97b14607f84244,c9160e65,ubuntu,quantum_circuit_qubit_sweep_codecarbon,35,-1,-1,True,DATA_REUPLOAD_4Q,PennyLane,0.42.3,default.qubit,DATA_REUPLOAD,4,4,49,16,32,16,12,CNOT_LINEAR,60,-0.2120921,0.552825,0.212092,0.687556,0.1288557609,5.061474462143249e-07,0,9.479722132285436e-07,1.4541196594428689e-06,5.351271651519837e-07,0.36800765,3.2.8,4,1,5,38.8031,1.04696615,2.90824e-07,40.62550822,Cortex-A53,4,4,24.5,1200.0,2,45.8,226.8047,0.88,Debian GNU/Linux 13 (trixie) aarch64,Linux,aarch64,3.10.20,0.7083333333333334,0.7124311565696302,0.7083333333333334,0.7069199457259159,0.7124311565696302,0.7083333333333333,0.7069199457259159
2026-07-06 02:34:32,c9160e6539125e06c66b22677b30e1ed0aad8c344173a6c30f97b14607f84244,c9160e65,ubuntu,quantum_circuit_qubit_sweep_codecarbon,36,1,1,True,DATA_REUPLOAD_4Q,PennyLane,0.42.3,default.qubit,DATA_REUPLOAD,4,4,49,16,32,16,12,CNOT_LINEAR,60,0.15554541,0.538808,0.155545,0.690132,0.1279974841,5.055211747272148e-07,0,9.468525118427352e-07,1.4523736865699495e-06,5.344846337702985e-07,0.36800765,3.2.8,4,1,5,39.0633,1.04570905,2.90475e-07,40.84881285,Cortex-A53,4,4,24.7,1200.0,2,45.3,226.8164,0.88,Debian GNU/Linux 13 (trixie) aarch64,Linux,aarch64,3.10.20,0.7083333333333334,0.7124311565696302,0.7083333333333334,0.7069199457259159,0.7124311565696302,0.7083333333333333,0.7069199457259159
2026-07-06 02:34:38,c9160e6539125e06c66b22677b30e1ed0aad8c344173a6c30f97b14607f84244,c9160e65,ubuntu,quantum_circuit_qubit_sweep_codecarbon,37,-1,1,False,DATA_REUPLOAD_4Q,PennyLane,0.42.3,default.qubit,DATA_REUPLOAD,4,4,49,16,32,16,12,CNOT_LINEAR,60,0.19987743,0.549804,0.199877,0.688178,0.1291208109,5.060860306645434e-07,0,9.479091865553832e-07,1.4539952172199265e-06,5.35081369461405e-07,0.36800765,3.2.8,4,1,5,38.7234,1.04687656,2.90799e-07,40.53864552,Cortex-A53,4,4,24.3,1200.0,2,45.6,226.8164,0.88,Debian GNU/Linux 13 (trixie) aarch64,Linux,aarch64,3.10.20,0.7083333333333334,0.7124311565696302,0.7083333333333334,0.7069199457259159,0.7124311565696302,0.7083333333333333,0.7069199457259159
2026-07-06 02:34:43,c9160e6539125e06c66b22677b30e1ed0aad8c344173a6c30f97b14607f84244,c9160e65,ubuntu,quantum_circuit_qubit_sweep_codecarbon,38,-1,-1,True,DATA_REUPLOAD_4Q,PennyLane,0.42.3,default.qubit,DATA_REUPLOAD,4,4,49,16,32,16,12,CNOT_LINEAR,60,-0.20363334,0.550733,0.203633,0.687991,0.128431699,5.05705696514296e-07,0,9.471428233276432e-07,1.4528485198419391e-06,5.346593760489752e-07,0.36800765,3.2.8,4,1,5,38.9312,1.04605093,2.9057e-07,40.72401683,Cortex-A53,4,4,24.1,1200.0,1,45.8,226.8164,0.88,Debian GNU/Linux 13 (trixie) aarch64,Linux,aarch64,3.10.20,0.7083333333333334,0.7124311565696302,0.7083333333333334,0.7069199457259159,0.7124311565696302,0.7083333333333333,0.7069199457259159
2026-07-06 02:34:49,c9160e6539125e06c66b22677b30e1ed0aad8c344173a6c30f97b14607f84244,c9160e65,ubuntu,quantum_circuit_qubit_sweep_codecarbon,39,-1,1,False,DATA_REUPLOAD_4Q,PennyLane,0.42.3,default.qubit,DATA_REUPLOAD,4,4,49,16,32,16,12,CNOT_LINEAR,60,0.37272703,0.592118,0.372727,0.676078,0.1283377931,5.056902884195248e-07,0,9.471480290327844e-07,1.452838317452309e-06,5.346556214914977e-07,0.36800765,3.2.8,4,1,5,38.9597,1.04604359,2.90568e-07,40.75352878,Cortex-A53,4,4,24.3,1200.0,2,45.2,226.8242,0.88,Debian GNU/Linux 13 (trixie) aarch64,Linux,aarch64,3.10.20,0.7083333333333334,0.7124311565696302,0.7083333333333334,0.7069199457259159,0.7124311565696302,0.7083333333333333,0.7069199457259159
2026-07-06 02:34:55,c9160e6539125e06c66b22677b30e1ed0aad8c344173a6c30f97b14607f84244,c9160e65,ubuntu,quantum_circuit_qubit_sweep_codecarbon,40,-1,-1,True,DATA_REUPLOAD_4Q,PennyLane,0.42.3,default.qubit,DATA_REUPLOAD,4,4,49,16,32,16,12,CNOT_LINEAR,60,-0.19461691,0.548501,0.194617,0.688435,0.1283026359,5.056923596495826e-07,0,9.471610885035868e-07,1.4528534481531694e-06,5.346611897052314e-07,0.36800765,3.2.8,4,1,5,38.9704,1.04605448,2.90571e-07,40.76512052,Cortex-A53,4,4,24.6,1200.0,1,45.3,226.832,0.88,Debian GNU/Linux 13 (trixie) aarch64,Linux,aarch64,3.10.20,0.7083333333333334,0.7124311565696302,0.7083333333333334,0.7069199457259159,0.7124311565696302,0.7083333333333333,0.7069199457259159
2026-07-06 02:35:01,c9160e6539125e06c66b22677b30e1ed0aad8c344173a6c30f97b14607f84244,c9160e65,ubuntu,quantum_circuit_qubit_sweep_codecarbon,41,-1,1,False,DATA_REUPLOAD_4Q,PennyLane,0.42.3,default.qubit,DATA_REUPLOAD,4,4,49,16,32,16,12,CNOT_LINEAR,60,0.04845073,0.51211,0.048451,0.692854,0.1318091268,5.073690715556343e-07,0,9.501979176032668e-07,1.457566989158901e-06,5.363958088748747e-07,0.36800765,3.2.8,4,1,5,37.9336,1.04944823,2.91513e-07,39.80939171,Cortex-A53,4,4,24.1,1200.0,1,45.5,226.832,0.88,Debian GNU/Linux 13 (trixie) aarch64,Linux,aarch64,3.10.20,0.7083333333333334,0.7124311565696302,0.7083333333333334,0.7069199457259159,0.7124311565696302,0.7083333333333333,0.7069199457259159
2026-07-06 02:35:06,c9160e6539125e06c66b22677b30e1ed0aad8c344173a6c30f97b14607f84244,c9160e65,ubuntu,quantum_circuit_qubit_sweep_codecarbon,42,-1,-1,True,DATA_REUPLOAD_4Q,PennyLane,0.42.3,default.qubit,DATA_REUPLOAD,4,4,49,16,32,16,12,CNOT_LINEAR,60,-0.12476979,0.531152,0.12477,0.691205,0.128284354,5.056412447804129e-07,0,9.47012080772159e-07,1.452653325552572e-06,5.345875430563844e-07,0.36800765,3.2.8,4,1,5,38.9759,1.04591039,2.90531e-07,40.765314,Cortex-A53,4,4,24.1,1200.0,1,45.6,226.832,0.88,Debian GNU/Linux 13 (trixie) aarch64,Linux,aarch64,3.10.20,0.7083333333333334,0.7124311565696302,0.7083333333333334,0.7069199457259159,0.7124311565696302,0.7083333333333333,0.7069199457259159
2026-07-06 02:35:12,c9160e6539125e06c66b22677b30e1ed0aad8c344173a6c30f97b14607f84244,c9160e65,ubuntu,quantum_circuit_qubit_sweep_codecarbon,43,1,-1,False,DATA_REUPLOAD_4Q,PennyLane,0.42.3,default.qubit,DATA_REUPLOAD,4,4,49,16,32,16,12,CNOT_LINEAR,60,-0.08672834,0.521669,0.086728,0.692208,0.128624717,5.057835209493836e-07,0,9.473369018329928e-07,1.4531204227823765e-06,5.347594384123219e-07,0.36800765,3.2.8,4,1,5,38.8728,1.0462467,2.90624e-07,40.67051531,Cortex-A53,4,4,24.3,1200.0,2,45.7,226.832,0.88,Debian GNU/Linux 13 (trixie) aarch64,Linux,aarch64,3.10.20,0.7083333333333334,0.7124311565696302,0.7083333333333334,0.7069199457259159,0.7124311565696302,0.7083333333333333,0.7069199457259159
2026-07-06 02:35:17,c9160e6539125e06c66b22677b30e1ed0aad8c344173a6c30f97b14607f84244,c9160e65,ubuntu,quantum_circuit_qubit_sweep_codecarbon,44,1,1,True,DATA_REUPLOAD_4Q,PennyLane,0.42.3,default.qubit,DATA_REUPLOAD,4,4,49,16,32,16,12,CNOT_LINEAR,60,0.08586101,0.521452,0.085861,0.692227,0.12833102,5.056585195577807e-07,0,9.470812142050516e-07,1.452739733762832e-06,5.346193419391668e-07,0.36800765,3.2.8,4,1,5,38.9617,1.04597261,2.90548e-07,40.75291415,Cortex-A53,4,4,23.9,1200.0,1,45.9,226.832,0.88,Debian GNU/Linux 13 (trixie) aarch64,Linux,aarch64,3.10.20,0.7083333333333334,0.7124311565696302,0.7083333333333334,0.7069199457259159,0.7124311565696302,0.7083333333333333,0.7069199457259159
2026-07-06 02:35:23,c9160e6539125e06c66b22677b30e1ed0aad8c344173a6c30f97b14607f84244,c9160e65,ubuntu,quantum_circuit_qubit_sweep_codecarbon,45,1,1,True,DATA_REUPLOAD_4Q,PennyLane,0.42.3,default.qubit,DATA_REUPLOAD,4,4,49,16,32,16,12,CNOT_LINEAR,60,0.59867914,0.645354,0.598679,0.650275,0.128583831,5.057291657560401e-07,0,9.472437540534885e-07,1.4529729198095285e-06,5.347051561892606e-07,0.36800765,3.2.8,4,1,5,38.8851,1.0461405,2.90595e-07,40.67931769,Cortex-A53,4,4,24.1,1200.0,1,45.9,226.832,0.88,Debian GNU/Linux 13 (trixie) aarch64,Linux,aarch64,3.10.20,0.7083333333333334,0.7124311565696302,0.7083333333333334,0.7069199457259159,0.7124311565696302,0.7083333333333333,0.7069199457259159
2026-07-06 02:35:28,c9160e6539125e06c66b22677b30e1ed0aad8c344173a6c30f97b14607f84244,c9160e65,ubuntu,quantum_circuit_qubit_sweep_codecarbon,46,1,1,True,DATA_REUPLOAD_4Q,PennyLane,0.42.3,default.qubit,DATA_REUPLOAD,4,4,49,16,32,16,12,CNOT_LINEAR,60,0.6082666,0.647545,0.608267,0.648953,0.128792736,5.059182143045797e-07,0,9.475987400704374e-07,1.453516954375017e-06,5.349053650736424e-07,0.36800765,3.2.8,4,1,5,38.8221,1.04653221,2.90703e-07,40.62854163,Cortex-A53,4,4,24.1,1200.0,1,45.8,226.832,0.88,Debian GNU/Linux 13 (trixie) aarch64,Linux,aarch64,3.10.20,0.7083333333333334,0.7124311565696302,0.7083333333333334,0.7069199457259159,0.7124311565696302,0.7083333333333333,0.7069199457259159
2026-07-06 02:35:34,c9160e6539125e06c66b22677b30e1ed0aad8c344173a6c30f97b14607f84244,c9160e65,ubuntu,quantum_circuit_qubit_sweep_codecarbon,47,1,1,True,DATA_REUPLOAD_4Q,PennyLane,0.42.3,default.qubit,DATA_REUPLOAD,4,4,49,16,32,16,12,CNOT_LINEAR,60,0.00822003,0.502055,0.00822,0.693139,0.128470601,5.057715134651289e-07,0,9.472685299503308e-07,1.4530400434154597e-06,5.347298581900371e-07,0.36800765,3.2.8,4,1,5,38.9194,1.04618883,2.90608e-07,40.7170521,Cortex-A53,4,4,24.6,1200.0,1,45.7,226.832,0.88,Debian GNU/Linux 13 (trixie) aarch64,Linux,aarch64,3.10.20,0.7083333333333334,0.7124311565696302,0.7083333333333334,0.7069199457259159,0.7124311565696302,0.7083333333333333,0.7069199457259159
2026-07-06 02:35:40,c9160e6539125e06c66b22677b30e1ed0aad8c344173a6c30f97b14607f84244,c9160e65,ubuntu,quantum_circuit_qubit_sweep_codecarbon,48,1,-1,False,DATA_REUPLOAD_4Q,PennyLane,0.42.3,default.qubit,DATA_REUPLOAD,4,4,49,16,32,16,12,CNOT_LINEAR,60,-0.10422942,0.526034,0.104229,0.691791,0.1330060451,5.078016414646866e-07,0,9.510573083146786e-07,1.4588589497793652e-06,5.368712602724453e-07,0.36800765,3.2.8,4,1,5,37.5923,1.05037844,2.91772e-07,39.4861167,Cortex-A53,4,4,23.9,1200.0,2,45.9,226.832,0.88,Debian GNU/Linux 13 (trixie) aarch64,Linux,aarch64,3.10.20,0.7083333333333334,0.7124311565696302,0.7083333333333334,0.7069199457259159,0.7124311565696302,0.7083333333333333,0.7069199457259159
2026-07-06 02:35:45,c9160e6539125e06c66b22677b30e1ed0aad8c344173a6c30f97b14607f84244,c9160e65,ubuntu,quantum_circuit_qubit_sweep_codecarbon,49,-1,-1,True,DATA_REUPLOAD_4Q,PennyLane,0.42.3,default.qubit,DATA_REUPLOAD,4,4,49,16,32,16,12,CNOT_LINEAR,60,-0.12368174,0.530881,0.123682,0.691239,0.1301680908,5.065493615515496e-07,0,9.487645657888304e-07,1.4553139273403798e-06,5.355666648797242e-07,0.36800765,3.2.8,4,1,5,38.4119,1.04782603,2.91063e-07,40.24895891,Cortex-A53,4,4,24.2,1200.0,2,45.9,226.832,0.88,Debian GNU/Linux 13 (trixie) aarch64,Linux,aarch64,3.10.20,0.7083333333333334,0.7124311565696302,0.7083333333333334,0.7069199457259159,0.7124311565696302,0.7083333333333333,0.7069199457259159
2026-07-06 02:35:51,c9160e6539125e06c66b22677b30e1ed0aad8c344173a6c30f97b14607f84244,c9160e65,ubuntu,quantum_circuit_qubit_sweep_codecarbon,50,-1,1,False,DATA_REUPLOAD_4Q,PennyLane,0.42.3,default.qubit,DATA_REUPLOAD,4,4,49,16,32,16,12,CNOT_LINEAR,60,0.06112282,0.515276,0.061123,0.69268,0.129260283,5.060714929261141e-07,0,9.478593150076146e-07,1.453930807933729e-06,5.350576663510669e-07,0.36800765,3.2.8,4,1,5,38.6816,1.04683018,2.90786e-07,40.4931104,Cortex-A53,4,4,24.5,1200.0,1,46.0,226.8359,0.88,Debian GNU/Linux 13 (trixie) aarch64,Linux,aarch64,3.10.20,0.7083333333333334,0.7124311565696302,0.7083333333333334,0.7069199457259159,0.7124311565696302,0.7083333333333333,0.7069199457259159
2026-07-06 02:35:57,c9160e6539125e06c66b22677b30e1ed0aad8c344173a6c30f97b14607f84244,c9160e65,ubuntu,quantum_circuit_qubit_sweep_codecarbon,51,1,-1,False,DATA_REUPLOAD_4Q,PennyLane,0.42.3,default.qubit,DATA_REUPLOAD,4,4,49,16,32,16,12,CNOT_LINEAR,60,-0.07391756,0.518471,0.073918,0.692465,0.1299756949,5.065251241636171e-07,0,9.485154725067938e-07,1.4550405966704108e-06,5.354660771009813e-07,0.36800765,3.2.8,4,1,5,38.4687,1.04762923,2.91008e-07,40.30096666,Cortex-A53,4,4,24.5,1200.0,2,46.0,226.8398,0.88,Debian GNU/Linux 13 (trixie) aarch64,Linux,aarch64,3.10.20,0.7083333333333334,0.7124311565696302,0.7083333333333334,0.7069199457259159,0.7124311565696302,0.7083333333333333,0.7069199457259159
2026-07-06 02:36:02,c9160e6539125e06c66b22677b30e1ed0aad8c344173a6c30f97b14607f84244,c9160e65,ubuntu,quantum_circuit_qubit_sweep_codecarbon,52,1,1,True,DATA_REUPLOAD_4Q,PennyLane,0.42.3,default.qubit,DATA_REUPLOAD,4,4,49,16,32,16,12,CNOT_LINEAR,60,0.62617768,0.651622,0.626178,0.646437,0.128242736,5.056703017669891e-07,0,9.47032360903298e-07,1.452702662670287e-06,5.346056994933518e-07,0.36800765,3.2.8,4,1,5,38.9886,1.04594592,2.90541e-07,40.77992836,Cortex-A53,4,4,24.1,1200.0,3,46.0,226.8516,0.88,Debian GNU/Linux 13 (trixie) aarch64,Linux,aarch64,3.10.20,0.7083333333333334,0.7124311565696302,0.7083333333333334,0.7069199457259159,0.7124311565696302,0.7083333333333333,0.7069199457259159
2026-07-06 02:36:09,c9160e6539125e06c66b22677b30e1ed0aad8c344173a6c30f97b14607f84244,c9160e65,ubuntu,quantum_circuit_qubit_sweep_codecarbon,53,1,-1,False,DATA_REUPLOAD_4Q,PennyLane,0.42.3,default.qubit,DATA_REUPLOAD,4,4,49,16,32,16,12,CNOT_LINEAR,60,-0.28026035,0.56961,0.28026,0.683425,0.1325847432,5.076572662219405e-07,0,9.508466157907e-07,1.4585038820126405e-06,5.367405926164444e-07,0.36800765,3.2.8,4,1,5,37.7117,1.0501228,2.91701e-07,39.60194701,Cortex-A53,4,4,24.8,1200.0,1,46.3,226.8516,0.88,Debian GNU/Linux 13 (trixie) aarch64,Linux,aarch64,3.10.20,0.7083333333333334,0.7124311565696302,0.7083333333333334,0.7069199457259159,0.7124311565696302,0.7083333333333333,0.7069199457259159
2026-07-06 02:36:14,c9160e6539125e06c66b22677b30e1ed0aad8c344173a6c30f97b14607f84244,c9160e65,ubuntu,quantum_circuit_qubit_sweep_codecarbon,54,-1,-1,True,DATA_REUPLOAD_4Q,PennyLane,0.42.3,default.qubit,DATA_REUPLOAD,4,4,49,16,32,16,12,CNOT_LINEAR,60,-0.23023037,0.557305,0.23023,0.686565,0.1280721109,5.056008178119859e-07,0,9.469474592090896e-07,1.4525482770210754e-06,5.345488843927056e-07,0.36800765,3.2.8,4,1,5,39.0405,1.04583476,2.9051e-07,40.82991808,Cortex-A53,4,4,24.1,1200.0,1,46.0,226.8516,0.88,Debian GNU/Linux 13 (trixie) aarch64,Linux,aarch64,3.10.20,0.7083333333333334,0.7124311565696302,0.7083333333333334,0.7069199457259159,0.7124311565696302,0.7083333333333333,0.7069199457259159
2026-07-06 02:36:20,c9160e6539125e06c66b22677b30e1ed0aad8c344173a6c30f97b14607f84244,c9160e65,ubuntu,quantum_circuit_qubit_sweep_codecarbon,55,-1,1,False,DATA_REUPLOAD_4Q,PennyLane,0.42.3,default.qubit,DATA_REUPLOAD,4,4,49,16,32,16,12,CNOT_LINEAR,60,0.41579347,0.602476,0.415793,0.671995,0.1292176249,5.062395164536105e-07,0,9.480884217191488e-07,1.4543279381727593e-06,5.352038133188412e-07,0.36800765,3.2.8,4,1,5,38.6944,1.04711612,2.90866e-07,40.51754226,Cortex-A53,4,4,24.2,1200.0,1,45.9,226.8555,0.88,Debian GNU/Linux 13 (trixie) aarch64,Linux,aarch64,3.10.20,0.7083333333333334,0.7124311565696302,0.7083333333333334,0.7069199457259159,0.7124311565696302,0.7083333333333333,0.7069199457259159
2026-07-06 02:36:25,c9160e6539125e06c66b22677b30e1ed0aad8c344173a6c30f97b14607f84244,c9160e65,ubuntu,quantum_circuit_qubit_sweep_codecarbon,56,1,1,True,DATA_REUPLOAD_4Q,PennyLane,0.42.3,default.qubit,DATA_REUPLOAD,4,4,49,16,32,16,12,CNOT_LINEAR,60,0.08579053,0.521434,0.085791,0.692228,0.1285243991,5.057704796959079e-07,0,9.472586924675852e-07,1.4530291721634933e-06,5.347258574861002e-07,0.36800765,3.2.8,4,1,5,38.9031,1.046181,2.90606e-07,40.69970414,Cortex-A53,4,4,24.3,1200.0,2,46.1,226.8633,0.88,Debian GNU/Linux 13 (trixie) aarch64,Linux,aarch64,3.10.20,0.7083333333333334,0.7124311565696302,0.7083333333333334,0.7069199457259159,0.7124311565696302,0.7083333333333333,0.7069199457259159
2026-07-06 02:36:31,c9160e6539125e06c66b22677b30e1ed0aad8c344173a6c30f97b14607f84244,c9160e65,ubuntu,quantum_circuit_qubit_sweep_codecarbon,57,1,1,True,DATA_REUPLOAD_4Q,PennyLane,0.42.3,default.qubit,DATA_REUPLOAD,4,4,49,16,32,16,12,CNOT_LINEAR,60,0.08595877,0.521476,0.085959,0.692224,0.129500435,5.061639577357306e-07,0,9.480553432755792e-07,1.45421930101131e-06,5.351638340118709e-07,0.36800765,3.2.8,4,1,5,38.6099,1.0470379,2.90844e-07,40.42603784,Cortex-A53,4,4,25.0,1200.0,3,46.0,226.8633,0.88,Debian GNU/Linux 13 (trixie) aarch64,Linux,aarch64,3.10.20,0.7083333333333334,0.7124311565696302,0.7083333333333334,0.7069199457259159,0.7124311565696302,0.7083333333333333,0.7069199457259159
2026-07-06 02:36:36,c9160e6539125e06c66b22677b30e1ed0aad8c344173a6c30f97b14607f84244,c9160e65,ubuntu,quantum_circuit_qubit_sweep_codecarbon,58,-1,-1,True,DATA_REUPLOAD_4Q,PennyLane,0.42.3,default.qubit,DATA_REUPLOAD,4,4,49,16,32,16,12,CNOT_LINEAR,60,-0.23057049,0.557389,0.23057,0.686546,0.1284136169,5.056991115388838e-07,0,9.47134555899538e-07,1.452833667438422e-06,5.346539102507939e-07,0.36800765,3.2.8,4,1,5,38.9367,1.04604024,2.90567e-07,40.72933485,Cortex-A53,4,4,24.0,1200.0,2,46.2,226.8633,0.88,Debian GNU/Linux 13 (trixie) aarch64,Linux,aarch64,3.10.20,0.7083333333333334,0.7124311565696302,0.7083333333333334,0.7069199457259159,0.7124311565696302,0.7083333333333333,0.7069199457259159
2026-07-06 02:36:42,c9160e6539125e06c66b22677b30e1ed0aad8c344173a6c30f97b14607f84244,c9160e65,ubuntu,quantum_circuit_qubit_sweep_codecarbon,59,1,1,True,DATA_REUPLOAD_4Q,PennyLane,0.42.3,default.qubit,DATA_REUPLOAD,4,4,49,16,32,16,12,CNOT_LINEAR,60,0.54535719,0.633058,0.545357,0.657308,0.1281196079,5.055099438786823e-07,0,9.468340342088292e-07,1.4523439780875111e-06,5.344737008213593e-07,0.36800765,3.2.8,4,1,5,39.026,1.04568766,2.90469e-07,40.80904091,Cortex-A53,4,4,24.8,1200.0,2,46.0,226.8672,0.88,Debian GNU/Linux 13 (trixie) aarch64,Linux,aarch64,3.10.20,0.7083333333333334,0.7124311565696302,0.7083333333333334,0.7069199457259159,0.7124311565696302,0.7083333333333333,0.7069199457259159
2026-07-06 02:36:48,c9160e6539125e06c66b22677b30e1ed0aad8c344173a6c30f97b14607f84244,c9160e65,ubuntu,quantum_circuit_qubit_sweep_codecarbon,60,-1,-1,True,DATA_REUPLOAD_4Q,PennyLane,0.42.3,default.qubit,DATA_REUPLOAD,4,4,49,16,32,16,12,CNOT_LINEAR,60,-0.17854816,0.544519,0.178548,0.689178,0.1283115859,5.056951506966601e-07,0,9.47162023318621e-07,1.452857174015281e-06,5.346625608510079e-07,0.36800765,3.2.8,4,1,5,38.9676,1.04605717,2.90571e-07,40.7623816,Cortex-A53,4,4,24.2,1200.0,3,45.9,226.875,0.88,Debian GNU/Linux 13 (trixie) aarch64,Linux,aarch64,3.10.20,0.7083333333333334,0.7124311565696302,0.7083333333333334,0.7069199457259159,0.7124311565696302,0.7083333333333333,0.7069199457259159
2026-07-06 02:36:54,c9160e6539125e06c66b22677b30e1ed0aad8c344173a6c30f97b14607f84244,c9160e65,ubuntu,quantum_circuit_qubit_sweep_codecarbon,61,-1,-1,True,DATA_REUPLOAD_4Q,PennyLane,0.42.3,default.qubit,DATA_REUPLOAD,4,4,49,16,32,16,12,CNOT_LINEAR,60,-0.11356925,0.528362,0.113569,0.691538,0.1284166889,5.057490236229367e-07,0,9.472572892749062e-07,1.453006312897843e-06,5.347174451013658e-07,0.36800765,3.2.8,4,1,5,38.9357,1.04616455,2.90601e-07,40.73320043,Cortex-A53,4,4,24.2,1200.0,2,45.5,226.875,0.88,Debian GNU/Linux 13 (trixie) aarch64,Linux,aarch64,3.10.20,0.7083333333333334,0.7124311565696302,0.7083333333333334,0.7069199457259159,0.7124311565696302,0.7083333333333333,0.7069199457259159
2026-07-06 02:36:59,c9160e6539125e06c66b22677b30e1ed0aad8c344173a6c30f97b14607f84244,c9160e65,ubuntu,quantum_circuit_qubit_sweep_codecarbon,62,-1,-1,True,DATA_REUPLOAD_4Q,PennyLane,0.42.3,default.qubit,DATA_REUPLOAD,4,4,49,16,32,16,12,CNOT_LINEAR,60,-0.17185911,0.542859,0.171859,0.689469,0.1281562741,5.05578619462944e-07,0,9.46896307480832e-07,1.452474926943776e-06,5.345218910028053e-07,0.36800765,3.2.8,4,1,5,39.0149,1.04578195,2.90495e-07,40.80104368,Cortex-A53,4,4,23.7,1200.0,1,45.8,226.875,0.88,Debian GNU/Linux 13 (trixie) aarch64,Linux,aarch64,3.10.20,0.7083333333333334,0.7124311565696302,0.7083333333333334,0.7069199457259159,0.7124311565696302,0.7083333333333333,0.7069199457259159
2026-07-06 02:37:05,c9160e6539125e06c66b22677b30e1ed0aad8c344173a6c30f97b14607f84244,c9160e65,ubuntu,quantum_circuit_qubit_sweep_codecarbon,63,-1,1,False,DATA_REUPLOAD_4Q,PennyLane,0.42.3,default.qubit,DATA_REUPLOAD,4,4,49,16,32,16,12,CNOT_LINEAR,60,0.05611118,0.514024,0.056111,0.692754,0.1304756871,5.066617385003905e-07,0,9.489574485147992e-07,1.4556191870151898e-06,5.356790027766472e-07,0.36800765,3.2.8,4,1,5,38.3213,1.04804581,2.91124e-07,40.16249456,Cortex-A53,4,4,24.3,1200.0,2,45.6,226.875,0.88,Debian GNU/Linux 13 (trixie) aarch64,Linux,aarch64,3.10.20,0.7083333333333334,0.7124311565696302,0.7083333333333334,0.7069199457259159,0.7124311565696302,0.7083333333333333,0.7069199457259159
2026-07-06 02:37:10,c9160e6539125e06c66b22677b30e1ed0aad8c344173a6c30f97b14607f84244,c9160e65,ubuntu,quantum_circuit_qubit_sweep_codecarbon,64,1,1,True,DATA_REUPLOAD_4Q,PennyLane,0.42.3,default.qubit,DATA_REUPLOAD,4,4,49,16,32,16,12,CNOT_LINEAR,60,0.21187294,0.552771,0.211873,0.687567,0.1285843961,5.058480597814932e-07,0,9.474267249849314e-07,1.4532747847664246e-06,5.348162448040066e-07,0.36800765,3.2.8,4,1,5,38.885,1.04635785,2.90655e-07,40.68759028,Cortex-A53,4,4,24.6,1200.0,1,45.8,226.875,0.88,Debian GNU/Linux 13 (trixie) aarch64,Linux,aarch64,3.10.20,0.7083333333333334,0.7124311565696302,0.7083333333333334,0.7069199457259159,0.7124311565696302,0.7083333333333333,0.7069199457259159
2026-07-06 02:37:16,c9160e6539125e06c66b22677b30e1ed0aad8c344173a6c30f97b14607f84244,c9160e65,ubuntu,quantum_circuit_qubit_sweep_codecarbon,65,-1,-1,True,DATA_REUPLOAD_4Q,PennyLane,0.42.3,default.qubit,DATA_REUPLOAD,4,4,49,16,32,16,12,CNOT_LINEAR,60,-0.06454523,0.516131,0.064545,0.692627,0.128423824,5.057450133479304e-07,0,9.471989025284224e-07,1.4529439158763528e-06,5.34694482519843e-07,0.36800765,3.2.8,4,1,5,38.9336,1.04611962,2.90589e-07,40.72918821,Cortex-A53,4,4,25.2,1200.0,1,45.8,226.875,0.88,Debian GNU/Linux 13 (trixie) aarch64,Linux,aarch64,3.10.20,0.7083333333333334,0.7124311565696302,0.7083333333333334,0.7069199457259159,0.7124311565696302,0.7083333333333333,0.7069199457259159
2026-07-06 02:37:21,c9160e6539125e06c66b22677b30e1ed0aad8c344173a6c30f97b14607f84244,c9160e65,ubuntu,quantum_circuit_qubit_sweep_codecarbon,66,-1,-1,True,DATA_REUPLOAD_4Q,PennyLane,0.42.3,default.qubit,DATA_REUPLOAD,4,4,49,16,32,16,12,CNOT_LINEAR,60,-0.06721773,0.516798,0.067218,0.692583,0.128294501,5.056302439835337e-07,0,9.470474250459424e-07,1.452677669029476e-06,5.345965016422209e-07,0.36800765,3.2.8,4,1,5,38.9728,1.04592792,2.90536e-07,40.7627729,Cortex-A53,4,4,24.2,1200.0,2,45.9,226.875,0.88,Debian GNU/Linux 13 (trixie) aarch64,Linux,aarch64,3.10.20,0.7083333333333334,0.7124311565696302,0.7083333333333334,0.7069199457259159,0.7124311565696302,0.7083333333333333,0.7069199457259159
2026-07-06 02:37:27,c9160e6539125e06c66b22677b30e1ed0aad8c344173a6c30f97b14607f84244,c9160e65,ubuntu,quantum_circuit_qubit_sweep_codecarbon,67,1,1,True,DATA_REUPLOAD_4Q,PennyLane,0.42.3,default.qubit,DATA_REUPLOAD,4,4,49,16,32,16,12,CNOT_LINEAR,60,0.22844552,0.556864,0.228446,0.686666,0.128312469,5.057385192561988e-07,0,9.47226935143893e-07,1.452965454400092e-06,5.347024088614444e-07,0.36800765,3.2.8,4,1,5,38.9674,1.04613513,2.90593e-07,40.76513901,Cortex-A53,4,4,23.6,1200.0,1,45.9,226.8828,0.88,Debian GNU/Linux 13 (trixie) aarch64,Linux,aarch64,3.10.20,0.7083333333333334,0.7124311565696302,0.7083333333333334,0.7069199457259159,0.7124311565696302,0.7083333333333333,0.7069199457259159
2026-07-06 02:37:33,c9160e6539125e06c66b22677b30e1ed0aad8c344173a6c30f97b14607f84244,c9160e65,ubuntu,quantum_circuit_qubit_sweep_codecarbon,68,-1,-1,True,DATA_REUPLOAD_4Q,PennyLane,0.42.3,default.qubit,DATA_REUPLOAD,4,4,49,16,32,16,12,CNOT_LINEAR,60,-0.18794038,0.546847,0.18794,0.688751,0.1346412359,5.084893688973453e-07,0,9.523955241699392e-07,1.4608848930672845e-06,5.376168229098684e-07,0.36800765,3.2.8,4,1,5,37.1357,1.05183712,2.92177e-07,39.06073484,Cortex-A53,4,4,23.9,1200.0,1,45.9,226.8945,0.88,Debian GNU/Linux 13 (trixie) aarch64,Linux,aarch64,3.10.20,0.7083333333333334,0.7124311565696302,0.7083333333333334,0.7069199457259159,0.7124311565696302,0.7083333333333333,0.7069199457259159
2026-07-06 02:37:38,c9160e6539125e06c66b22677b30e1ed0aad8c344173a6c30f97b14607f84244,c9160e65,ubuntu,quantum_circuit_qubit_sweep_codecarbon,69,-1,-1,True,DATA_REUPLOAD_4Q,PennyLane,0.42.3,default.qubit,DATA_REUPLOAD,4,4,49,16,32,16,12,CNOT_LINEAR,60,-0.07700763,0.519242,0.077008,0.692406,0.1307239139,5.067200483754277e-07,0,9.490572581610952e-07,1.4557773065365231e-06,5.357371919708149e-07,0.36800765,3.2.8,4,1,5,38.2485,1.04815966,2.91155e-07,40.09058593,Cortex-A53,4,4,24.6,1200.0,1,46.1,226.8945,0.88,Debian GNU/Linux 13 (trixie) aarch64,Linux,aarch64,3.10.20,0.7083333333333334,0.7124311565696302,0.7083333333333334,0.7069199457259159,0.7124311565696302,0.7083333333333333,0.7069199457259159
2026-07-06 02:37:44,c9160e6539125e06c66b22677b30e1ed0aad8c344173a6c30f97b14607f84244,c9160e65,ubuntu,quantum_circuit_qubit_sweep_codecarbon,70,-1,-1,True,DATA_REUPLOAD_4Q,PennyLane,0.42.3,default.qubit,DATA_REUPLOAD,4,4,49,16,32,16,12,CNOT_LINEAR,60,-0.00082859,0.500207,0.000829,0.693147,0.1296465748,5.062510448818406e-07,0,9.482306975405664e-07,1.4544817424224071e-06,5.352604144599976e-07,0.36800765,3.2.8,4,1,5,38.5664,1.04722685,2.90896e-07,40.38775632,Cortex-A53,4,4,24.6,1200.0,2,46.1,227.0742,0.88,Debian GNU/Linux 13 (trixie) aarch64,Linux,aarch64,3.10.20,0.7083333333333334,0.7124311565696302,0.7083333333333334,0.7069199457259159,0.7124311565696302,0.7083333333333333,0.7069199457259159
2026-07-06 02:37:50,c9160e6539125e06c66b22677b30e1ed0aad8c344173a6c30f97b14607f84244,c9160e65,ubuntu,quantum_circuit_qubit_sweep_codecarbon,71,-1,-1,True,DATA_REUPLOAD_4Q,PennyLane,0.42.3,default.qubit,DATA_REUPLOAD,4,4,49,16,32,16,12,CNOT_LINEAR,60,-0.169135,0.542183,0.169135,0.689584,0.1282856972,5.056603426060934e-07,0,9.470687659146884e-07,1.452729108520782e-06,5.346154317687621e-07,0.36800765,3.2.8,4,1,5,38.9755,1.04596496,2.90546e-07,40.76701382,Cortex-A53,4,4,24.4,1200.0,1,46.1,227.0742,0.88,Debian GNU/Linux 13 (trixie) aarch64,Linux,aarch64,3.10.20,0.7083333333333334,0.7124311565696302,0.7083333333333334,0.7069199457259159,0.7124311565696302,0.7083333333333333,0.7069199457259159
2026-07-06 02:38:08,c9160e6539125e06c66b22677b30e1ed0aad8c344173a6c30f97b14607f84244,c9160e65,ubuntu,quantum_circuit_qubit_sweep_codecarbon,0,-1,-1,True,DATA_REUPLOAD_5Q,PennyLane,0.42.3,default.qubit,DATA_REUPLOAD,5,4,61,16,40,20,16,CNOT_LINEAR,76,-0.34265739,0.584836,0.342657,0.678683,0.160238019,5.1988249778819e-07,0,9.73758149969702e-07,1.493640647757892e-06,5.496711913630907e-07,0.36800765,3.2.8,5,1,6,37.4443,0.89618439,2.4894e-07,33.55699457,Cortex-A53,4,4,24.9,1200.0,2,45.9,227.125,0.88,Debian GNU/Linux 13 (trixie) aarch64,Linux,aarch64,3.10.20,0.6527777777777778,0.6756876663708962,0.6527777777777778,0.6410767696909273,0.6756876663708962,0.6527777777777778,0.6410767696909272
2026-07-06 02:38:14,c9160e6539125e06c66b22677b30e1ed0aad8c344173a6c30f97b14607f84244,c9160e65,ubuntu,quantum_circuit_qubit_sweep_codecarbon,1,1,1,True,DATA_REUPLOAD_5Q,PennyLane,0.42.3,default.qubit,DATA_REUPLOAD,5,4,61,16,40,20,16,CNOT_LINEAR,76,0.47660686,0.616946,0.476607,0.665539,0.1624368089,5.207543444970097e-07,0,9.754103082620228e-07,1.4961646527590324e-06,5.506000445233645e-07,0.36800765,3.2.8,5,1,6,36.9374,0.89769879,2.49361e-07,33.1586959,Cortex-A53,4,4,24.7,1200.0,2,46.0,227.1406,0.88,Debian GNU/Linux 13 (trixie) aarch64,Linux,aarch64,3.10.20,0.6527777777777778,0.6756876663708962,0.6527777777777778,0.6410767696909273,0.6756876663708962,0.6527777777777778,0.6410767696909272
2026-07-06 02:38:19,c9160e6539125e06c66b22677b30e1ed0aad8c344173a6c30f97b14607f84244,c9160e65,ubuntu,quantum_circuit_qubit_sweep_codecarbon,2,1,1,True,DATA_REUPLOAD_5Q,PennyLane,0.42.3,default.qubit,DATA_REUPLOAD,5,4,61,16,40,20,16,CNOT_LINEAR,76,0.27888391,0.569273,0.278884,0.683519,0.1596441669,5.195838334038854e-07,0,9.73151507593381e-07,1.4927353409972663e-06,5.493380315455609e-07,0.36800765,3.2.8,5,1,6,37.5836,0.8956412,2.48789e-07,33.66140668,Cortex-A53,4,4,24.7,1200.0,2,46.2,227.1406,0.88,Debian GNU/Linux 13 (trixie) aarch64,Linux,aarch64,3.10.20,0.6527777777777778,0.6756876663708962,0.6527777777777778,0.6410767696909273,0.6756876663708962,0.6527777777777778,0.6410767696909272
2026-07-06 02:38:25,c9160e6539125e06c66b22677b30e1ed0aad8c344173a6c30f97b14607f84244,c9160e65,ubuntu,quantum_circuit_qubit_sweep_codecarbon,3,1,-1,False,DATA_REUPLOAD_5Q,PennyLane,0.42.3,default.qubit,DATA_REUPLOAD,5,4,61,16,40,20,16,CNOT_LINEAR,76,-0.31899381,0.579079,0.318994,0.680588,0.162051653,5.207034857418363e-07,0,9.753073532677563e-07,1.4960108390095928e-06,5.50543439886212e-07,0.36800765,3.2.8,5,1,6,37.0252,0.8976065,2.49335e-07,33.23408876,Cortex-A53,4,4,24.4,1200.0,3,46.2,227.1484,0.88,Debian GNU/Linux 13 (trixie) aarch64,Linux,aarch64,3.10.20,0.6527777777777778,0.6756876663708962,0.6527777777777778,0.6410767696909273,0.6756876663708962,0.6527777777777778,0.6410767696909272
2026-07-06 02:38:30,c9160e6539125e06c66b22677b30e1ed0aad8c344173a6c30f97b14607f84244,c9160e65,ubuntu,quantum_circuit_qubit_sweep_codecarbon,4,-1,1,False,DATA_REUPLOAD_5Q,PennyLane,0.42.3,default.qubit,DATA_REUPLOAD,5,4,61,16,40,20,16,CNOT_LINEAR,76,0.05942094,0.514851,0.059421,0.692706,0.1707322299,5.248638495615377e-07,0,9.826345233401903e-07,1.507498372901728e-06,5.547709402891988e-07,0.36800765,3.2.8,5,1,6,35.1427,0.90449902,2.5125e-07,31.78658267,Cortex-A53,4,4,24.0,1200.0,1,46.1,227.1484,0.88,Debian GNU/Linux 13 (trixie) aarch64,Linux,aarch64,3.10.20,0.6527777777777778,0.6756876663708962,0.6527777777777778,0.6410767696909273,0.6756876663708962,0.6527777777777778,0.6410767696909272
2026-07-06 02:38:36,c9160e6539125e06c66b22677b30e1ed0aad8c344173a6c30f97b14607f84244,c9160e65,ubuntu,quantum_circuit_qubit_sweep_codecarbon,5,1,1,True,DATA_REUPLOAD_5Q,PennyLane,0.42.3,default.qubit,DATA_REUPLOAD,5,4,61,16,40,20,16,CNOT_LINEAR,76,0.26510671,0.565891,0.265107,0.684439,0.1602907251,5.20347327905242e-07,0,9.738995866306748e-07,1.4942469145359166e-06,5.498943021780387e-07,0.36800765,3.2.8,5,1,6,37.432,0.89654815,2.49041e-07,33.55957676,Cortex-A53,4,4,25.1,1200.0,1,46.0,227.1484,0.88,Debian GNU/Linux 13 (trixie) aarch64,Linux,aarch64,3.10.20,0.6527777777777778,0.6756876663708962,0.6527777777777778,0.6410767696909273,0.6756876663708962,0.6527777777777778,0.6410767696909272
2026-07-06 02:38:42,c9160e6539125e06c66b22677b30e1ed0aad8c344173a6c30f97b14607f84244,c9160e65,ubuntu,quantum_circuit_qubit_sweep_codecarbon,6,1,-1,False,DATA_REUPLOAD_5Q,PennyLane,0.42.3,default.qubit,DATA_REUPLOAD,5,4,61,16,40,20,16,CNOT_LINEAR,76,-0.38830284,0.595874,0.388303,0.674649,0.1631366981,5.214630542322993e-07,0,9.76097402550901e-07,1.4975604567832003e-06,5.511137110883616e-07,0.36800765,3.2.8,5,1,6,36.779,0.89853627,2.49593e-07,33.04724019,Cortex-A53,4,4,24.8,1200.0,2,46.0,227.1523,0.88,Debian GNU/Linux 13 (trixie) aarch64,Linux,aarch64,3.10.20,0.6527777777777778,0.6756876663708962,0.6527777777777778,0.6410767696909273,0.6756876663708962,0.6527777777777778,0.6410767696909272
2026-07-06 02:38:47,c9160e6539125e06c66b22677b30e1ed0aad8c344173a6c30f97b14607f84244,c9160e65,ubuntu,quantum_circuit_qubit_sweep_codecarbon,7,1,-1,False,DATA_REUPLOAD_5Q,PennyLane,0.42.3,default.qubit,DATA_REUPLOAD,5,4,61,16,40,20,16,CNOT_LINEAR,76,-0.53866215,0.631501,0.538662,0.658152,0.1598912471,5.197465869380091e-07,0,9.73466859237912e-07,1.493213446175921e-06,5.49513977910935e-07,0.36800765,3.2.8,5,1,6,37.5255,0.89592807,2.48869e-07,33.62015436,Cortex-A53,4,4,24.9,1200.0,2,46.1,227.1523,0.88,Debian GNU/Linux 13 (trixie) aarch64,Linux,aarch64,3.10.20,0.6527777777777778,0.6756876663708962,0.6527777777777778,0.6410767696909273,0.6756876663708962,0.6527777777777778,0.6410767696909272
2026-07-06 02:38:53,c9160e6539125e06c66b22677b30e1ed0aad8c344173a6c30f97b14607f84244,c9160e65,ubuntu,quantum_circuit_qubit_sweep_codecarbon,8,1,1,True,DATA_REUPLOAD_5Q,PennyLane,0.42.3,default.qubit,DATA_REUPLOAD,5,4,61,16,40,20,16,CNOT_LINEAR,76,0.36299324,0.589765,0.362993,0.676944,0.162070662,5.206714427247661e-07,0,9.752354233448083e-07,1.4959068660695743e-06,5.505051770484303e-07,0.36800765,3.2.8,5,1,6,37.0209,0.89754412,2.49318e-07,33.22788129,Cortex-A53,4,4,24.5,1200.0,2,46.0,227.1523,0.88,Debian GNU/Linux 13 (trixie) aarch64,Linux,aarch64,3.10.20,0.6527777777777778,0.6756876663708962,0.6527777777777778,0.6410767696909273,0.6756876663708962,0.6527777777777778,0.6410767696909272
2026-07-06 02:38:58,c9160e6539125e06c66b22677b30e1ed0aad8c344173a6c30f97b14607f84244,c9160e65,ubuntu,quantum_circuit_qubit_sweep_codecarbon,9,-1,-1,True,DATA_REUPLOAD_5Q,PennyLane,0.42.3,default.qubit,DATA_REUPLOAD,5,4,61,16,40,20,16,CNOT_LINEAR,76,-0.41090836,0.601306,0.410908,0.672479,0.160006298,5.197854903009203e-07,0,9.73452357575297e-07,1.4932378478762176e-06,5.495229579234255e-07,0.36800765,3.2.8,5,1,6,37.4985,0.89594271,2.48873e-07,33.59652914,Cortex-A53,4,4,24.4,1200.0,1,46.0,227.1562,0.88,Debian GNU/Linux 13 (trixie) aarch64,Linux,aarch64,3.10.20,0.6527777777777778,0.6756876663708962,0.6527777777777778,0.6410767696909273,0.6756876663708962,0.6527777777777778,0.6410767696909272
2026-07-06 02:39:05,c9160e6539125e06c66b22677b30e1ed0aad8c344173a6c30f97b14607f84244,c9160e65,ubuntu,quantum_circuit_qubit_sweep_codecarbon,10,1,1,True,DATA_REUPLOAD_5Q,PennyLane,0.42.3,default.qubit,DATA_REUPLOAD,5,4,61,16,40,20,16,CNOT_LINEAR,76,0.48617979,0.619206,0.48618,0.664451,0.204059802,5.402069090685761e-07,0,1.011866854969412e-06,1.5520737640379882e-06,5.711750254271626e-07,0.36800765,3.2.8,5,1,6,29.4031,0.93124426,2.58679e-07,27.3815102,Cortex-A53,4,4,24.8,1200.0,1,45.9,227.1602,0.88,Debian GNU/Linux 13 (trixie) aarch64,Linux,aarch64,3.10.20,0.6527777777777778,0.6756876663708962,0.6527777777777778,0.6410767696909273,0.6756876663708962,0.6527777777777778,0.6410767696909272
2026-07-06 02:39:10,c9160e6539125e06c66b22677b30e1ed0aad8c344173a6c30f97b14607f84244,c9160e65,ubuntu,quantum_circuit_qubit_sweep_codecarbon,11,1,-1,False,DATA_REUPLOAD_5Q,PennyLane,0.42.3,default.qubit,DATA_REUPLOAD,5,4,61,16,40,20,16,CNOT_LINEAR,76,-0.27150566,0.567463,0.271506,0.684017,0.2112859599,5.430958213077652e-07,0,1.017249592502291e-06,1.5603454138100562e-06,5.742190558581608e-07,0.36800765,3.2.8,5,1,6,28.3975,0.93620725,2.60058e-07,26.58597614,Cortex-A53,4,4,23.9,1200.0,1,45.8,227.1602,0.88,Debian GNU/Linux 13 (trixie) aarch64,Linux,aarch64,3.10.20,0.6527777777777778,0.6756876663708962,0.6527777777777778,0.6410767696909273,0.6756876663708962,0.6527777777777778,0.6410767696909272
2026-07-06 02:39:16,c9160e6539125e06c66b22677b30e1ed0aad8c344173a6c30f97b14607f84244,c9160e65,ubuntu,quantum_circuit_qubit_sweep_codecarbon,12,-1,-1,True,DATA_REUPLOAD_5Q,PennyLane,0.42.3,default.qubit,DATA_REUPLOAD,5,4,61,16,40,20,16,CNOT_LINEAR,76,-0.51932318,0.626989,0.519323,0.660539,0.2039527709,5.402735033641925e-07,0,1.0119628132088109e-06,1.5522363165730031e-06,5.712348460042973e-07,0.36800765,3.2.8,5,1,6,29.4186,0.93134179,2.58706e-07,27.39874881,Cortex-A53,4,4,24.6,1200.0,2,45.7,227.1602,0.88,Debian GNU/Linux 13 (trixie) aarch64,Linux,aarch64,3.10.20,0.6527777777777778,0.6756876663708962,0.6527777777777778,0.6410767696909273,0.6756876663708962,0.6527777777777778,0.6410767696909272
2026-07-06 02:39:22,c9160e6539125e06c66b22677b30e1ed0aad8c344173a6c30f97b14607f84244,c9160e65,ubuntu,quantum_circuit_qubit_sweep_codecarbon,13,1,-1,False,DATA_REUPLOAD_5Q,PennyLane,0.42.3,default.qubit,DATA_REUPLOAD,5,4,61,16,40,20,16,CNOT_LINEAR,76,-0.06867321,0.517162,0.068673,0.692558,0.20753499,5.415796234996782e-07,0,1.0143907932797446e-06,1.5559704167794228e-06,5.726090234627194e-07,0.36800765,3.2.8,5,1,6,28.9108,0.93358225,2.59328e-07,26.99059806,Cortex-A53,4,4,24.6,1200.0,1,45.8,227.1602,0.88,Debian GNU/Linux 13 (trixie) aarch64,Linux,aarch64,3.10.20,0.6527777777777778,0.6756876663708962,0.6527777777777778,0.6410767696909273,0.6756876663708962,0.6527777777777778,0.6410767696909272
2026-07-06 02:39:27,c9160e6539125e06c66b22677b30e1ed0aad8c344173a6c30f97b14607f84244,c9160e65,ubuntu,quantum_circuit_qubit_sweep_codecarbon,14,1,1,True,DATA_REUPLOAD_5Q,PennyLane,0.42.3,default.qubit,DATA_REUPLOAD,5,4,61,16,40,20,16,CNOT_LINEAR,76,0.46315895,0.613763,0.463159,0.667035,0.207781967,5.418102693640524e-07,0,1.0148717775397622e-06,1.5566820469038146e-06,5.728709087956283e-07,0.36800765,3.2.8,5,1,6,28.8764,0.93400923,2.59447e-07,26.97084569,Cortex-A53,4,4,24.4,1200.0,1,45.8,227.1602,0.88,Debian GNU/Linux 13 (trixie) aarch64,Linux,aarch64,3.10.20,0.6527777777777778,0.6756876663708962,0.6527777777777778,0.6410767696909273,0.6756876663708962,0.6527777777777778,0.6410767696909272
2026-07-06 02:39:33,c9160e6539125e06c66b22677b30e1ed0aad8c344173a6c30f97b14607f84244,c9160e65,ubuntu,quantum_circuit_qubit_sweep_codecarbon,15,-1,1,False,DATA_REUPLOAD_5Q,PennyLane,0.42.3,default.qubit,DATA_REUPLOAD,5,4,61,16,40,20,16,CNOT_LINEAR,76,0.11236051,0.528061,0.112361,0.691572,0.2092741469,5.423892694008019e-07,0,1.0159634358327216e-06,1.5583527052335236e-06,5.734857238489213e-07,0.36800765,3.2.8,5,1,6,28.6705,0.93501162,2.59725e-07,26.80727563,Cortex-A53,4,4,24.3,1200.0,2,45.9,227.1641,0.88,Debian GNU/Linux 13 (trixie) aarch64,Linux,aarch64,3.10.20,0.6527777777777778,0.6756876663708962,0.6527777777777778,0.6410767696909273,0.6756876663708962,0.6527777777777778,0.6410767696909272
2026-07-06 02:39:38,c9160e6539125e06c66b22677b30e1ed0aad8c344173a6c30f97b14607f84244,c9160e65,ubuntu,quantum_circuit_qubit_sweep_codecarbon,16,1,-1,False,DATA_REUPLOAD_5Q,PennyLane,0.42.3,default.qubit,DATA_REUPLOAD,5,4,61,16,40,20,16,CNOT_LINEAR,76,-0.35326739,0.58741,0.353267,0.677787,0.206558692,5.413006045505065e-07,0,1.013871388277039e-06,1.5551719928275457e-06,5.723151973369374e-07,0.36800765,3.2.8,5,1,6,29.0474,0.9331032,2.59195e-07,27.10425361,Cortex-A53,4,4,24.1,1200.0,1,45.9,227.1641,0.88,Debian GNU/Linux 13 (trixie) aarch64,Linux,aarch64,3.10.20,0.6527777777777778,0.6756876663708962,0.6527777777777778,0.6410767696909273,0.6756876663708962,0.6527777777777778,0.6410767696909272
2026-07-06 02:39:44,c9160e6539125e06c66b22677b30e1ed0aad8c344173a6c30f97b14607f84244,c9160e65,ubuntu,quantum_circuit_qubit_sweep_codecarbon,17,1,-1,False,DATA_REUPLOAD_5Q,PennyLane,0.42.3,default.qubit,DATA_REUPLOAD,5,4,61,16,40,20,16,CNOT_LINEAR,76,-0.12746346,0.531823,0.127463,0.69112,0.2040556332,5.402665014068286e-07,0,1.0119729591921594e-06,1.552239460598988e-06,5.712360030299254e-07,0.36800765,3.2.8,5,1,6,29.4037,0.93134368,2.58707e-07,27.38499286,Cortex-A53,4,4,24.9,1200.0,1,45.8,227.1641,0.88,Debian GNU/Linux 13 (trixie) aarch64,Linux,aarch64,3.10.20,0.6527777777777778,0.6756876663708962,0.6527777777777778,0.6410767696909273,0.6756876663708962,0.6527777777777778,0.6410767696909272
2026-07-06 02:39:50,c9160e6539125e06c66b22677b30e1ed0aad8c344173a6c30f97b14607f84244,c9160e65,ubuntu,quantum_circuit_qubit_sweep_codecarbon,18,-1,-1,True,DATA_REUPLOAD_5Q,PennyLane,0.42.3,default.qubit,DATA_REUPLOAD,5,4,61,16,40,20,16,CNOT_LINEAR,76,-0.51715421,0.626482,0.517154,0.660801,0.2034761559,5.40075922695299e-07,0,1.0116419258217017e-06,1.5517178485170008e-06,5.710440457911039e-07,0.36800765,3.2.8,5,1,6,29.4875,0.93103071,2.5862e-07,27.45375364,Cortex-A53,4,4,24.1,1200.0,2,46.0,227.1641,0.88,Debian GNU/Linux 13 (trixie) aarch64,Linux,aarch64,3.10.20,0.6527777777777778,0.6756876663708962,0.6527777777777778,0.6410767696909273,0.6756876663708962,0.6527777777777778,0.6410767696909272
2026-07-06 02:39:55,c9160e6539125e06c66b22677b30e1ed0aad8c344173a6c30f97b14607f84244,c9160e65,ubuntu,quantum_circuit_qubit_sweep_codecarbon,19,1,1,True,DATA_REUPLOAD_5Q,PennyLane,0.42.3,default.qubit,DATA_REUPLOAD,5,4,61,16,40,20,16,CNOT_LINEAR,76,0.05554356,0.513882,0.055544,0.692762,0.20844941,5.422848989273711e-07,0,1.015690730030959e-06,1.55797562895833e-06,5.733469568933408e-07,0.36800765,3.2.8,5,1,6,28.784,0.93478538,2.59663e-07,26.90682724,Cortex-A53,4,4,24.5,1200.0,1,45.9,227.1719,0.88,Debian GNU/Linux 13 (trixie) aarch64,Linux,aarch64,3.10.20,0.6527777777777778,0.6756876663708962,0.6527777777777778,0.6410767696909273,0.6756876663708962,0.6527777777777778,0.6410767696909272
2026-07-06 02:40:02,c9160e6539125e06c66b22677b30e1ed0aad8c344173a6c30f97b14607f84244,c9160e65,ubuntu,quantum_circuit_qubit_sweep_codecarbon,20,-1,-1,True,DATA_REUPLOAD_5Q,PennyLane,0.42.3,default.qubit,DATA_REUPLOAD,5,4,61,16,40,20,16,CNOT_LINEAR,76,-0.41985107,0.603448,0.419851,0.671589,0.1633386721,5.212594048223561e-07,0,9.762866075228278e-07,1.4975460123451838e-06,5.511083954246073e-07,0.36800765,3.2.8,5,1,6,36.7335,0.89852761,2.49591e-07,33.00605774,Cortex-A53,4,4,24.1,1200.0,2,45.9,227.1836,0.88,Debian GNU/Linux 13 (trixie) aarch64,Linux,aarch64,3.10.20,0.6527777777777778,0.6756876663708962,0.6527777777777778,0.6410767696909273,0.6756876663708962,0.6527777777777778,0.6410767696909272
2026-07-06 02:40:07,c9160e6539125e06c66b22677b30e1ed0aad8c344173a6c30f97b14607f84244,c9160e65,ubuntu,quantum_circuit_qubit_sweep_codecarbon,21,1,1,True,DATA_REUPLOAD_5Q,PennyLane,0.42.3,default.qubit,DATA_REUPLOAD,5,4,61,16,40,20,16,CNOT_LINEAR,76,0.4456156,0.609596,0.445616,0.668928,0.1607987371,5.199473337448074e-07,0,9.7382641901883e-07,1.4937737527636371e-06,5.497201750240497e-07,0.36800765,3.2.8,5,1,6,37.3137,0.89626425,2.48962e-07,33.44295862,Cortex-A53,4,4,24.4,1200.0,2,45.9,227.1836,0.88,Debian GNU/Linux 13 (trixie) aarch64,Linux,aarch64,3.10.20,0.6527777777777778,0.6756876663708962,0.6527777777777778,0.6410767696909273,0.6756876663708962,0.6527777777777778,0.6410767696909272
2026-07-06 02:40:13,c9160e6539125e06c66b22677b30e1ed0aad8c344173a6c30f97b14607f84244,c9160e65,ubuntu,quantum_circuit_qubit_sweep_codecarbon,22,1,-1,False,DATA_REUPLOAD_5Q,PennyLane,0.42.3,default.qubit,DATA_REUPLOAD,5,4,61,16,40,20,16,CNOT_LINEAR,76,-0.21061272,0.552459,0.210613,0.687633,0.161824564,5.206337119970057e-07,0,9.75164474026921e-07,1.495798186023927e-06,5.504651819597466e-07,0.36800765,3.2.8,5,1,6,37.0772,0.89747891,2.493e-07,33.27599554,Cortex-A53,4,4,24.5,1200.0,3,45.5,227.1875,0.88,Debian GNU/Linux 13 (trixie) aarch64,Linux,aarch64,3.10.20,0.6527777777777778,0.6756876663708962,0.6527777777777778,0.6410767696909273,0.6756876663708962,0.6527777777777778,0.6410767696909272
2026-07-06 02:40:18,c9160e6539125e06c66b22677b30e1ed0aad8c344173a6c30f97b14607f84244,c9160e65,ubuntu,quantum_circuit_qubit_sweep_codecarbon,23,-1,-1,True,DATA_REUPLOAD_5Q,PennyLane,0.42.3,default.qubit,DATA_REUPLOAD,5,4,61,16,40,20,16,CNOT_LINEAR,76,-0.11883025,0.529673,0.11883,0.691385,0.1595962958,5.195910369561624e-07,0,9.73192043408441e-07,1.4927830803646036e-06,5.493555999981594e-07,0.36800765,3.2.8,5,1,6,37.5949,0.89566985,2.48797e-07,33.67258032,Cortex-A53,4,4,24.6,1200.0,1,45.7,227.1875,0.88,Debian GNU/Linux 13 (trixie) aarch64,Linux,aarch64,3.10.20,0.6527777777777778,0.6756876663708962,0.6527777777777778,0.6410767696909273,0.6756876663708962,0.6527777777777778,0.6410767696909272
2026-07-06 02:40:24,c9160e6539125e06c66b22677b30e1ed0aad8c344173a6c30f97b14607f84244,c9160e65,ubuntu,quantum_circuit_qubit_sweep_codecarbon,24,1,-1,False,DATA_REUPLOAD_5Q,PennyLane,0.42.3,default.qubit,DATA_REUPLOAD,5,4,61,16,40,20,16,CNOT_LINEAR,76,-0.16218225,0.540457,0.162182,0.68987,0.159742336,5.195791610277713e-07,0,9.731395674558976e-07,1.4927187284836688e-06,5.493319180133974e-07,0.36800765,3.2.8,5,1,6,37.5605,0.89563124,2.48786e-07,33.6403458,Cortex-A53,4,4,24.2,1200.0,1,45.7,227.1953,0.88,Debian GNU/Linux 13 (trixie) aarch64,Linux,aarch64,3.10.20,0.6527777777777778,0.6756876663708962,0.6527777777777778,0.6410767696909273,0.6756876663708962,0.6527777777777778,0.6410767696909272
2026-07-06 02:40:30,c9160e6539125e06c66b22677b30e1ed0aad8c344173a6c30f97b14607f84244,c9160e65,ubuntu,quantum_circuit_qubit_sweep_codecarbon,25,1,-1,False,DATA_REUPLOAD_5Q,PennyLane,0.42.3,default.qubit,DATA_REUPLOAD,5,4,61,16,40,20,16,CNOT_LINEAR,76,-0.4684165,0.615009,0.468417,0.666455,0.1627412769,5.210213218298223e-07,0,9.7582731085519e-07,1.496848632685012e-06,5.508517543716108e-07,0.36800765,3.2.8,5,1,6,36.8683,0.89810918,2.49475e-07,33.11179057,Cortex-A53,4,4,24.4,1200.0,3,45.9,227.1953,0.88,Debian GNU/Linux 13 (trixie) aarch64,Linux,aarch64,3.10.20,0.6527777777777778,0.6756876663708962,0.6527777777777778,0.6410767696909273,0.6756876663708962,0.6527777777777778,0.6410767696909272
2026-07-06 02:40:35,c9160e6539125e06c66b22677b30e1ed0aad8c344173a6c30f97b14607f84244,c9160e65,ubuntu,quantum_circuit_qubit_sweep_codecarbon,26,1,-1,False,DATA_REUPLOAD_5Q,PennyLane,0.42.3,default.qubit,DATA_REUPLOAD,5,4,61,16,40,20,16,CNOT_LINEAR,76,-0.37452438,0.592552,0.374524,0.675916,0.1601818129,5.198237119863431e-07,0,9.736014966620132e-07,1.4934252086483562e-06,5.49591908121715e-07,0.36800765,3.2.8,5,1,6,37.4574,0.89605513,2.48904e-07,33.56392747,Cortex-A53,4,4,23.9,1200.0,1,45.9,227.1953,0.88,Debian GNU/Linux 13 (trixie) aarch64,Linux,aarch64,3.10.20,0.6527777777777778,0.6756876663708962,0.6527777777777778,0.6410767696909273,0.6756876663708962,0.6527777777777778,0.6410767696909272
2026-07-06 02:40:41,c9160e6539125e06c66b22677b30e1ed0aad8c344173a6c30f97b14607f84244,c9160e65,ubuntu,quantum_circuit_qubit_sweep_codecarbon,27,-1,-1,True,DATA_REUPLOAD_5Q,PennyLane,0.42.3,default.qubit,DATA_REUPLOAD,5,4,61,16,40,20,16,CNOT_LINEAR,76,-0.36012882,0.589072,0.360129,0.677195,0.161322379,5.203931755903694e-07,0,9.746650317295764e-07,1.495058207319946e-06,5.501928641325564e-07,0.36800765,3.2.8,5,1,6,37.1926,0.89703492,2.49176e-07,33.36306828,Cortex-A53,4,4,24.5,1200.0,3,45.5,227.1992,0.88,Debian GNU/Linux 13 (trixie) aarch64,Linux,aarch64,3.10.20,0.6527777777777778,0.6756876663708962,0.6527777777777778,0.6410767696909273,0.6756876663708962,0.6527777777777778,0.6410767696909272
2026-07-06 02:40:47,c9160e6539125e06c66b22677b30e1ed0aad8c344173a6c30f97b14607f84244,c9160e65,ubuntu,quantum_circuit_qubit_sweep_codecarbon,28,-1,-1,True,DATA_REUPLOAD_5Q,PennyLane,0.42.3,default.qubit,DATA_REUPLOAD,5,4,61,16,40,20,16,CNOT_LINEAR,76,-0.38938532,0.596135,0.389385,0.674548,0.1629347119,5.21101920451555e-07,0,9.760175391177956e-07,1.4971194595693506e-06,5.509514207380765e-07,0.36800765,3.2.8,5,1,6,36.8246,0.89827168,2.4952e-07,33.07846432,Cortex-A53,4,4,24.6,1200.0,1,45.7,227.2031,0.88,Debian GNU/Linux 13 (trixie) aarch64,Linux,aarch64,3.10.20,0.6527777777777778,0.6756876663708962,0.6527777777777778,0.6410767696909273,0.6756876663708962,0.6527777777777778,0.6410767696909272
2026-07-06 02:40:52,c9160e6539125e06c66b22677b30e1ed0aad8c344173a6c30f97b14607f84244,c9160e65,ubuntu,quantum_circuit_qubit_sweep_codecarbon,29,1,1,True,DATA_REUPLOAD_5Q,PennyLane,0.42.3,default.qubit,DATA_REUPLOAD,5,4,61,16,40,20,16,CNOT_LINEAR,76,0.33176577,0.582189,0.331766,0.679576,0.1598241569,5.197361229997099e-07,0,9.73487343483915e-07,1.493223466483625e-06,5.495176654608699e-07,0.36800765,3.2.8,5,1,6,37.5413,0.89593408,2.48871e-07,33.63449296,Cortex-A53,4,4,22.5,1200.0,2,45.7,227.2031,0.88,Debian GNU/Linux 13 (trixie) aarch64,Linux,aarch64,3.10.20,0.6527777777777778,0.6756876663708962,0.6527777777777778,0.6410767696909273,0.6756876663708962,0.6527777777777778,0.6410767696909272
2026-07-06 02:40:59,c9160e6539125e06c66b22677b30e1ed0aad8c344173a6c30f97b14607f84244,c9160e65,ubuntu,quantum_circuit_qubit_sweep_codecarbon,30,-1,-1,True,DATA_REUPLOAD_5Q,PennyLane,0.42.3,default.qubit,DATA_REUPLOAD,5,4,61,16,40,20,16,CNOT_LINEAR,76,-0.35151186,0.586984,0.351512,0.677937,0.162972264,5.211577591207981e-07,0,9.761060331948102e-07,1.4972637923156085e-06,5.510045362934863e-07,0.36800765,3.2.8,5,1,6,36.8161,0.89835828,2.49544e-07,33.07403064,Cortex-A53,4,4,24.2,1200.0,2,45.9,227.2031,0.88,Debian GNU/Linux 13 (trixie) aarch64,Linux,aarch64,3.10.20,0.6527777777777778,0.6756876663708962,0.6527777777777778,0.6410767696909273,0.6756876663708962,0.6527777777777778,0.6410767696909272
2026-07-06 02:41:04,c9160e6539125e06c66b22677b30e1ed0aad8c344173a6c30f97b14607f84244,c9160e65,ubuntu,quantum_circuit_qubit_sweep_codecarbon,31,-1,-1,True,DATA_REUPLOAD_5Q,PennyLane,0.42.3,default.qubit,DATA_REUPLOAD,5,4,61,16,40,20,16,CNOT_LINEAR,76,-0.30030929,0.574518,0.300309,0.682,0.159601084,5.195696635964314e-07,0,9.731699365268772e-07,1.4927396001233087e-06,5.493395989365457e-07,0.36800765,3.2.8,5,1,6,37.5937,0.89564376,2.4879e-07,33.67058937,Cortex-A53,4,4,24.6,1200.0,2,45.8,227.2031,0.88,Debian GNU/Linux 13 (trixie) aarch64,Linux,aarch64,3.10.20,0.6527777777777778,0.6756876663708962,0.6527777777777778,0.6410767696909273,0.6756876663708962,0.6527777777777778,0.6410767696909272
2026-07-06 02:41:10,c9160e6539125e06c66b22677b30e1ed0aad8c344173a6c30f97b14607f84244,c9160e65,ubuntu,quantum_circuit_qubit_sweep_codecarbon,32,-1,-1,True,DATA_REUPLOAD_5Q,PennyLane,0.42.3,default.qubit,DATA_REUPLOAD,5,4,61,16,40,20,16,CNOT_LINEAR,76,-0.16396221,0.540899,0.163962,0.689798,0.1599992071,5.197799625757026e-07,0,9.73522536805831e-07,1.4933024993815335e-06,5.495467501722532e-07,0.36800765,3.2.8,5,1,6,37.5002,0.8959815,2.48884e-07,33.59947274,Cortex-A53,4,4,24.8,1200.0,1,45.9,227.2031,0.88,Debian GNU/Linux 13 (trixie) aarch64,Linux,aarch64,3.10.20,0.6527777777777778,0.6756876663708962,0.6527777777777778,0.6410767696909273,0.6756876663708962,0.6527777777777778,0.6410767696909272
2026-07-06 02:41:15,c9160e6539125e06c66b22677b30e1ed0aad8c344173a6c30f97b14607f84244,c9160e65,ubuntu,quantum_circuit_qubit_sweep_codecarbon,33,-1,1,False,DATA_REUPLOAD_5Q,PennyLane,0.42.3,default.qubit,DATA_REUPLOAD,5,4,61,16,40,20,16,CNOT_LINEAR,76,0.19536853,0.548687,0.195369,0.688399,0.159699677,5.196622721049545e-07,0,9.733278750597189e-07,1.4929901471646732e-06,5.494318021655661e-07,0.36800765,3.2.8,5,1,6,37.5705,0.89579409,2.48832e-07,33.65545022,Cortex-A53,4,4,24.3,1200.0,2,45.9,227.2031,0.88,Debian GNU/Linux 13 (trixie) aarch64,Linux,aarch64,3.10.20,0.6527777777777778,0.6756876663708962,0.6527777777777778,0.6410767696909273,0.6756876663708962,0.6527777777777778,0.6410767696909272
2026-07-06 02:41:21,c9160e6539125e06c66b22677b30e1ed0aad8c344173a6c30f97b14607f84244,c9160e65,ubuntu,quantum_circuit_qubit_sweep_codecarbon,34,1,1,True,DATA_REUPLOAD_5Q,PennyLane,0.42.3,default.qubit,DATA_REUPLOAD,5,4,61,16,40,20,16,CNOT_LINEAR,76,0.49105823,0.620356,0.491058,0.66389,0.1600745711,5.19797547099491e-07,0,9.736077766865491e-07,1.4934053237860403e-06,5.495845903401752e-07,0.36800765,3.2.8,5,1,6,37.4825,0.89604319,2.48901e-07,33.58596638,Cortex-A53,4,4,24.7,1200.0,1,46.1,227.2031,0.88,Debian GNU/Linux 13 (trixie) aarch64,Linux,aarch64,3.10.20,0.6527777777777778,0.6756876663708962,0.6527777777777778,0.6410767696909273,0.6756876663708962,0.6527777777777778,0.6410767696909272
2026-07-06 02:41:27,c9160e6539125e06c66b22677b30e1ed0aad8c344173a6c30f97b14607f84244,c9160e65,ubuntu,quantum_circuit_qubit_sweep_codecarbon,35,-1,-1,True,DATA_REUPLOAD_5Q,PennyLane,0.42.3,default.qubit,DATA_REUPLOAD,5,4,61,16,40,20,16,CNOT_LINEAR,76,-0.34359209,0.585063,0.343592,0.678605,0.1630983041,5.211431867339545e-07,0,9.760973868348326e-07,1.4972405735687872e-06,5.509959916169295e-07,0.36800765,3.2.8,5,1,6,36.7876,0.89834434,2.4954e-07,33.04795899,Cortex-A53,4,4,24.6,1200.0,1,46.1,227.207,0.88,Debian GNU/Linux 13 (trixie) aarch64,Linux,aarch64,3.10.20,0.6527777777777778,0.6756876663708962,0.6527777777777778,0.6410767696909273,0.6756876663708962,0.6527777777777778,0.6410767696909272
2026-07-06 02:41:32,c9160e6539125e06c66b22677b30e1ed0aad8c344173a6c30f97b14607f84244,c9160e65,ubuntu,quantum_circuit_qubit_sweep_codecarbon,36,1,1,True,DATA_REUPLOAD_5Q,PennyLane,0.42.3,default.qubit,DATA_REUPLOAD,5,4,61,16,40,20,16,CNOT_LINEAR,76,0.08030387,0.520065,0.080304,0.692342,0.160147747,5.19644496587772e-07,0,9.733313417139771e-07,1.4929758383017493e-06,5.494265363944837e-07,0.36800765,3.2.8,5,1,6,37.4654,0.8957855,2.48829e-07,33.56096553,Cortex-A53,4,4,24.4,1200.0,2,45.9,227.2188,0.88,Debian GNU/Linux 13 (trixie) aarch64,Linux,aarch64,3.10.20,0.6527777777777778,0.6756876663708962,0.6527777777777778,0.6410767696909273,0.6756876663708962,0.6527777777777778,0.6410767696909272
2026-07-06 02:41:38,c9160e6539125e06c66b22677b30e1ed0aad8c344173a6c30f97b14607f84244,c9160e65,ubuntu,quantum_circuit_qubit_sweep_codecarbon,37,-1,1,False,DATA_REUPLOAD_5Q,PennyLane,0.42.3,default.qubit,DATA_REUPLOAD,5,4,61,16,40,20,16,CNOT_LINEAR,76,0.05025742,0.512562,0.050257,0.692832,0.161089981,5.20275418393352e-07,0,9.744786432323355e-07,1.4947540616256878e-06,5.500809361890034e-07,0.36800765,3.2.8,5,1,6,37.2463,0.89685244,2.49126e-07,33.40440286,Cortex-A53,4,4,24.3,1200.0,1,45.7,227.2188,0.88,Debian GNU/Linux 13 (trixie) aarch64,Linux,aarch64,3.10.20,0.6527777777777778,0.6756876663708962,0.6527777777777778,0.6410767696909273,0.6756876663708962,0.6527777777777778,0.6410767696909272
2026-07-06 02:41:43,c9160e6539125e06c66b22677b30e1ed0aad8c344173a6c30f97b14607f84244,c9160e65,ubuntu,quantum_circuit_qubit_sweep_codecarbon,38,-1,-1,True,DATA_REUPLOAD_5Q,PennyLane,0.42.3,default.qubit,DATA_REUPLOAD,5,4,61,16,40,20,16,CNOT_LINEAR,76,-0.38278115,0.594544,0.382781,0.675162,0.160749149,5.20063428201393e-07,0,9.74075995812503e-07,1.494139424013896e-06,5.49854744843155e-07,0.36800765,3.2.8,5,1,6,37.3252,0.89648365,2.49023e-07,33.46146439,Cortex-A53,4,4,24.3,1200.0,1,45.6,227.2227,0.88,Debian GNU/Linux 13 (trixie) aarch64,Linux,aarch64,3.10.20,0.6527777777777778,0.6756876663708962,0.6527777777777778,0.6410767696909273,0.6756876663708962,0.6527777777777778,0.6410767696909272
2026-07-06 02:41:49,c9160e6539125e06c66b22677b30e1ed0aad8c344173a6c30f97b14607f84244,c9160e65,ubuntu,quantum_circuit_qubit_sweep_codecarbon,39,-1,1,False,DATA_REUPLOAD_5Q,PennyLane,0.42.3,default.qubit,DATA_REUPLOAD,5,4,61,16,40,20,16,CNOT_LINEAR,76,0.17104907,0.542658,0.171049,0.689503,0.1595017081,5.195404377041591e-07,0,9.730832915132244e-07,1.4926237292173835e-06,5.492969575562379e-07,0.36800765,3.2.8,5,1,6,37.6172,0.89557424,2.48771e-07,33.68895223,Cortex-A53,4,4,24.2,1200.0,1,45.6,227.2227,0.88,Debian GNU/Linux 13 (trixie) aarch64,Linux,aarch64,3.10.20,0.6527777777777778,0.6756876663708962,0.6527777777777778,0.6410767696909273,0.6756876663708962,0.6527777777777778,0.6410767696909272
2026-07-06 02:41:55,c9160e6539125e06c66b22677b30e1ed0aad8c344173a6c30f97b14607f84244,c9160e65,ubuntu,quantum_circuit_qubit_sweep_codecarbon,40,-1,-1,True,DATA_REUPLOAD_5Q,PennyLane,0.42.3,default.qubit,DATA_REUPLOAD,5,4,61,16,40,20,16,CNOT_LINEAR,76,-0.41282084,0.601764,0.412821,0.67229,0.1602650371,5.198659212845896e-07,0,9.736860650203502e-07,1.4935519863049398e-06,5.496385632697503e-07,0.36800765,3.2.8,5,1,6,37.438,0.89613119,2.48925e-07,33.54934581,Cortex-A53,4,4,24.4,1200.0,1,45.6,227.2305,0.88,Debian GNU/Linux 13 (trixie) aarch64,Linux,aarch64,3.10.20,0.6527777777777778,0.6756876663708962,0.6527777777777778,0.6410767696909273,0.6756876663708962,0.6527777777777778,0.6410767696909272
2026-07-06 02:42:01,c9160e6539125e06c66b22677b30e1ed0aad8c344173a6c30f97b14607f84244,c9160e65,ubuntu,quantum_circuit_qubit_sweep_codecarbon,41,-1,-1,True,DATA_REUPLOAD_5Q,PennyLane,0.42.3,default.qubit,DATA_REUPLOAD,5,4,61,16,40,20,16,CNOT_LINEAR,76,-0.01440826,0.503602,0.014408,0.693121,0.159521499,5.195465466628473e-07,0,9.730996507763242e-07,1.4926461974391714e-06,5.493052260338377e-07,0.36800765,3.2.8,5,1,6,37.6125,0.89558772,2.48774e-07,33.6852797,Cortex-A53,4,4,24.1,1200.0,2,45.5,227.2305,0.88,Debian GNU/Linux 13 (trixie) aarch64,Linux,aarch64,3.10.20,0.6527777777777778,0.6756876663708962,0.6527777777777778,0.6410767696909273,0.6756876663708962,0.6527777777777778,0.6410767696909272
2026-07-06 02:42:07,c9160e6539125e06c66b22677b30e1ed0aad8c344173a6c30f97b14607f84244,c9160e65,ubuntu,quantum_circuit_qubit_sweep_codecarbon,42,-1,-1,True,DATA_REUPLOAD_5Q,PennyLane,0.42.3,default.qubit,DATA_REUPLOAD,5,4,61,16,40,20,16,CNOT_LINEAR,76,-0.10335187,0.525815,0.103352,0.691814,0.1673981221,5.230514799348182e-07,0,9.796750033274292e-07,1.5027264832622474e-06,5.530148483757095e-07,0.36800765,3.2.8,5,1,6,35.8427,0.90163589,2.50454e-07,32.31706109,Cortex-A53,4,4,24.2,1200.0,2,45.5,227.2305,0.88,Debian GNU/Linux 13 (trixie) aarch64,Linux,aarch64,3.10.20,0.6527777777777778,0.6756876663708962,0.6527777777777778,0.6410767696909273,0.6756876663708962,0.6527777777777778,0.6410767696909272
2026-07-06 02:42:12,c9160e6539125e06c66b22677b30e1ed0aad8c344173a6c30f97b14607f84244,c9160e65,ubuntu,quantum_circuit_qubit_sweep_codecarbon,43,1,-1,False,DATA_REUPLOAD_5Q,PennyLane,0.42.3,default.qubit,DATA_REUPLOAD,5,4,61,16,40,20,16,CNOT_LINEAR,76,-0.37595565,0.592897,0.375956,0.675787,0.1603472228,5.198808026810487e-07,0,9.73765746651528e-07,1.4936465493325766e-06,5.49673363187748e-07,0.36800765,3.2.8,5,1,6,37.4188,0.89618793,2.48941e-07,33.53427321,Cortex-A53,4,4,24.7,1200.0,1,45.5,227.2305,0.88,Debian GNU/Linux 13 (trixie) aarch64,Linux,aarch64,3.10.20,0.6527777777777778,0.6756876663708962,0.6527777777777778,0.6410767696909273,0.6756876663708962,0.6527777777777778,0.6410767696909272
2026-07-06 02:42:18,c9160e6539125e06c66b22677b30e1ed0aad8c344173a6c30f97b14607f84244,c9160e65,ubuntu,quantum_circuit_qubit_sweep_codecarbon,44,1,-1,False,DATA_REUPLOAD_5Q,PennyLane,0.42.3,default.qubit,DATA_REUPLOAD,5,4,61,16,40,20,16,CNOT_LINEAR,76,-0.01435109,0.503588,0.014351,0.693121,0.1595558729,5.195471058000136e-07,0,9.731102808533858e-07,1.4926573866533994e-06,5.493093437503207e-07,0.36800765,3.2.8,5,1,6,37.6044,0.89559443,2.48776e-07,33.67827517,Cortex-A53,4,4,25.1,1200.0,1,45.5,227.2305,0.88,Debian GNU/Linux 13 (trixie) aarch64,Linux,aarch64,3.10.20,0.6527777777777778,0.6756876663708962,0.6527777777777778,0.6410767696909273,0.6756876663708962,0.6527777777777778,0.6410767696909272
2026-07-06 02:42:23,c9160e6539125e06c66b22677b30e1ed0aad8c344173a6c30f97b14607f84244,c9160e65,ubuntu,quantum_circuit_qubit_sweep_codecarbon,45,1,1,True,DATA_REUPLOAD_5Q,PennyLane,0.42.3,default.qubit,DATA_REUPLOAD,5,4,61,16,40,20,16,CNOT_LINEAR,76,0.51166911,0.625198,0.511669,0.661462,0.1599717559,5.197192104731692e-07,0,9.73440875726131e-07,1.4931600861993005e-06,5.494943410310977e-07,0.36800765,3.2.8,5,1,6,37.5066,0.89589605,2.4886e-07,33.60203355,Cortex-A53,4,4,24.2,1200.0,1,45.5,227.2344,0.88,Debian GNU/Linux 13 (trixie) aarch64,Linux,aarch64,3.10.20,0.6527777777777778,0.6756876663708962,0.6527777777777778,0.6410767696909273,0.6756876663708962,0.6527777777777778,0.6410767696909272
2026-07-06 02:42:29,c9160e6539125e06c66b22677b30e1ed0aad8c344173a6c30f97b14607f84244,c9160e65,ubuntu,quantum_circuit_qubit_sweep_codecarbon,46,1,1,True,DATA_REUPLOAD_5Q,PennyLane,0.42.3,default.qubit,DATA_REUPLOAD,5,4,61,16,40,20,16,CNOT_LINEAR,76,0.47471297,0.616499,0.474713,0.665752,0.159348842,5.195132559165359e-07,0,9.730620998501156e-07,1.4925753557666516e-06,5.492791557560967e-07,0.36800765,3.2.8,5,1,6,37.6532,0.89554521,2.48763e-07,33.72017778,Cortex-A53,4,4,24.7,1200.0,1,45.7,227.2422,0.88,Debian GNU/Linux 13 (trixie) aarch64,Linux,aarch64,3.10.20,0.6527777777777778,0.6756876663708962,0.6527777777777778,0.6410767696909273,0.6756876663708962,0.6527777777777778,0.6410767696909272
2026-07-06 02:42:35,c9160e6539125e06c66b22677b30e1ed0aad8c344173a6c30f97b14607f84244,c9160e65,ubuntu,quantum_circuit_qubit_sweep_codecarbon,47,1,-1,False,DATA_REUPLOAD_5Q,PennyLane,0.42.3,default.qubit,DATA_REUPLOAD,5,4,61,16,40,20,16,CNOT_LINEAR,76,-0.36818481,0.59102,0.368185,0.676485,0.163145748,5.211253369515331e-07,0,9.760583490909388e-07,1.497183686042472e-06,5.509750565718031e-07,0.36800765,3.2.8,5,1,6,36.7769,0.89831021,2.49531e-07,33.03709313,Cortex-A53,4,4,23.9,1200.0,1,45.7,227.2461,0.88,Debian GNU/Linux 13 (trixie) aarch64,Linux,aarch64,3.10.20,0.6527777777777778,0.6756876663708962,0.6527777777777778,0.6410767696909273,0.6756876663708962,0.6527777777777778,0.6410767696909272
2026-07-06 02:42:40,c9160e6539125e06c66b22677b30e1ed0aad8c344173a6c30f97b14607f84244,c9160e65,ubuntu,quantum_circuit_qubit_sweep_codecarbon,48,1,-1,False,DATA_REUPLOAD_5Q,PennyLane,0.42.3,default.qubit,DATA_REUPLOAD,5,4,61,16,40,20,16,CNOT_LINEAR,76,-0.37711505,0.593177,0.377115,0.675681,0.1600138901,5.196776112478904e-07,0,9.73397772371148e-07,1.4930753836190385e-06,5.494631698332101e-07,0.36800765,3.2.8,5,1,6,37.4967,0.89584523,2.48846e-07,33.59127996,Cortex-A53,4,4,29.4,1200.0,2,45.7,227.2578,0.88,Debian GNU/Linux 13 (trixie) aarch64,Linux,aarch64,3.10.20,0.6527777777777778,0.6756876663708962,0.6527777777777778,0.6410767696909273,0.6756876663708962,0.6527777777777778,0.6410767696909272
2026-07-06 02:42:46,c9160e6539125e06c66b22677b30e1ed0aad8c344173a6c30f97b14607f84244,c9160e65,ubuntu,quantum_circuit_qubit_sweep_codecarbon,49,-1,-1,True,DATA_REUPLOAD_5Q,PennyLane,0.42.3,default.qubit,DATA_REUPLOAD,5,4,61,16,40,20,16,CNOT_LINEAR,76,-0.27005854,0.567107,0.270059,0.684113,0.1607198229,5.20137787072195e-07,0,9.74169684923254e-07,1.494307471995449e-06,5.499165877866802e-07,0.36800765,3.2.8,5,1,6,37.332,0.89658448,2.49051e-07,33.47133417,Cortex-A53,4,4,24.6,1200.0,3,45.7,227.2578,0.88,Debian GNU/Linux 13 (trixie) aarch64,Linux,aarch64,3.10.20,0.6527777777777778,0.6756876663708962,0.6527777777777778,0.6410767696909273,0.6756876663708962,0.6527777777777778,0.6410767696909272
2026-07-06 02:42:52,c9160e6539125e06c66b22677b30e1ed0aad8c344173a6c30f97b14607f84244,c9160e65,ubuntu,quantum_circuit_qubit_sweep_codecarbon,50,-1,-1,True,DATA_REUPLOAD_5Q,PennyLane,0.42.3,default.qubit,DATA_REUPLOAD,5,4,61,16,40,20,16,CNOT_LINEAR,76,-0.12111775,0.530242,0.121118,0.691317,0.1597384231,5.196694152895724e-07,0,9.733075792125116e-07,1.492976994502084e-06,5.49426961885057e-07,0.36800765,3.2.8,5,1,6,37.5614,0.8957862,2.48829e-07,33.64699035,Cortex-A53,4,4,24.3,1200.0,1,45.5,227.2734,0.88,Debian GNU/Linux 13 (trixie) aarch64,Linux,aarch64,3.10.20,0.6527777777777778,0.6756876663708962,0.6527777777777778,0.6410767696909273,0.6756876663708962,0.6527777777777778,0.6410767696909272
2026-07-06 02:42:58,c9160e6539125e06c66b22677b30e1ed0aad8c344173a6c30f97b14607f84244,c9160e65,ubuntu,quantum_circuit_qubit_sweep_codecarbon,51,1,-1,False,DATA_REUPLOAD_5Q,PennyLane,0.42.3,default.qubit,DATA_REUPLOAD,5,4,61,16,40,20,16,CNOT_LINEAR,76,-0.18330089,0.545697,0.183301,0.688965,0.159666599,5.196528114999335e-07,0,9.73255538265221e-07,1.4929083497651543e-06,5.494017000964295e-07,0.36800765,3.2.8,5,1,6,37.5783,0.89574501,2.48818e-07,33.66057831,Cortex-A53,4,4,24.7,1200.0,2,45.6,227.2734,0.88,Debian GNU/Linux 13 (trixie) aarch64,Linux,aarch64,3.10.20,0.6527777777777778,0.6756876663708962,0.6527777777777778,0.6410767696909273,0.6756876663708962,0.6527777777777778,0.6410767696909272
2026-07-06 02:43:04,c9160e6539125e06c66b22677b30e1ed0aad8c344173a6c30f97b14607f84244,c9160e65,ubuntu,quantum_circuit_qubit_sweep_codecarbon,52,1,1,True,DATA_REUPLOAD_5Q,PennyLane,0.42.3,default.qubit,DATA_REUPLOAD,5,4,61,16,40,20,16,CNOT_LINEAR,76,0.47624924,0.616862,0.476249,0.66558,0.159967015,5.19716307616608e-07,0,9.734306666844834e-07,1.4931469743010915e-06,5.494895157521925e-07,0.36800765,3.2.8,5,1,6,37.5077,0.89588818,2.48858e-07,33.60273433,Cortex-A53,4,4,23.9,1200.0,3,45.7,227.2734,0.88,Debian GNU/Linux 13 (trixie) aarch64,Linux,aarch64,3.10.20,0.6527777777777778,0.6756876663708962,0.6527777777777778,0.6410767696909273,0.6756876663708962,0.6527777777777778,0.6410767696909272
2026-07-06 02:43:09,c9160e6539125e06c66b22677b30e1ed0aad8c344173a6c30f97b14607f84244,c9160e65,ubuntu,quantum_circuit_qubit_sweep_codecarbon,53,1,-1,False,DATA_REUPLOAD_5Q,PennyLane,0.42.3,default.qubit,DATA_REUPLOAD,5,4,61,16,40,20,16,CNOT_LINEAR,76,-0.71662868,0.671864,0.716629,0.632851,0.1597232139,5.197091755560703e-07,0,9.733985899947584e-07,1.4931077655508288e-06,5.494750866319746e-07,0.36800765,3.2.8,5,1,6,37.565,0.89586466,2.48851e-07,33.65314174,Cortex-A53,4,4,24.6,1200.0,1,45.9,227.2734,0.88,Debian GNU/Linux 13 (trixie) aarch64,Linux,aarch64,3.10.20,0.6527777777777778,0.6756876663708962,0.6527777777777778,0.6410767696909273,0.6756876663708962,0.6527777777777778,0.6410767696909272
2026-07-06 02:43:15,c9160e6539125e06c66b22677b30e1ed0aad8c344173a6c30f97b14607f84244,c9160e65,ubuntu,quantum_circuit_qubit_sweep_codecarbon,54,-1,-1,True,DATA_REUPLOAD_5Q,PennyLane,0.42.3,default.qubit,DATA_REUPLOAD,5,4,61,16,40,20,16,CNOT_LINEAR,76,-0.37667617,0.593071,0.376676,0.675721,0.160363626,5.199904925086432e-07,0,9.73968680870409e-07,1.4939591733790522e-06,5.497884112298141e-07,0.36800765,3.2.8,5,1,6,37.415,0.8963755,2.48993e-07,33.53786117,Cortex-A53,4,4,24.5,1200.0,1,45.9,227.2773,0.88,Debian GNU/Linux 13 (trixie) aarch64,Linux,aarch64,3.10.20,0.6527777777777778,0.6756876663708962,0.6527777777777778,0.6410767696909273,0.6756876663708962,0.6527777777777778,0.6410767696909272
2026-07-06 02:43:20,c9160e6539125e06c66b22677b30e1ed0aad8c344173a6c30f97b14607f84244,c9160e65,ubuntu,quantum_circuit_qubit_sweep_codecarbon,55,-1,1,False,DATA_REUPLOAD_5Q,PennyLane,0.42.3,default.qubit,DATA_REUPLOAD,5,4,61,16,40,20,16,CNOT_LINEAR,76,0.3162065,0.578399,0.316206,0.680803,0.159846233,5.197447816189074e-07,0,9.73437953313502e-07,1.4931827349324094e-06,5.495026759382452e-07,0.36800765,3.2.8,5,1,6,37.5361,0.89590964,2.48864e-07,33.62893042,Cortex-A53,4,4,24.3,1200.0,1,45.9,227.2773,0.88,Debian GNU/Linux 13 (trixie) aarch64,Linux,aarch64,3.10.20,0.6527777777777778,0.6756876663708962,0.6527777777777778,0.6410767696909273,0.6756876663708962,0.6527777777777778,0.6410767696909272
2026-07-06 02:43:26,c9160e6539125e06c66b22677b30e1ed0aad8c344173a6c30f97b14607f84244,c9160e65,ubuntu,quantum_circuit_qubit_sweep_codecarbon,56,1,-1,False,DATA_REUPLOAD_5Q,PennyLane,0.42.3,default.qubit,DATA_REUPLOAD,5,4,61,16,40,20,16,CNOT_LINEAR,76,-0.06434242,0.51608,0.064342,0.69263,0.160041857,5.19823130634096e-07,0,9.73594113990354e-07,1.49341724462445e-06,5.495889772999574e-07,0.36800765,3.2.8,5,1,6,37.4902,0.89605035,2.48903e-07,33.59309983,Cortex-A53,4,4,24.5,1200.0,2,45.8,227.2773,0.88,Debian GNU/Linux 13 (trixie) aarch64,Linux,aarch64,3.10.20,0.6527777777777778,0.6756876663708962,0.6527777777777778,0.6410767696909273,0.6756876663708962,0.6527777777777778,0.6410767696909272
2026-07-06 02:43:32,c9160e6539125e06c66b22677b30e1ed0aad8c344173a6c30f97b14607f84244,c9160e65,ubuntu,quantum_circuit_qubit_sweep_codecarbon,57,1,-1,False,DATA_REUPLOAD_5Q,PennyLane,0.42.3,default.qubit,DATA_REUPLOAD,5,4,61,16,40,20,16,CNOT_LINEAR,76,-0.32449122,0.580418,0.324491,0.680157,0.1646596962,5.218065998708434e-07,0,9.773852808090549e-07,1.4991918806798985e-06,5.517140875699887e-07,0.36800765,3.2.8,5,1,6,36.4388,0.89951513,2.49865e-07,32.77724237,Cortex-A53,4,4,24.1,1200.0,2,45.8,227.2773,0.88,Debian GNU/Linux 13 (trixie) aarch64,Linux,aarch64,3.10.20,0.6527777777777778,0.6756876663708962,0.6527777777777778,0.6410767696909273,0.6756876663708962,0.6527777777777778,0.6410767696909272
2026-07-06 02:43:37,c9160e6539125e06c66b22677b30e1ed0aad8c344173a6c30f97b14607f84244,c9160e65,ubuntu,quantum_circuit_qubit_sweep_codecarbon,58,-1,-1,True,DATA_REUPLOAD_5Q,PennyLane,0.42.3,default.qubit,DATA_REUPLOAD,5,4,61,16,40,20,16,CNOT_LINEAR,76,-0.6129332,0.64861,0.612933,0.648303,0.160063107,5.197723492120506e-07,0,9.735475416528062e-07,1.4933198908648567e-06,5.495531503712382e-07,0.36800765,3.2.8,5,1,6,37.4852,0.89599193,2.48887e-07,33.58645041,Cortex-A53,4,4,24.5,1200.0,2,45.8,227.2891,0.88,Debian GNU/Linux 13 (trixie) aarch64,Linux,aarch64,3.10.20,0.6527777777777778,0.6756876663708962,0.6527777777777778,0.6410767696909273,0.6756876663708962,0.6527777777777778,0.6410767696909272
2026-07-06 02:43:43,c9160e6539125e06c66b22677b30e1ed0aad8c344173a6c30f97b14607f84244,c9160e65,ubuntu,quantum_circuit_qubit_sweep_codecarbon,59,1,1,True,DATA_REUPLOAD_5Q,PennyLane,0.42.3,default.qubit,DATA_REUPLOAD,5,4,61,16,40,20,16,CNOT_LINEAR,76,0.49034898,0.620189,0.490349,0.663972,0.1606438849,5.200117618466417e-07,0,9.739979275036603e-07,1.494009689350302e-06,5.498070014939058e-07,0.36800765,3.2.8,5,1,6,37.3497,0.89640581,2.49002e-07,33.48048315,Cortex-A53,4,4,25.1,1200.0,2,45.7,227.2891,0.88,Debian GNU/Linux 13 (trixie) aarch64,Linux,aarch64,3.10.20,0.6527777777777778,0.6756876663708962,0.6527777777777778,0.6410767696909273,0.6756876663708962,0.6527777777777778,0.6410767696909272
2026-07-06 02:43:49,c9160e6539125e06c66b22677b30e1ed0aad8c344173a6c30f97b14607f84244,c9160e65,ubuntu,quantum_circuit_qubit_sweep_codecarbon,60,-1,-1,True,DATA_REUPLOAD_5Q,PennyLane,0.42.3,default.qubit,DATA_REUPLOAD,5,4,61,16,40,20,16,CNOT_LINEAR,76,-0.36036397,0.589129,0.360364,0.677174,0.1597923259,5.197347273767849e-07,0,9.734732766325277e-07,1.4932080040093125e-06,5.495119751519663e-07,0.36800765,3.2.8,5,1,6,37.5487,0.8959248,2.48868e-07,33.64084466,Cortex-A53,4,4,24.5,1200.0,2,45.7,227.2891,0.88,Debian GNU/Linux 13 (trixie) aarch64,Linux,aarch64,3.10.20,0.6527777777777778,0.6756876663708962,0.6527777777777778,0.6410767696909273,0.6756876663708962,0.6527777777777778,0.6410767696909272
2026-07-06 02:43:55,c9160e6539125e06c66b22677b30e1ed0aad8c344173a6c30f97b14607f84244,c9160e65,ubuntu,quantum_circuit_qubit_sweep_codecarbon,61,-1,-1,True,DATA_REUPLOAD_5Q,PennyLane,0.42.3,default.qubit,DATA_REUPLOAD,5,4,61,16,40,20,16,CNOT_LINEAR,76,-0.26421036,0.565671,0.26421,0.684497,0.1605800819,5.20123102184799e-07,0,9.74175701655137e-07,1.494298803839936e-06,5.499133978391016e-07,0.36800765,3.2.8,5,1,6,37.3645,0.89657928,2.4905e-07,33.50026748,Cortex-A53,4,4,23.9,1200.0,1,45.7,227.2891,0.88,Debian GNU/Linux 13 (trixie) aarch64,Linux,aarch64,3.10.20,0.6527777777777778,0.6756876663708962,0.6527777777777778,0.6410767696909273,0.6756876663708962,0.6527777777777778,0.6410767696909272
2026-07-06 02:44:00,c9160e6539125e06c66b22677b30e1ed0aad8c344173a6c30f97b14607f84244,c9160e65,ubuntu,quantum_circuit_qubit_sweep_codecarbon,62,-1,-1,True,DATA_REUPLOAD_5Q,PennyLane,0.42.3,default.qubit,DATA_REUPLOAD,5,4,61,16,40,20,16,CNOT_LINEAR,76,-0.48512998,0.618959,0.48513,0.664572,0.159764722,5.197453514829307e-07,0,9.734577359631658e-07,1.4932030874460965e-06,5.495101658190692e-07,0.36800765,3.2.8,5,1,6,37.5552,0.89592185,2.48867e-07,33.6465463,Cortex-A53,4,4,24.1,1200.0,1,45.7,227.2891,0.88,Debian GNU/Linux 13 (trixie) aarch64,Linux,aarch64,3.10.20,0.6527777777777778,0.6756876663708962,0.6527777777777778,0.6410767696909273,0.6756876663708962,0.6527777777777778,0.6410767696909272
2026-07-06 02:44:06,c9160e6539125e06c66b22677b30e1ed0aad8c344173a6c30f97b14607f84244,c9160e65,ubuntu,quantum_circuit_qubit_sweep_codecarbon,63,-1,-1,True,DATA_REUPLOAD_5Q,PennyLane,0.42.3,default.qubit,DATA_REUPLOAD,5,4,61,16,40,20,16,CNOT_LINEAR,76,-0.1204537,0.530077,0.120454,0.691337,0.1594524321,5.195211368716425e-07,0,9.730544816314552e-07,1.4925756185030975e-06,5.4927925244512e-07,0.36800765,3.2.8,5,1,6,37.6288,0.89554537,2.48763e-07,33.69827702,Cortex-A53,4,4,24.9,1200.0,1,45.7,227.2969,0.88,Debian GNU/Linux 13 (trixie) aarch64,Linux,aarch64,3.10.20,0.6527777777777778,0.6756876663708962,0.6527777777777778,0.6410767696909273,0.6756876663708962,0.6527777777777778,0.6410767696909272
2026-07-06 02:44:12,c9160e6539125e06c66b22677b30e1ed0aad8c344173a6c30f97b14607f84244,c9160e65,ubuntu,quantum_circuit_qubit_sweep_codecarbon,64,1,1,True,DATA_REUPLOAD_5Q,PennyLane,0.42.3,default.qubit,DATA_REUPLOAD,5,4,61,16,40,20,16,CNOT_LINEAR,76,0.14510595,0.536213,0.145106,0.690522,0.1637069909,5.213809640457233e-07,0,9.765270307737713e-07,1.4979079948194947e-06,5.512416077459282e-07,0.36800765,3.2.8,5,1,6,36.6508,0.8987448,2.49651e-07,32.93975872,Cortex-A53,4,4,24.5,1200.0,2,45.7,227.3086,0.88,Debian GNU/Linux 13 (trixie) aarch64,Linux,aarch64,3.10.20,0.6527777777777778,0.6756876663708962,0.6527777777777778,0.6410767696909273,0.6756876663708962,0.6527777777777778,0.6410767696909272
2026-07-06 02:44:17,c9160e6539125e06c66b22677b30e1ed0aad8c344173a6c30f97b14607f84244,c9160e65,ubuntu,quantum_circuit_qubit_sweep_codecarbon,65,-1,-1,True,DATA_REUPLOAD_5Q,PennyLane,0.42.3,default.qubit,DATA_REUPLOAD,5,4,61,16,40,20,16,CNOT_LINEAR,76,-0.31776225,0.578779,0.317762,0.680683,0.1595885251,5.195870440613522e-07,0,9.732003116126482e-07,1.4927873556740003e-06,5.493571733447425e-07,0.36800765,3.2.8,5,1,6,37.5967,0.89567241,2.48798e-07,33.67431636,Cortex-A53,4,4,23.8,1200.0,1,45.8,227.3086,0.88,Debian GNU/Linux 13 (trixie) aarch64,Linux,aarch64,3.10.20,0.6527777777777778,0.6756876663708962,0.6527777777777778,0.6410767696909273,0.6756876663708962,0.6527777777777778,0.6410767696909272
2026-07-06 02:44:23,c9160e6539125e06c66b22677b30e1ed0aad8c344173a6c30f97b14607f84244,c9160e65,ubuntu,quantum_circuit_qubit_sweep_codecarbon,66,-1,-1,True,DATA_REUPLOAD_5Q,PennyLane,0.42.3,default.qubit,DATA_REUPLOAD,5,4,61,16,40,20,16,CNOT_LINEAR,76,-0.20267288,0.550495,0.202673,0.688039,0.16077107,5.201518719808923e-07,0,9.742594184353947e-07,1.4944112904162872e-06,5.49954793760221e-07,0.36800765,3.2.8,5,1,6,37.3201,0.89664677,2.49069e-07,33.4629896,Cortex-A53,4,4,24.8,1200.0,1,45.8,227.3086,0.88,Debian GNU/Linux 13 (trixie) aarch64,Linux,aarch64,3.10.20,0.6527777777777778,0.6756876663708962,0.6527777777777778,0.6410767696909273,0.6756876663708962,0.6527777777777778,0.6410767696909272
2026-07-06 02:44:28,c9160e6539125e06c66b22677b30e1ed0aad8c344173a6c30f97b14607f84244,c9160e65,ubuntu,quantum_circuit_qubit_sweep_codecarbon,67,1,1,True,DATA_REUPLOAD_5Q,PennyLane,0.42.3,default.qubit,DATA_REUPLOAD,5,4,61,16,40,20,16,CNOT_LINEAR,76,0.14768605,0.536855,0.147686,0.690428,0.1601906561,5.199343959490458e-07,0,9.737795156737169e-07,1.4937139116227627e-06,5.496981530261573e-07,0.36800765,3.2.8,5,1,6,37.4554,0.89622835,2.48952e-07,33.56856269,Cortex-A53,4,4,24.9,1200.0,1,45.9,227.3125,0.88,Debian GNU/Linux 13 (trixie) aarch64,Linux,aarch64,3.10.20,0.6527777777777778,0.6756876663708962,0.6527777777777778,0.6410767696909273,0.6756876663708962,0.6527777777777778,0.6410767696909272
2026-07-06 02:44:34,c9160e6539125e06c66b22677b30e1ed0aad8c344173a6c30f97b14607f84244,c9160e65,ubuntu,quantum_circuit_qubit_sweep_codecarbon,68,-1,-1,True,DATA_REUPLOAD_5Q,PennyLane,0.42.3,default.qubit,DATA_REUPLOAD,5,4,61,16,40,20,16,CNOT_LINEAR,76,-0.43867392,0.607943,0.438674,0.669659,0.1619018959,5.206258729514149e-07,0,9.751561134665584e-07,1.4957819864179733e-06,5.504592203807568e-07,0.36800765,3.2.8,5,1,6,37.0595,0.89746919,2.49297e-07,33.25974116,Cortex-A53,4,4,24.9,1200.0,2,46.0,227.3203,0.88,Debian GNU/Linux 13 (trixie) aarch64,Linux,aarch64,3.10.20,0.6527777777777778,0.6756876663708962,0.6527777777777778,0.6410767696909273,0.6756876663708962,0.6527777777777778,0.6410767696909272
2026-07-06 02:44:40,c9160e6539125e06c66b22677b30e1ed0aad8c344173a6c30f97b14607f84244,c9160e65,ubuntu,quantum_circuit_qubit_sweep_codecarbon,69,-1,-1,True,DATA_REUPLOAD_5Q,PennyLane,0.42.3,default.qubit,DATA_REUPLOAD,5,4,61,16,40,20,16,CNOT_LINEAR,76,-0.29018625,0.572042,0.290186,0.682731,0.6043105379,7.172413564597567e-07,0,1.3437838425549368e-06,2.0610251990146933e-06,7.584730492386748e-07,0.36800765,3.2.8,5,1,6,9.9287,1.23661512,3.43504e-07,12.27794362,Cortex-A53,4,4,24.4,1200.0,1,45.9,227.3203,0.88,Debian GNU/Linux 13 (trixie) aarch64,Linux,aarch64,3.10.20,0.6527777777777778,0.6756876663708962,0.6527777777777778,0.6410767696909273,0.6756876663708962,0.6527777777777778,0.6410767696909272
2026-07-06 02:44:47,c9160e6539125e06c66b22677b30e1ed0aad8c344173a6c30f97b14607f84244,c9160e65,ubuntu,quantum_circuit_qubit_sweep_codecarbon,70,-1,-1,True,DATA_REUPLOAD_5Q,PennyLane,0.42.3,default.qubit,DATA_REUPLOAD,5,4,61,16,40,20,16,CNOT_LINEAR,76,-0.13424854,0.533512,0.134249,0.690899,0.1625247051,5.208723981761269e-07,0,9.756202574741715e-07,1.4964926556502985e-06,5.507207520980301e-07,0.36800765,3.2.8,5,1,6,36.9175,0.89789559,2.49415e-07,33.14802853,Cortex-A53,4,4,24.7,1200.0,1,46.0,227.3438,0.88,Debian GNU/Linux 13 (trixie) aarch64,Linux,aarch64,3.10.20,0.6527777777777778,0.6756876663708962,0.6527777777777778,0.6410767696909273,0.6756876663708962,0.6527777777777778,0.6410767696909272
2026-07-06 02:44:52,c9160e6539125e06c66b22677b30e1ed0aad8c344173a6c30f97b14607f84244,c9160e65,ubuntu,quantum_circuit_qubit_sweep_codecarbon,71,-1,-1,True,DATA_REUPLOAD_5Q,PennyLane,0.42.3,default.qubit,DATA_REUPLOAD,5,4,61,16,40,20,16,CNOT_LINEAR,76,-0.42006579,0.603499,0.420066,0.671567,0.1601014889,5.198668769040331e-07,0,9.737395817258706e-07,1.4936064586299036e-06,5.496586095022922e-07,0.36800765,3.2.8,5,1,6,37.4762,0.89616388,2.48934e-07,33.58484226,Cortex-A53,4,4,24.4,1200.0,1,46.1,227.3438,0.88,Debian GNU/Linux 13 (trixie) aarch64,Linux,aarch64,3.10.20,0.6527777777777778,0.6756876663708962,0.6527777777777778,0.6410767696909273,0.6756876663708962,0.6527777777777778,0.6410767696909272
